/*
 * Generated font data derived from FontStruct CASIO-Calculator-Font Font Software.
 * Source: assets/fonts/casio-calculator-font.otf
 * FontStruct CASIO-Calculator-Font by TH3_C0N-MAN (https://fontstruct.com/fontstructions/show/1475969)
 * SPDX-License-Identifier: CC-BY-SA-3.0
 * Full licence: assets/fonts/LICENSES/CASIOCalculatorFont-CC-BY-SA-3.0.txt
 * Generator: lv_font_conv, invoked by scripts/generate_casio_math_font.sh
 * Regenerate: bash scripts/generate_casio_math_font.sh
 * DO NOT EDIT MANUALLY.
 */

/*******************************************************************************
 * Size: 12 px
 * Bpp: 4
 * Opts: --font assets/fonts/casio-calculator-font.otf --size 12 --bpp 4 --format lvgl --range 0x0021-0x007E,0x00B0-0x00FF,0x0391-0x03C9,0x2200-0x22FF,0x2A00-0x2AFF,0x2210-0x2213,0x222B-0x2233,0x2260-0x228B,0x2190-0x21FF,0x2000-0x206F,0x2070-0x209F,0x2100-0x214F,0x25A0-0x25FF,0x2900-0x297F --symbols ∂∞∫∬∮∑√∀∃∴∵⇒⇔¬∧∨∈∉⊂⊆∅≡≢⊄⊅⊇⊈→←↑↓↖↗↘↙≤≥≠±∓×⊗⊥∥∠≅≈≒≠≡≢αβγδεζηθικλμνξπρστυφχψωΑΒΓΔΕΖΗΘΙΚΛΜΝΞΠΡΣΤΥΦΧΨΩ∗□•… --no-compress -o src/fonts/casio_math_12.c
 ******************************************************************************/

#ifdef LV_LVGL_H_INCLUDE_SIMPLE
#include "lvgl.h"
#else
#include "lvgl.h"
#endif

#ifndef CASIO_MATH_12
#define CASIO_MATH_12 1
#endif

#if CASIO_MATH_12

/*-----------------
 *    BITMAPS
 *----------------*/

/*Store the image of the glyphs*/
static LV_ATTRIBUTE_LARGE_CONST const uint8_t glyph_bitmap[] = {
    /* U+0021 "!" */
    0x3f, 0xf3, 0x3f, 0xf3, 0x3f, 0xf3, 0x3f, 0xf3,
    0x3f, 0xf3, 0x3f, 0xf3, 0x3f, 0xf3, 0x3f, 0xf3,
    0x3f, 0xf3, 0x3f, 0xf3, 0x3f, 0xf3, 0x3f, 0xf3,
    0x0, 0x0, 0x0, 0x0, 0x16, 0x61, 0x3f, 0xf3,
    0x3f, 0xf3,

    /* U+0022 "\"" */
    0x9f, 0xc0, 0xc, 0xf9, 0x9f, 0xc0, 0xc, 0xf9,
    0x9f, 0xc0, 0xc, 0xf9, 0x9f, 0xc0, 0xc, 0xf9,
    0x9f, 0xc0, 0xc, 0xf9, 0x9f, 0xc0, 0xc, 0xf9,
    0x9f, 0xc0, 0xc, 0xf9, 0x13, 0x20, 0x2, 0x31,

    /* U+0023 "#" */
    0x0, 0x9f, 0xc0, 0xc, 0xf9, 0x0, 0x0, 0x9f,
    0xc0, 0xc, 0xf9, 0x0, 0x0, 0x9f, 0xc0, 0xc,
    0xf9, 0x0, 0x0, 0x9f, 0xc0, 0xc, 0xf9, 0x0,
    0x0, 0x9f, 0xc0, 0xc, 0xf9, 0x0, 0xff, 0xff,
    0xff, 0xff, 0xff, 0xff, 0xff, 0xff, 0xff, 0xff,
    0xff, 0xff, 0x66, 0xcf, 0xe6, 0x6e, 0xfc, 0x66,
    0x0, 0x9f, 0xc0, 0xc, 0xf9, 0x0, 0x0, 0x9f,
    0xc0, 0xc, 0xf9, 0x0, 0xff, 0xff, 0xff, 0xff,
    0xff, 0xff, 0xff, 0xff, 0xff, 0xff, 0xff, 0xff,
    0x66, 0xcf, 0xe6, 0x6e, 0xfc, 0x66, 0x0, 0x9f,
    0xc0, 0xc, 0xf9, 0x0, 0x0, 0x9f, 0xc0, 0xc,
    0xf9, 0x0, 0x0, 0x9f, 0xc0, 0xc, 0xf9, 0x0,
    0x0, 0x9f, 0xc0, 0xc, 0xf9, 0x0,

    /* U+0024 "$" */
    0x0, 0x0, 0x3f, 0xf3, 0x0, 0x0, 0x0, 0x0,
    0x3f, 0xf3, 0x0, 0x0, 0x0, 0x36, 0x8f, 0xf8,
    0x66, 0x66, 0x0, 0x9f, 0xff, 0xff, 0xff, 0xff,
    0x0, 0x9f, 0xff, 0xff, 0xff, 0xff, 0xff, 0x60,
    0x3f, 0xf3, 0x0, 0x0, 0xff, 0x60, 0x3f, 0xf3,
    0x0, 0x0, 0x66, 0x66, 0x8f, 0xf8, 0x63, 0x0,
    0x0, 0x9f, 0xff, 0xff, 0xf9, 0x0, 0x0, 0x9f,
    0xff, 0xff, 0xf9, 0x0, 0x0, 0x0, 0x3f, 0xf3,
    0x6, 0xff, 0x0, 0x0, 0x3f, 0xf3, 0x6, 0xff,
    0xff, 0xff, 0xff, 0xff, 0xf9, 0x0, 0xff, 0xff,
    0xff, 0xff, 0xf9, 0x0, 0x66, 0x66, 0x8f, 0xf8,
    0x63, 0x0, 0x0, 0x0, 0x3f, 0xf3, 0x0, 0x0,
    0x0, 0x0, 0x3f, 0xf3, 0x0, 0x0,

    /* U+0025 "%" */
    0xff, 0xff, 0xc0, 0x0, 0x0, 0x0, 0xff, 0xff,
    0xc0, 0x0, 0x0, 0x0, 0xff, 0xff, 0xc0, 0x0,
    0x3, 0x99, 0xff, 0xff, 0xc0, 0x0, 0x6, 0xff,
    0xcc, 0xcc, 0xa0, 0x0, 0x5, 0xcc, 0x0, 0x0,
    0x0, 0xc, 0xf9, 0x0, 0x0, 0x0, 0x0, 0xc,
    0xf9, 0x0, 0x0, 0x0, 0x16, 0x66, 0x63, 0x0,
    0x0, 0x0, 0x3f, 0xf3, 0x0, 0x0, 0x0, 0x0,
    0x3f, 0xf3, 0x0, 0x0, 0x0, 0x9f, 0xc0, 0x0,
    0x0, 0x0, 0x0, 0x9f, 0xc0, 0x0, 0x0, 0x0,
    0xcc, 0x73, 0x20, 0xa, 0xcc, 0xcc, 0xff, 0x60,
    0x0, 0xc, 0xff, 0xff, 0x99, 0x30, 0x0, 0xc,
    0xff, 0xff, 0x0, 0x0, 0x0, 0xc, 0xff, 0xff,
    0x0, 0x0, 0x0, 0xc, 0xff, 0xff,

    /* U+0026 "&" */
    0x0, 0x9f, 0xff, 0xf3, 0x0, 0x0, 0x0, 0x9f,
    0xff, 0xf3, 0x0, 0x0, 0x66, 0x66, 0x66, 0x66,
    0x63, 0x0, 0xff, 0x60, 0x0, 0xc, 0xf9, 0x0,
    0xff, 0x60, 0x0, 0xc, 0xf9, 0x0, 0xff, 0x60,
    0x3f, 0xf3, 0x0, 0x0, 0xff, 0x60, 0x3f, 0xf3,
    0x0, 0x0, 0x66, 0x66, 0x66, 0x61, 0x0, 0x0,
    0x0, 0x9f, 0xc0, 0x0, 0x0, 0x0, 0x0, 0x9f,
    0xc0, 0x0, 0x0, 0x0, 0xff, 0x60, 0x3f, 0xf3,
    0x6, 0xff, 0xff, 0x60, 0x3f, 0xf3, 0x6, 0xff,
    0xff, 0x60, 0x0, 0xc, 0xf9, 0x0, 0xff, 0x60,
    0x0, 0xc, 0xf9, 0x0, 0x66, 0x66, 0x66, 0x66,
    0x66, 0x66, 0x0, 0x9f, 0xff, 0xf3, 0x6, 0xff,
    0x0, 0x9f, 0xff, 0xf3, 0x6, 0xff,

    /* U+0027 "'" */
    0x9f, 0xff, 0xf3, 0x9f, 0xff, 0xf3, 0x36, 0x8f,
    0xf3, 0x0, 0x3f, 0xf3, 0x0, 0x3f, 0xf3, 0x9f,
    0xc0, 0x0, 0x9f, 0xc0, 0x0, 0x36, 0x50, 0x0,

    /* U+0028 "(" */
    0x0, 0x0, 0xc, 0xf9, 0x0, 0x0, 0xc, 0xf9,
    0x0, 0x16, 0x66, 0x63, 0x0, 0x3f, 0xf3, 0x0,
    0x0, 0x3f, 0xf3, 0x0, 0x9f, 0xc0, 0x0, 0x0,
    0x9f, 0xc0, 0x0, 0x0, 0x9f, 0xc0, 0x0, 0x0,
    0x9f, 0xc0, 0x0, 0x0, 0x9f, 0xc0, 0x0, 0x0,
    0x9f, 0xc0, 0x0, 0x0, 0x9f, 0xc0, 0x0, 0x0,
    0x13, 0x5f, 0xf3, 0x0, 0x0, 0x3f, 0xf3, 0x0,
    0x0, 0x16, 0x66, 0x63, 0x0, 0x0, 0xc, 0xf9,
    0x0, 0x0, 0xc, 0xf9,

    /* U+0029 ")" */
    0x9f, 0xc0, 0x0, 0x0, 0x9f, 0xc0, 0x0, 0x0,
    0x36, 0x66, 0x61, 0x0, 0x0, 0x3f, 0xf3, 0x0,
    0x0, 0x3f, 0xf3, 0x0, 0x0, 0x0, 0xc, 0xf9,
    0x0, 0x0, 0xc, 0xf9, 0x0, 0x0, 0xc, 0xf9,
    0x0, 0x0, 0xc, 0xf9, 0x0, 0x0, 0xc, 0xf9,
    0x0, 0x0, 0xc, 0xf9, 0x0, 0x0, 0xc, 0xf9,
    0x0, 0x3f, 0xf5, 0x31, 0x0, 0x3f, 0xf3, 0x0,
    0x36, 0x66, 0x61, 0x0, 0x9f, 0xc0, 0x0, 0x0,
    0x9f, 0xc0, 0x0, 0x0,

    /* U+002A "*" */
    0x0, 0x0, 0x16, 0x61, 0x0, 0x0, 0x0, 0x0,
    0x3f, 0xf3, 0x0, 0x0, 0x0, 0x0, 0x3f, 0xf3,
    0x0, 0x0, 0xff, 0x60, 0x3f, 0xf3, 0x6, 0xff,
    0xff, 0x60, 0x3f, 0xf3, 0x6, 0xff, 0x66, 0xac,
    0xdf, 0xfd, 0xca, 0x66, 0x0, 0x9f, 0xff, 0xff,
    0xf9, 0x0, 0x0, 0x9f, 0xff, 0xff, 0xf9, 0x0,
    0x0, 0x9f, 0xff, 0xff, 0xf9, 0x0, 0x0, 0x9f,
    0xff, 0xff, 0xf9, 0x0, 0xff, 0x60, 0x3f, 0xf3,
    0x6, 0xff, 0xff, 0x60, 0x3f, 0xf3, 0x6, 0xff,
    0x66, 0x20, 0x3f, 0xf3, 0x2, 0x66, 0x0, 0x0,
    0x3f, 0xf3, 0x0, 0x0, 0x0, 0x0, 0x3f, 0xf3,
    0x0, 0x0,

    /* U+002B "+" */
    0x0, 0x0, 0x3f, 0xf3, 0x0, 0x0, 0x0, 0x0,
    0x3f, 0xf3, 0x0, 0x0, 0x0, 0x0, 0x3f, 0xf3,
    0x0, 0x0, 0x0, 0x0, 0x3f, 0xf3, 0x0, 0x0,
    0x0, 0x0, 0x3f, 0xf3, 0x0, 0x0, 0xff, 0xff,
    0xff, 0xff, 0xff, 0xff, 0xff, 0xff, 0xff, 0xff,
    0xff, 0xff, 0x66, 0x66, 0x8f, 0xf8, 0x66, 0x66,
    0x0, 0x0, 0x3f, 0xf3, 0x0, 0x0, 0x0, 0x0,
    0x3f, 0xf3, 0x0, 0x0, 0x0, 0x0, 0x3f, 0xf3,
    0x0, 0x0, 0x0, 0x0, 0x3f, 0xf3, 0x0, 0x0,

    /* U+002C "," */
    0x9f, 0xff, 0xf3, 0x9f, 0xff, 0xf3, 0x36, 0x8f,
    0xf3, 0x0, 0x3f, 0xf3, 0x36, 0x79, 0x91, 0x9f,
    0xc0, 0x0, 0x9f, 0xc0, 0x0,

    /* U+002D "-" */
    0x66, 0x66, 0x66, 0x66, 0x66, 0x66, 0xff, 0xff,
    0xff, 0xff, 0xff, 0xff, 0xff, 0xff, 0xff, 0xff,
    0xff, 0xff,

    /* U+002E "." */
    0x7c, 0xcc, 0xc2, 0x9f, 0xff, 0xf3, 0x9f, 0xff,
    0xf3, 0x9f, 0xff, 0xf3, 0x9f, 0xff, 0xf3,

    /* U+002F "/" */
    0x0, 0x0, 0x0, 0x0, 0x2, 0x66, 0x0, 0x0,
    0x0, 0x0, 0x6, 0xff, 0x0, 0x0, 0x0, 0x0,
    0x6, 0xff, 0x0, 0x0, 0x0, 0xc, 0xf9, 0x0,
    0x0, 0x0, 0x0, 0xc, 0xf9, 0x0, 0x0, 0x0,
    0x16, 0x66, 0x63, 0x0, 0x0, 0x0, 0x3f, 0xf3,
    0x0, 0x0, 0x0, 0x0, 0x3f, 0xf3, 0x0, 0x0,
    0x0, 0x9f, 0xc0, 0x0, 0x0, 0x0, 0x0, 0x9f,
    0xc0, 0x0, 0x0, 0x0, 0xff, 0x60, 0x0, 0x0,
    0x0, 0x0, 0xff, 0x60, 0x0, 0x0, 0x0, 0x0,
    0x66, 0x20, 0x0, 0x0, 0x0, 0x0,

    /* U+0030 "0" */
    0x0, 0x9f, 0xff, 0xff, 0xf9, 0x0, 0x0, 0x9f,
    0xff, 0xff, 0xf9, 0x0, 0x0, 0x36, 0x66, 0x66,
    0x63, 0x0, 0xff, 0x60, 0x0, 0x0, 0x6, 0xff,
    0xff, 0x60, 0x0, 0x0, 0x6, 0xff, 0xff, 0x60,
    0x0, 0xc, 0xff, 0xff, 0xff, 0x60, 0x0, 0xc,
    0xff, 0xff, 0xff, 0x60, 0x16, 0x66, 0x6a, 0xff,
    0xff, 0x60, 0x3f, 0xf3, 0x6, 0xff, 0xff, 0x60,
    0x3f, 0xf3, 0x6, 0xff, 0xff, 0xff, 0xc0, 0x0,
    0x6, 0xff, 0xff, 0xff, 0xc0, 0x0, 0x6, 0xff,
    0xff, 0xa6, 0x50, 0x0, 0x6, 0xff, 0xff, 0x60,
    0x0, 0x0, 0x6, 0xff, 0x99, 0x76, 0x66, 0x66,
    0x67, 0x99, 0x0, 0x9f, 0xff, 0xff, 0xf9, 0x0,
    0x0, 0x9f, 0xff, 0xff, 0xf9, 0x0,

    /* U+0031 "1" */
    0x0, 0x3f, 0xf3, 0x0, 0x0, 0x3f, 0xf3, 0x0,
    0x36, 0x8f, 0xf3, 0x0, 0x9f, 0xff, 0xf3, 0x0,
    0x9f, 0xff, 0xf3, 0x0, 0x0, 0x3f, 0xf3, 0x0,
    0x0, 0x3f, 0xf3, 0x0, 0x0, 0x3f, 0xf3, 0x0,
    0x0, 0x3f, 0xf3, 0x0, 0x0, 0x3f, 0xf3, 0x0,
    0x0, 0x3f, 0xf3, 0x0, 0x0, 0x3f, 0xf3, 0x0,
    0x0, 0x3f, 0xf3, 0x0, 0x0, 0x3f, 0xf3, 0x0,
    0x36, 0x8f, 0xf8, 0x63, 0x9f, 0xff, 0xff, 0xf9,
    0x9f, 0xff, 0xff, 0xf9,

    /* U+0032 "2" */
    0x0, 0x9f, 0xff, 0xff, 0xf9, 0x0, 0x0, 0x9f,
    0xff, 0xff, 0xf9, 0x0, 0x0, 0x36, 0x66, 0x66,
    0x63, 0x0, 0xff, 0x60, 0x0, 0x0, 0x6, 0xff,
    0xff, 0x60, 0x0, 0x0, 0x6, 0xff, 0x66, 0x20,
    0x0, 0x0, 0x6, 0xff, 0x0, 0x0, 0x0, 0x0,
    0x6, 0xff, 0x0, 0x0, 0x0, 0x4, 0x67, 0x99,
    0x0, 0x0, 0x0, 0xc, 0xf9, 0x0, 0x0, 0x0,
    0x0, 0xc, 0xf9, 0x0, 0x0, 0x0, 0x3f, 0xf3,
    0x0, 0x0, 0x0, 0x0, 0x3f, 0xf3, 0x0, 0x0,
    0x0, 0x7c, 0xa3, 0x30, 0x0, 0x0, 0x0, 0x9f,
    0xc0, 0x0, 0x0, 0x0, 0x66, 0xcf, 0xe6, 0x66,
    0x66, 0x66, 0xff, 0xff, 0xff, 0xff, 0xff, 0xff,
    0xff, 0xff, 0xff, 0xff, 0xff, 0xff,

    /* U+0033 "3" */
    0xff, 0xff, 0xff, 0xff, 0xff, 0xff, 0xff, 0xff,
    0xff, 0xff, 0xff, 0xff, 0x66, 0x66, 0x66, 0x6e,
    0xfc, 0x66, 0x0, 0x0, 0x0, 0xc, 0xf9, 0x0,
    0x0, 0x0, 0x0, 0xc, 0xf9, 0x0, 0x0, 0x0,
    0x3f, 0xf3, 0x0, 0x0, 0x0, 0x0, 0x3f, 0xf3,
    0x0, 0x0, 0x0, 0x0, 0x16, 0x66, 0x63, 0x0,
    0x0, 0x0, 0x0, 0xc, 0xf9, 0x0, 0x0, 0x0,
    0x0, 0x7, 0x98, 0x66, 0x0, 0x0, 0x0, 0x0,
    0x6, 0xff, 0x0, 0x0, 0x0, 0x0, 0x6, 0xff,
    0xff, 0x60, 0x0, 0x0, 0x6, 0xff, 0xff, 0x60,
    0x0, 0x0, 0x6, 0xff, 0x66, 0x66, 0x66, 0x66,
    0x66, 0x66, 0x0, 0x9f, 0xff, 0xff, 0xf9, 0x0,
    0x0, 0x9f, 0xff, 0xff, 0xf9, 0x0,

    /* U+0034 "4" */
    0x0, 0x0, 0x0, 0xc, 0xf9, 0x0, 0x0, 0x0,
    0x0, 0xc, 0xf9, 0x0, 0x0, 0x0, 0x16, 0x6e,
    0xf9, 0x0, 0x0, 0x0, 0x3f, 0xff, 0xf9, 0x0,
    0x0, 0x0, 0x3f, 0xff, 0xf9, 0x0, 0x0, 0x9f,
    0xc0, 0xc, 0xf9, 0x0, 0x0, 0x9f, 0xc0, 0xc,
    0xf9, 0x0, 0x99, 0x76, 0x50, 0xc, 0xf9, 0x0,
    0xff, 0x60, 0x0, 0xc, 0xf9, 0x0, 0xff, 0x60,
    0x0, 0xc, 0xf9, 0x0, 0xff, 0xff, 0xff, 0xff,
    0xff, 0xff, 0xff, 0xff, 0xff, 0xff, 0xff, 0xff,
    0x66, 0x66, 0x66, 0x6e, 0xfc, 0x66, 0x0, 0x0,
    0x0, 0xc, 0xf9, 0x0, 0x0, 0x0, 0x0, 0xc,
    0xf9, 0x0, 0x0, 0x0, 0x0, 0xc, 0xf9, 0x0,
    0x0, 0x0, 0x0, 0xc, 0xf9, 0x0,

    /* U+0035 "5" */
    0xff, 0xff, 0xff, 0xff, 0xff, 0xff, 0xff, 0xff,
    0xff, 0xff, 0xff, 0xff, 0xff, 0xa6, 0x66, 0x66,
    0x66, 0x66, 0xff, 0x60, 0x0, 0x0, 0x0, 0x0,
    0xff, 0x60, 0x0, 0x0, 0x0, 0x0, 0xff, 0xff,
    0xff, 0xff, 0xf9, 0x0, 0xff, 0xff, 0xff, 0xff,
    0xf9, 0x0, 0x66, 0x66, 0x66, 0x66, 0x69, 0xcc,
    0x0, 0x0, 0x0, 0x0, 0x6, 0xff, 0x0, 0x0,
    0x0, 0x0, 0x6, 0xff, 0x0, 0x0, 0x0, 0x0,
    0x6, 0xff, 0x0, 0x0, 0x0, 0x0, 0x6, 0xff,
    0xff, 0x60, 0x0, 0x0, 0x6, 0xff, 0xff, 0x60,
    0x0, 0x0, 0x6, 0xff, 0x66, 0x66, 0x66, 0x66,
    0x66, 0x66, 0x0, 0x9f, 0xff, 0xff, 0xf9, 0x0,
    0x0, 0x9f, 0xff, 0xff, 0xf9, 0x0,

    /* U+0036 "6" */
    0x0, 0x0, 0x3f, 0xff, 0xf9, 0x0, 0x0, 0x0,
    0x3f, 0xff, 0xf9, 0x0, 0x0, 0x36, 0x66, 0x66,
    0x63, 0x0, 0x0, 0x9f, 0xc0, 0x0, 0x0, 0x0,
    0x0, 0x9f, 0xc0, 0x0, 0x0, 0x0, 0xff, 0x60,
    0x0, 0x0, 0x0, 0x0, 0xff, 0x60, 0x0, 0x0,
    0x0, 0x0, 0xff, 0xa6, 0x66, 0x66, 0x63, 0x0,
    0xff, 0xff, 0xff, 0xff, 0xf9, 0x0, 0xff, 0xec,
    0xcc, 0xcc, 0xc8, 0x33, 0xff, 0x60, 0x0, 0x0,
    0x6, 0xff, 0xff, 0x60, 0x0, 0x0, 0x6, 0xff,
    0xff, 0x60, 0x0, 0x0, 0x6, 0xff, 0xff, 0x60,
    0x0, 0x0, 0x6, 0xff, 0x99, 0x76, 0x66, 0x66,
    0x67, 0x99, 0x0, 0x9f, 0xff, 0xff, 0xf9, 0x0,
    0x0, 0x9f, 0xff, 0xff, 0xf9, 0x0,

    /* U+0037 "7" */
    0xff, 0xff, 0xff, 0xff, 0xff, 0xff, 0xff, 0xff,
    0xff, 0xff, 0xff, 0xff, 0x66, 0x66, 0x66, 0x66,
    0x6a, 0xff, 0x0, 0x0, 0x0, 0x0, 0x6, 0xff,
    0x0, 0x0, 0x0, 0x0, 0x6, 0xff, 0x0, 0x0,
    0x0, 0xc, 0xf9, 0x0, 0x0, 0x0, 0x0, 0xc,
    0xf9, 0x0, 0x0, 0x0, 0x19, 0x97, 0x63, 0x0,
    0x0, 0x0, 0x3f, 0xf3, 0x0, 0x0, 0x0, 0x0,
    0x3f, 0xf3, 0x0, 0x0, 0x0, 0x0, 0x3f, 0xf3,
    0x0, 0x0, 0x0, 0x0, 0x3f, 0xf3, 0x0, 0x0,
    0x0, 0x0, 0x3f, 0xf3, 0x0, 0x0, 0x0, 0x0,
    0x3f, 0xf3, 0x0, 0x0, 0x0, 0x0, 0x3f, 0xf3,
    0x0, 0x0, 0x0, 0x0, 0x3f, 0xf3, 0x0, 0x0,
    0x0, 0x0, 0x3f, 0xf3, 0x0, 0x0,

    /* U+0038 "8" */
    0x0, 0x9f, 0xff, 0xff, 0xf9, 0x0, 0x0, 0x9f,
    0xff, 0xff, 0xf9, 0x0, 0x0, 0x36, 0x66, 0x66,
    0x63, 0x0, 0xff, 0x60, 0x0, 0x0, 0x6, 0xff,
    0xff, 0x60, 0x0, 0x0, 0x6, 0xff, 0xff, 0x60,
    0x0, 0x0, 0x6, 0xff, 0xff, 0x60, 0x0, 0x0,
    0x6, 0xff, 0x99, 0x76, 0x66, 0x66, 0x67, 0x99,
    0x0, 0x9f, 0xff, 0xff, 0xf9, 0x0, 0x0, 0x9f,
    0xff, 0xff, 0xf9, 0x0, 0xff, 0x60, 0x0, 0x0,
    0x6, 0xff, 0xff, 0x60, 0x0, 0x0, 0x6, 0xff,
    0xff, 0x60, 0x0, 0x0, 0x6, 0xff, 0xff, 0x60,
    0x0, 0x0, 0x6, 0xff, 0x99, 0x76, 0x66, 0x66,
    0x67, 0x99, 0x0, 0x9f, 0xff, 0xff, 0xf9, 0x0,
    0x0, 0x9f, 0xff, 0xff, 0xf9, 0x0,

    /* U+0039 "9" */
    0x0, 0x9f, 0xff, 0xff, 0xf9, 0x0, 0x0, 0x9f,
    0xff, 0xff, 0xf9, 0x0, 0x99, 0x76, 0x66, 0x66,
    0x67, 0x99, 0xff, 0x60, 0x0, 0x0, 0x6, 0xff,
    0xff, 0x60, 0x0, 0x0, 0x6, 0xff, 0xff, 0x60,
    0x0, 0x0, 0x6, 0xff, 0xff, 0x60, 0x0, 0x0,
    0x6, 0xff, 0x33, 0x56, 0x66, 0x66, 0x6a, 0xff,
    0x0, 0x9f, 0xff, 0xff, 0xff, 0xff, 0x0, 0x9f,
    0xff, 0xff, 0xff, 0xff, 0x0, 0x0, 0x0, 0x0,
    0x6, 0xff, 0x0, 0x0, 0x0, 0x0, 0x6, 0xff,
    0x0, 0x0, 0x0, 0xc, 0xf9, 0x0, 0x0, 0x0,
    0x0, 0xc, 0xf9, 0x0, 0x0, 0x36, 0x66, 0x66,
    0x63, 0x0, 0x0, 0x9f, 0xff, 0xf3, 0x0, 0x0,
    0x0, 0x9f, 0xff, 0xf3, 0x0, 0x0,

    /* U+003A ":" */
    0x9f, 0xff, 0xf3, 0x9f, 0xff, 0xf3, 0x9f, 0xff,
    0xf3, 0x9f, 0xff, 0xf3, 0x7d, 0xdd, 0xd2, 0x0,
    0x0, 0x0, 0x0, 0x0, 0x0, 0x7c, 0xcc, 0xc2,
    0x9f, 0xff, 0xf3, 0x9f, 0xff, 0xf3, 0x9f, 0xff,
    0xf3, 0x9f, 0xff, 0xf3,

    /* U+003B ";" */
    0x9f, 0xff, 0xf3, 0x9f, 0xff, 0xf3, 0x9f, 0xff,
    0xf3, 0x9f, 0xff, 0xf3, 0x7d, 0xdd, 0xd2, 0x0,
    0x0, 0x0, 0x0, 0x0, 0x0, 0x9f, 0xff, 0xf3,
    0x9f, 0xff, 0xf3, 0x36, 0x8f, 0xf3, 0x0, 0x3f,
    0xf3, 0x36, 0x79, 0x91, 0x9f, 0xc0, 0x0, 0x9f,
    0xc0, 0x0,

    /* U+003C "<" */
    0x0, 0x0, 0x0, 0xc, 0xf9, 0x0, 0x0, 0x0,
    0xc, 0xf9, 0x0, 0x0, 0x16, 0x66, 0x63, 0x0,
    0x0, 0x3f, 0xf3, 0x0, 0x0, 0x0, 0x3f, 0xf3,
    0x0, 0x0, 0x9f, 0xc0, 0x0, 0x0, 0x0, 0x9f,
    0xc0, 0x0, 0x0, 0x66, 0x66, 0x50, 0x0, 0x0,
    0xff, 0x60, 0x0, 0x0, 0x0, 0xff, 0x60, 0x0,
    0x0, 0x0, 0x0, 0x9f, 0xc0, 0x0, 0x0, 0x0,
    0x9f, 0xc0, 0x0, 0x0, 0x0, 0x0, 0x3f, 0xf3,
    0x0, 0x0, 0x0, 0x3f, 0xf3, 0x0, 0x0, 0x0,
    0x16, 0x66, 0x63, 0x0, 0x0, 0x0, 0xc, 0xf9,
    0x0, 0x0, 0x0, 0xc, 0xf9,

    /* U+003D "=" */
    0xff, 0xff, 0xff, 0xff, 0xff, 0xff, 0xff, 0xff,
    0xff, 0xff, 0xff, 0xff, 0x66, 0x66, 0x66, 0x66,
    0x66, 0x66, 0x0, 0x0, 0x0, 0x0, 0x0, 0x0,
    0x0, 0x0, 0x0, 0x0, 0x0, 0x0, 0xff, 0xff,
    0xff, 0xff, 0xff, 0xff, 0xff, 0xff, 0xff, 0xff,
    0xff, 0xff, 0x66, 0x66, 0x66, 0x66, 0x66, 0x66,

    /* U+003E ">" */
    0x9f, 0xc0, 0x0, 0x0, 0x0, 0x9f, 0xc0, 0x0,
    0x0, 0x0, 0x36, 0x66, 0x61, 0x0, 0x0, 0x0,
    0x3f, 0xf3, 0x0, 0x0, 0x0, 0x3f, 0xf3, 0x0,
    0x0, 0x0, 0x0, 0xc, 0xf9, 0x0, 0x0, 0x0,
    0xc, 0xf9, 0x0, 0x0, 0x0, 0x5, 0x66, 0x66,
    0x0, 0x0, 0x0, 0x6, 0xff, 0x0, 0x0, 0x0,
    0x6, 0xff, 0x0, 0x0, 0xc, 0xf9, 0x0, 0x0,
    0x0, 0xc, 0xf9, 0x0, 0x0, 0x3f, 0xf3, 0x0,
    0x0, 0x0, 0x3f, 0xf3, 0x0, 0x0, 0x36, 0x66,
    0x61, 0x0, 0x0, 0x9f, 0xc0, 0x0, 0x0, 0x0,
    0x9f, 0xc0, 0x0, 0x0, 0x0,

    /* U+003F "?" */
    0x0, 0x9f, 0xff, 0xff, 0xf9, 0x0, 0x0, 0x9f,
    0xff, 0xff, 0xf9, 0x0, 0x0, 0x36, 0x66, 0x66,
    0x63, 0x0, 0xff, 0x60, 0x0, 0x0, 0x6, 0xff,
    0xff, 0x60, 0x0, 0x0, 0x6, 0xff, 0x66, 0x20,
    0x0, 0x0, 0x6, 0xff, 0x0, 0x0, 0x0, 0x0,
    0x6, 0xff, 0x0, 0x0, 0x0, 0x4, 0x67, 0x99,
    0x0, 0x0, 0x0, 0xc, 0xf9, 0x0, 0x0, 0x0,
    0x0, 0xc, 0xf9, 0x0, 0x0, 0x0, 0x3f, 0xf3,
    0x0, 0x0, 0x0, 0x0, 0x3f, 0xf3, 0x0, 0x0,
    0x0, 0x0, 0x16, 0x61, 0x0, 0x0, 0x0, 0x0,
    0x0, 0x0, 0x0, 0x0, 0x0, 0x0, 0x16, 0x61,
    0x0, 0x0, 0x0, 0x0, 0x3f, 0xf3, 0x0, 0x0,
    0x0, 0x0, 0x3f, 0xf3, 0x0, 0x0,

    /* U+0040 "@" */
    0x0, 0x9f, 0xff, 0xff, 0xf9, 0x0, 0x0, 0x9f,
    0xff, 0xff, 0xf9, 0x0, 0x66, 0x66, 0x66, 0x66,
    0x66, 0x66, 0xff, 0x60, 0x0, 0x0, 0x6, 0xff,
    0xff, 0x60, 0x0, 0x0, 0x6, 0xff, 0x0, 0x0,
    0x0, 0x0, 0x6, 0xff, 0x0, 0x0, 0x0, 0x0,
    0x6, 0xff, 0x0, 0x36, 0x66, 0x61, 0x6, 0xff,
    0x0, 0x9f, 0xff, 0xf3, 0x6, 0xff, 0x0, 0x9f,
    0xff, 0xf3, 0x6, 0xff, 0xff, 0x60, 0x3f, 0xf3,
    0x6, 0xff, 0xff, 0x60, 0x3f, 0xf3, 0x6, 0xff,
    0xff, 0x60, 0x3f, 0xf3, 0x6, 0xff, 0xff, 0x60,
    0x3f, 0xf3, 0x6, 0xff, 0x99, 0x76, 0x8f, 0xf8,
    0x67, 0x99, 0x0, 0x9f, 0xff, 0xff, 0xf9, 0x0,
    0x0, 0x9f, 0xff, 0xff, 0xf9, 0x0,

    /* U+0041 "A" */
    0x0, 0x9f, 0xff, 0xff, 0xf9, 0x0, 0x0, 0x9f,
    0xff, 0xff, 0xf9, 0x0, 0x66, 0x66, 0x66, 0x66,
    0x66, 0x66, 0xff, 0x60, 0x0, 0x0, 0x6, 0xff,
    0xff, 0x60, 0x0, 0x0, 0x6, 0xff, 0xff, 0x60,
    0x0, 0x0, 0x6, 0xff, 0xff, 0x60, 0x0, 0x0,
    0x6, 0xff, 0xff, 0xa6, 0x66, 0x66, 0x6a, 0xff,
    0xff, 0xff, 0xff, 0xff, 0xff, 0xff, 0xff, 0xff,
    0xff, 0xff, 0xff, 0xff, 0xff, 0x60, 0x0, 0x0,
    0x6, 0xff, 0xff, 0x60, 0x0, 0x0, 0x6, 0xff,
    0xff, 0x60, 0x0, 0x0, 0x6, 0xff, 0xff, 0x60,
    0x0, 0x0, 0x6, 0xff, 0xff, 0x60, 0x0, 0x0,
    0x6, 0xff, 0xff, 0x60, 0x0, 0x0, 0x6, 0xff,
    0xff, 0x60, 0x0, 0x0, 0x6, 0xff,

    /* U+0042 "B" */
    0xff, 0xff, 0xff, 0xff, 0xf9, 0x0, 0xff, 0xff,
    0xff, 0xff, 0xf9, 0x0, 0xff, 0xa6, 0x66, 0x66,
    0x63, 0x0, 0xff, 0x60, 0x0, 0x0, 0x6, 0xff,
    0xff, 0x60, 0x0, 0x0, 0x6, 0xff, 0xff, 0x60,
    0x0, 0x0, 0x6, 0xff, 0xff, 0x60, 0x0, 0x0,
    0x6, 0xff, 0xff, 0xa6, 0x66, 0x66, 0x67, 0x99,
    0xff, 0xff, 0xff, 0xff, 0xf9, 0x0, 0xff, 0xff,
    0xff, 0xff, 0xf9, 0x0, 0xff, 0x60, 0x0, 0x0,
    0x6, 0xff, 0xff, 0x60, 0x0, 0x0, 0x6, 0xff,
    0xff, 0x60, 0x0, 0x0, 0x6, 0xff, 0xff, 0x60,
    0x0, 0x0, 0x6, 0xff, 0xff, 0xa6, 0x66, 0x66,
    0x67, 0x99, 0xff, 0xff, 0xff, 0xff, 0xf9, 0x0,
    0xff, 0xff, 0xff, 0xff, 0xf9, 0x0,

    /* U+0043 "C" */
    0x0, 0x9f, 0xff, 0xff, 0xf9, 0x0, 0x0, 0x9f,
    0xff, 0xff, 0xf9, 0x0, 0x66, 0x66, 0x66, 0x66,
    0x66, 0x66, 0xff, 0x60, 0x0, 0x0, 0x6, 0xff,
    0xff, 0x60, 0x0, 0x0, 0x6, 0xff, 0xff, 0x60,
    0x0, 0x0, 0x0, 0x0, 0xff, 0x60, 0x0, 0x0,
    0x0, 0x0, 0xff, 0x60, 0x0, 0x0, 0x0, 0x0,
    0xff, 0x60, 0x0, 0x0, 0x0, 0x0, 0xff, 0x60,
    0x0, 0x0, 0x0, 0x0, 0xff, 0x60, 0x0, 0x0,
    0x0, 0x0, 0xff, 0x60, 0x0, 0x0, 0x0, 0x0,
    0xff, 0x60, 0x0, 0x0, 0x6, 0xff, 0xff, 0x60,
    0x0, 0x0, 0x6, 0xff, 0x66, 0x66, 0x66, 0x66,
    0x66, 0x66, 0x0, 0x9f, 0xff, 0xff, 0xf9, 0x0,
    0x0, 0x9f, 0xff, 0xff, 0xf9, 0x0,

    /* U+0044 "D" */
    0xff, 0xff, 0xff, 0xf3, 0x0, 0x0, 0xff, 0xff,
    0xff, 0xf3, 0x0, 0x0, 0xff, 0xa6, 0x66, 0x66,
    0x63, 0x0, 0xff, 0x60, 0x0, 0xc, 0xf9, 0x0,
    0xff, 0x60, 0x0, 0xc, 0xf9, 0x0, 0xff, 0x60,
    0x0, 0x0, 0x6, 0xff, 0xff, 0x60, 0x0, 0x0,
    0x6, 0xff, 0xff, 0x60, 0x0, 0x0, 0x6, 0xff,
    0xff, 0x60, 0x0, 0x0, 0x6, 0xff, 0xff, 0x60,
    0x0, 0x0, 0x6, 0xff, 0xff, 0x60, 0x0, 0x0,
    0x6, 0xff, 0xff, 0x60, 0x0, 0x0, 0x6, 0xff,
    0xff, 0x60, 0x0, 0xc, 0xfa, 0x33, 0xff, 0x60,
    0x0, 0xc, 0xf9, 0x0, 0xff, 0xa6, 0x66, 0x66,
    0x63, 0x0, 0xff, 0xff, 0xff, 0xf3, 0x0, 0x0,
    0xff, 0xff, 0xff, 0xf3, 0x0, 0x0,

    /* U+0045 "E" */
    0xff, 0xff, 0xff, 0xff, 0xff, 0xff, 0xff, 0xff,
    0xff, 0xff, 0xff, 0xff, 0xff, 0xa6, 0x66, 0x66,
    0x66, 0x66, 0xff, 0x60, 0x0, 0x0, 0x0, 0x0,
    0xff, 0x60, 0x0, 0x0, 0x0, 0x0, 0xff, 0x60,
    0x0, 0x0, 0x0, 0x0, 0xff, 0x60, 0x0, 0x0,
    0x0, 0x0, 0xff, 0xa6, 0x66, 0x66, 0x63, 0x0,
    0xff, 0xff, 0xff, 0xff, 0xf9, 0x0, 0xff, 0xff,
    0xff, 0xff, 0xf9, 0x0, 0xff, 0x60, 0x0, 0x0,
    0x0, 0x0, 0xff, 0x60, 0x0, 0x0, 0x0, 0x0,
    0xff, 0x60, 0x0, 0x0, 0x0, 0x0, 0xff, 0x60,
    0x0, 0x0, 0x0, 0x0, 0xff, 0xa6, 0x66, 0x66,
    0x66, 0x66, 0xff, 0xff, 0xff, 0xff, 0xff, 0xff,
    0xff, 0xff, 0xff, 0xff, 0xff, 0xff,

    /* U+0046 "F" */
    0xff, 0xff, 0xff, 0xff, 0xff, 0xff, 0xff, 0xff,
    0xff, 0xff, 0xff, 0xff, 0xff, 0xa6, 0x66, 0x66,
    0x66, 0x66, 0xff, 0x60, 0x0, 0x0, 0x0, 0x0,
    0xff, 0x60, 0x0, 0x0, 0x0, 0x0, 0xff, 0x60,
    0x0, 0x0, 0x0, 0x0, 0xff, 0x60, 0x0, 0x0,
    0x0, 0x0, 0xff, 0xa6, 0x66, 0x66, 0x63, 0x0,
    0xff, 0xff, 0xff, 0xff, 0xf9, 0x0, 0xff, 0xff,
    0xff, 0xff, 0xf9, 0x0, 0xff, 0x60, 0x0, 0x0,
    0x0, 0x0, 0xff, 0x60, 0x0, 0x0, 0x0, 0x0,
    0xff, 0x60, 0x0, 0x0, 0x0, 0x0, 0xff, 0x60,
    0x0, 0x0, 0x0, 0x0, 0xff, 0x60, 0x0, 0x0,
    0x0, 0x0, 0xff, 0x60, 0x0, 0x0, 0x0, 0x0,
    0xff, 0x60, 0x0, 0x0, 0x0, 0x0,

    /* U+0047 "G" */
    0x0, 0x9f, 0xff, 0xff, 0xf9, 0x0, 0x0, 0x9f,
    0xff, 0xff, 0xf9, 0x0, 0x0, 0x36, 0x66, 0x66,
    0x63, 0x0, 0xff, 0x60, 0x0, 0x0, 0x6, 0xff,
    0xff, 0x60, 0x0, 0x0, 0x6, 0xff, 0xff, 0x60,
    0x0, 0x0, 0x2, 0x66, 0xff, 0x60, 0x0, 0x0,
    0x0, 0x0, 0xff, 0x60, 0x16, 0x66, 0x66, 0x66,
    0xff, 0x60, 0x3f, 0xff, 0xff, 0xff, 0xff, 0x60,
    0x3f, 0xff, 0xff, 0xff, 0xff, 0x60, 0x0, 0x0,
    0x6, 0xff, 0xff, 0x60, 0x0, 0x0, 0x6, 0xff,
    0xff, 0x60, 0x0, 0x0, 0x6, 0xff, 0xff, 0x60,
    0x0, 0x0, 0x6, 0xff, 0x99, 0x76, 0x66, 0x66,
    0x6a, 0xff, 0x0, 0x9f, 0xff, 0xff, 0xff, 0xff,
    0x0, 0x9f, 0xff, 0xff, 0xff, 0xff,

    /* U+0048 "H" */
    0xff, 0x60, 0x0, 0x0, 0x6, 0xff, 0xff, 0x60,
    0x0, 0x0, 0x6, 0xff, 0xff, 0x60, 0x0, 0x0,
    0x6, 0xff, 0xff, 0x60, 0x0, 0x0, 0x6, 0xff,
    0xff, 0x60, 0x0, 0x0, 0x6, 0xff, 0xff, 0x60,
    0x0, 0x0, 0x6, 0xff, 0xff, 0x60, 0x0, 0x0,
    0x6, 0xff, 0xff, 0xa6, 0x66, 0x66, 0x6a, 0xff,
    0xff, 0xff, 0xff, 0xff, 0xff, 0xff, 0xff, 0xff,
    0xff, 0xff, 0xff, 0xff, 0xff, 0x60, 0x0, 0x0,
    0x6, 0xff, 0xff, 0x60, 0x0, 0x0, 0x6, 0xff,
    0xff, 0x60, 0x0, 0x0, 0x6, 0xff, 0xff, 0x60,
    0x0, 0x0, 0x6, 0xff, 0xff, 0x60, 0x0, 0x0,
    0x6, 0xff, 0xff, 0x60, 0x0, 0x0, 0x6, 0xff,
    0xff, 0x60, 0x0, 0x0, 0x6, 0xff,

    /* U+0049 "I" */
    0x9f, 0xff, 0xff, 0xf9, 0x9f, 0xff, 0xff, 0xf9,
    0x36, 0x8f, 0xf8, 0x63, 0x0, 0x3f, 0xf3, 0x0,
    0x0, 0x3f, 0xf3, 0x0, 0x0, 0x3f, 0xf3, 0x0,
    0x0, 0x3f, 0xf3, 0x0, 0x0, 0x3f, 0xf3, 0x0,
    0x0, 0x3f, 0xf3, 0x0, 0x0, 0x3f, 0xf3, 0x0,
    0x0, 0x3f, 0xf3, 0x0, 0x0, 0x3f, 0xf3, 0x0,
    0x0, 0x3f, 0xf3, 0x0, 0x0, 0x3f, 0xf3, 0x0,
    0x36, 0x8f, 0xf8, 0x63, 0x9f, 0xff, 0xff, 0xf9,
    0x9f, 0xff, 0xff, 0xf9,

    /* U+004A "J" */
    0x0, 0x0, 0x3f, 0xff, 0xff, 0xff, 0x0, 0x0,
    0x3f, 0xff, 0xff, 0xff, 0x0, 0x0, 0x16, 0x6e,
    0xfc, 0x66, 0x0, 0x0, 0x0, 0xc, 0xf9, 0x0,
    0x0, 0x0, 0x0, 0xc, 0xf9, 0x0, 0x0, 0x0,
    0x0, 0xc, 0xf9, 0x0, 0x0, 0x0, 0x0, 0xc,
    0xf9, 0x0, 0x0, 0x0, 0x0, 0xc, 0xf9, 0x0,
    0x0, 0x0, 0x0, 0xc, 0xf9, 0x0, 0x0, 0x0,
    0x0, 0xc, 0xf9, 0x0, 0x0, 0x0, 0x0, 0xc,
    0xf9, 0x0, 0x0, 0x0, 0x0, 0xc, 0xf9, 0x0,
    0xff, 0x60, 0x0, 0xc, 0xf9, 0x0, 0xff, 0x60,
    0x0, 0xc, 0xf9, 0x0, 0x66, 0x66, 0x66, 0x66,
    0x63, 0x0, 0x0, 0x9f, 0xff, 0xf3, 0x0, 0x0,
    0x0, 0x9f, 0xff, 0xf3, 0x0, 0x0,

    /* U+004B "K" */
    0xff, 0x60, 0x0, 0x0, 0x6, 0xff, 0xff, 0x60,
    0x0, 0x0, 0x6, 0xff, 0xff, 0x60, 0x0, 0x5,
    0x66, 0x66, 0xff, 0x60, 0x0, 0xc, 0xf9, 0x0,
    0xff, 0x60, 0x0, 0xc, 0xf9, 0x0, 0xff, 0x60,
    0x3f, 0xf3, 0x0, 0x0, 0xff, 0x60, 0x3f, 0xf3,
    0x0, 0x0, 0xff, 0xa6, 0x66, 0x61, 0x0, 0x0,
    0xff, 0xff, 0xc0, 0x0, 0x0, 0x0, 0xff, 0xff,
    0xc0, 0x0, 0x0, 0x0, 0xff, 0x60, 0x3f, 0xf3,
    0x0, 0x0, 0xff, 0x60, 0x3f, 0xf3, 0x0, 0x0,
    0xff, 0x60, 0x0, 0xc, 0xf9, 0x0, 0xff, 0x60,
    0x0, 0xc, 0xf9, 0x0, 0xff, 0x60, 0x0, 0x4,
    0x66, 0x66, 0xff, 0x60, 0x0, 0x0, 0x6, 0xff,
    0xff, 0x60, 0x0, 0x0, 0x6, 0xff,

    /* U+004C "L" */
    0xff, 0x60, 0x0, 0x0, 0x0, 0x0, 0xff, 0x60,
    0x0, 0x0, 0x0, 0x0, 0xff, 0x60, 0x0, 0x0,
    0x0, 0x0, 0xff, 0x60, 0x0, 0x0, 0x0, 0x0,
    0xff, 0x60, 0x0, 0x0, 0x0, 0x0, 0xff, 0x60,
    0x0, 0x0, 0x0, 0x0, 0xff, 0x60, 0x0, 0x0,
    0x0, 0x0, 0xff, 0x60, 0x0, 0x0, 0x0, 0x0,
    0xff, 0x60, 0x0, 0x0, 0x0, 0x0, 0xff, 0x60,
    0x0, 0x0, 0x0, 0x0, 0xff, 0x60, 0x0, 0x0,
    0x0, 0x0, 0xff, 0x60, 0x0, 0x0, 0x0, 0x0,
    0xff, 0x60, 0x0, 0x0, 0x0, 0x0, 0xff, 0x60,
    0x0, 0x0, 0x0, 0x0, 0xff, 0xa6, 0x66, 0x66,
    0x66, 0x66, 0xff, 0xff, 0xff, 0xff, 0xff, 0xff,
    0xff, 0xff, 0xff, 0xff, 0xff, 0xff,

    /* U+004D "M" */
    0xff, 0x60, 0x0, 0x0, 0x6, 0xff, 0xff, 0x60,
    0x0, 0x0, 0x6, 0xff, 0xff, 0xa6, 0x50, 0x5,
    0x6a, 0xff, 0xff, 0xff, 0xc0, 0xc, 0xff, 0xff,
    0xff, 0xff, 0xc0, 0xc, 0xff, 0xff, 0xff, 0x60,
    0x3f, 0xf3, 0x6, 0xff, 0xff, 0x60, 0x3f, 0xf3,
    0x6, 0xff, 0xff, 0x60, 0x3f, 0xf3, 0x6, 0xff,
    0xff, 0x60, 0x3f, 0xf3, 0x6, 0xff, 0xff, 0x60,
    0x2c, 0xc2, 0x6, 0xff, 0xff, 0x60, 0x0, 0x0,
    0x6, 0xff, 0xff, 0x60, 0x0, 0x0, 0x6, 0xff,
    0xff, 0x60, 0x0, 0x0, 0x6, 0xff, 0xff, 0x60,
    0x0, 0x0, 0x6, 0xff, 0xff, 0x60, 0x0, 0x0,
    0x6, 0xff, 0xff, 0x60, 0x0, 0x0, 0x6, 0xff,
    0xff, 0x60, 0x0, 0x0, 0x6, 0xff,

    /* U+004E "N" */
    0xff, 0x60, 0x0, 0x0, 0x6, 0xff, 0xff, 0x60,
    0x0, 0x0, 0x6, 0xff, 0xff, 0x60, 0x0, 0x0,
    0x6, 0xff, 0xff, 0x60, 0x0, 0x0, 0x6, 0xff,
    0xff, 0x60, 0x0, 0x0, 0x6, 0xff, 0xff, 0xff,
    0xc0, 0x0, 0x6, 0xff, 0xff, 0xff, 0xc0, 0x0,
    0x6, 0xff, 0xff, 0xa6, 0x66, 0x61, 0x6, 0xff,
    0xff, 0x60, 0x3f, 0xf3, 0x6, 0xff, 0xff, 0x60,
    0x3f, 0xf3, 0x6, 0xff, 0xff, 0x60, 0x0, 0xc,
    0xff, 0xff, 0xff, 0x60, 0x0, 0xc, 0xff, 0xff,
    0xff, 0x60, 0x0, 0x5, 0x6a, 0xff, 0xff, 0x60,
    0x0, 0x0, 0x6, 0xff, 0xff, 0x60, 0x0, 0x0,
    0x6, 0xff, 0xff, 0x60, 0x0, 0x0, 0x6, 0xff,
    0xff, 0x60, 0x0, 0x0, 0x6, 0xff,

    /* U+004F "O" */
    0x0, 0x9f, 0xff, 0xff, 0xf9, 0x0, 0x0, 0x9f,
    0xff, 0xff, 0xf9, 0x0, 0x0, 0x36, 0x66, 0x66,
    0x63, 0x0, 0xff, 0x60, 0x0, 0x0, 0x6, 0xff,
    0xff, 0x60, 0x0, 0x0, 0x6, 0xff, 0xff, 0x60,
    0x0, 0x0, 0x6, 0xff, 0xff, 0x60, 0x0, 0x0,
    0x6, 0xff, 0xff, 0x60, 0x0, 0x0, 0x6, 0xff,
    0xff, 0x60, 0x0, 0x0, 0x6, 0xff, 0xff, 0x60,
    0x0, 0x0, 0x6, 0xff, 0xff, 0x60, 0x0, 0x0,
    0x6, 0xff, 0xff, 0x60, 0x0, 0x0, 0x6, 0xff,
    0xff, 0x60, 0x0, 0x0, 0x6, 0xff, 0xff, 0x60,
    0x0, 0x0, 0x6, 0xff, 0x99, 0x76, 0x66, 0x66,
    0x67, 0x99, 0x0, 0x9f, 0xff, 0xff, 0xf9, 0x0,
    0x0, 0x9f, 0xff, 0xff, 0xf9, 0x0,

    /* U+0050 "P" */
    0xff, 0xff, 0xff, 0xff, 0xf9, 0x0, 0xff, 0xff,
    0xff, 0xff, 0xf9, 0x0, 0xff, 0xa6, 0x66, 0x66,
    0x63, 0x0, 0xff, 0x60, 0x0, 0x0, 0x6, 0xff,
    0xff, 0x60, 0x0, 0x0, 0x6, 0xff, 0xff, 0x60,
    0x0, 0x0, 0x6, 0xff, 0xff, 0x60, 0x0, 0x0,
    0x6, 0xff, 0xff, 0xa6, 0x66, 0x66, 0x67, 0x99,
    0xff, 0xff, 0xff, 0xff, 0xf9, 0x0, 0xff, 0xff,
    0xff, 0xff, 0xf9, 0x0, 0xff, 0x60, 0x0, 0x0,
    0x0, 0x0, 0xff, 0x60, 0x0, 0x0, 0x0, 0x0,
    0xff, 0x60, 0x0, 0x0, 0x0, 0x0, 0xff, 0x60,
    0x0, 0x0, 0x0, 0x0, 0xff, 0x60, 0x0, 0x0,
    0x0, 0x0, 0xff, 0x60, 0x0, 0x0, 0x0, 0x0,
    0xff, 0x60, 0x0, 0x0, 0x0, 0x0,

    /* U+0051 "Q" */
    0x0, 0x9f, 0xff, 0xff, 0xf9, 0x0, 0x0, 0x9f,
    0xff, 0xff, 0xf9, 0x0, 0x99, 0x76, 0x66, 0x66,
    0x67, 0x99, 0xff, 0x60, 0x0, 0x0, 0x6, 0xff,
    0xff, 0x60, 0x0, 0x0, 0x6, 0xff, 0xff, 0x60,
    0x0, 0x0, 0x6, 0xff, 0xff, 0x60, 0x0, 0x0,
    0x6, 0xff, 0xff, 0x60, 0x0, 0x0, 0x6, 0xff,
    0xff, 0x60, 0x0, 0x0, 0x6, 0xff, 0xff, 0x60,
    0x0, 0x0, 0x6, 0xff, 0xff, 0x60, 0x3f, 0xf3,
    0x6, 0xff, 0xff, 0x60, 0x3f, 0xf3, 0x6, 0xff,
    0xff, 0x60, 0x0, 0xc, 0xf9, 0x0, 0xff, 0x60,
    0x0, 0xc, 0xf9, 0x0, 0x66, 0x66, 0x66, 0x66,
    0x66, 0x66, 0x0, 0x9f, 0xff, 0xf3, 0x6, 0xff,
    0x0, 0x9f, 0xff, 0xf3, 0x6, 0xff,

    /* U+0052 "R" */
    0xff, 0xff, 0xff, 0xff, 0xf9, 0x0, 0xff, 0xff,
    0xff, 0xff, 0xf9, 0x0, 0xff, 0xa6, 0x66, 0x66,
    0x63, 0x0, 0xff, 0x60, 0x0, 0x0, 0x6, 0xff,
    0xff, 0x60, 0x0, 0x0, 0x6, 0xff, 0xff, 0x60,
    0x0, 0x0, 0x6, 0xff, 0xff, 0x60, 0x0, 0x0,
    0x6, 0xff, 0xff, 0xa6, 0x66, 0x66, 0x67, 0x99,
    0xff, 0xff, 0xff, 0xff, 0xf9, 0x0, 0xff, 0xff,
    0xff, 0xff, 0xf9, 0x0, 0xff, 0x60, 0x3f, 0xf3,
    0x0, 0x0, 0xff, 0x60, 0x3f, 0xf3, 0x0, 0x0,
    0xff, 0x60, 0x0, 0xc, 0xf9, 0x0, 0xff, 0x60,
    0x0, 0xc, 0xf9, 0x0, 0xff, 0x60, 0x0, 0x4,
    0x66, 0x66, 0xff, 0x60, 0x0, 0x0, 0x6, 0xff,
    0xff, 0x60, 0x0, 0x0, 0x6, 0xff,

    /* U+0053 "S" */
    0x0, 0x9f, 0xff, 0xff, 0xf9, 0x0, 0x0, 0x9f,
    0xff, 0xff, 0xf9, 0x0, 0x0, 0x36, 0x66, 0x66,
    0x63, 0x0, 0xff, 0x60, 0x0, 0x0, 0x6, 0xff,
    0xff, 0x60, 0x0, 0x0, 0x6, 0xff, 0xff, 0x60,
    0x0, 0x0, 0x2, 0x66, 0xff, 0x60, 0x0, 0x0,
    0x0, 0x0, 0x99, 0x76, 0x66, 0x66, 0x63, 0x0,
    0x0, 0x9f, 0xff, 0xff, 0xf9, 0x0, 0x0, 0x59,
    0x99, 0x99, 0x98, 0x66, 0x0, 0x0, 0x0, 0x0,
    0x6, 0xff, 0x0, 0x0, 0x0, 0x0, 0x6, 0xff,
    0xff, 0x60, 0x0, 0x0, 0x6, 0xff, 0xff, 0x60,
    0x0, 0x0, 0x6, 0xff, 0x66, 0x66, 0x66, 0x66,
    0x66, 0x66, 0x0, 0x9f, 0xff, 0xff, 0xf9, 0x0,
    0x0, 0x9f, 0xff, 0xff, 0xf9, 0x0,

    /* U+0054 "T" */
    0xff, 0xff, 0xff, 0xff, 0xff, 0xff, 0xff, 0xff,
    0xff, 0xff, 0xff, 0xff, 0x66, 0x66, 0x8f, 0xf8,
    0x66, 0x66, 0x0, 0x0, 0x3f, 0xf3, 0x0, 0x0,
    0x0, 0x0, 0x3f, 0xf3, 0x0, 0x0, 0x0, 0x0,
    0x3f, 0xf3, 0x0, 0x0, 0x0, 0x0, 0x3f, 0xf3,
    0x0, 0x0, 0x0, 0x0, 0x3f, 0xf3, 0x0, 0x0,
    0x0, 0x0, 0x3f, 0xf3, 0x0, 0x0, 0x0, 0x0,
    0x3f, 0xf3, 0x0, 0x0, 0x0, 0x0, 0x3f, 0xf3,
    0x0, 0x0, 0x0, 0x0, 0x3f, 0xf3, 0x0, 0x0,
    0x0, 0x0, 0x3f, 0xf3, 0x0, 0x0, 0x0, 0x0,
    0x3f, 0xf3, 0x0, 0x0, 0x0, 0x0, 0x3f, 0xf3,
    0x0, 0x0, 0x0, 0x0, 0x3f, 0xf3, 0x0, 0x0,
    0x0, 0x0, 0x3f, 0xf3, 0x0, 0x0,

    /* U+0055 "U" */
    0xff, 0x60, 0x0, 0x0, 0x6, 0xff, 0xff, 0x60,
    0x0, 0x0, 0x6, 0xff, 0xff, 0x60, 0x0, 0x0,
    0x6, 0xff, 0xff, 0x60, 0x0, 0x0, 0x6, 0xff,
    0xff, 0x60, 0x0, 0x0, 0x6, 0xff, 0xff, 0x60,
    0x0, 0x0, 0x6, 0xff, 0xff, 0x60, 0x0, 0x0,
    0x6, 0xff, 0xff, 0x60, 0x0, 0x0, 0x6, 0xff,
    0xff, 0x60, 0x0, 0x0, 0x6, 0xff, 0xff, 0x60,
    0x0, 0x0, 0x6, 0xff, 0xff, 0x60, 0x0, 0x0,
    0x6, 0xff, 0xff, 0x60, 0x0, 0x0, 0x6, 0xff,
    0xff, 0x60, 0x0, 0x0, 0x6, 0xff, 0xff, 0x60,
    0x0, 0x0, 0x6, 0xff, 0x66, 0x66, 0x66, 0x66,
    0x66, 0x66, 0x0, 0x9f, 0xff, 0xff, 0xf9, 0x0,
    0x0, 0x9f, 0xff, 0xff, 0xf9, 0x0,

    /* U+0056 "V" */
    0xff, 0x60, 0x0, 0x0, 0x6, 0xff, 0xff, 0x60,
    0x0, 0x0, 0x6, 0xff, 0xff, 0x60, 0x0, 0x0,
    0x6, 0xff, 0xff, 0x60, 0x0, 0x0, 0x6, 0xff,
    0xff, 0x60, 0x0, 0x0, 0x6, 0xff, 0xff, 0x60,
    0x0, 0x0, 0x6, 0xff, 0xff, 0x60, 0x0, 0x0,
    0x6, 0xff, 0xff, 0x60, 0x0, 0x0, 0x6, 0xff,
    0xff, 0x60, 0x0, 0x0, 0x6, 0xff, 0xff, 0x60,
    0x0, 0x0, 0x6, 0xff, 0xff, 0x60, 0x0, 0x0,
    0x6, 0xff, 0xff, 0x60, 0x0, 0x0, 0x6, 0xff,
    0x0, 0x9f, 0xc0, 0xc, 0xf9, 0x0, 0x0, 0x9f,
    0xc0, 0xc, 0xf9, 0x0, 0x0, 0x36, 0x66, 0x66,
    0x63, 0x0, 0x0, 0x0, 0x3f, 0xf3, 0x0, 0x0,
    0x0, 0x0, 0x3f, 0xf3, 0x0, 0x0,

    /* U+0057 "W" */
    0xff, 0x60, 0x0, 0x0, 0x6, 0xff, 0xff, 0x60,
    0x0, 0x0, 0x6, 0xff, 0xff, 0x60, 0x0, 0x0,
    0x6, 0xff, 0xff, 0x60, 0x0, 0x0, 0x6, 0xff,
    0xff, 0x60, 0x0, 0x0, 0x6, 0xff, 0xff, 0x60,
    0x3f, 0xf3, 0x6, 0xff, 0xff, 0x60, 0x3f, 0xf3,
    0x6, 0xff, 0xff, 0x60, 0x3f, 0xf3, 0x6, 0xff,
    0xff, 0x60, 0x3f, 0xf3, 0x6, 0xff, 0xff, 0x60,
    0x3f, 0xf3, 0x6, 0xff, 0xff, 0x60, 0x3f, 0xf3,
    0x6, 0xff, 0xff, 0x60, 0x3f, 0xf3, 0x6, 0xff,
    0xff, 0x60, 0x3f, 0xf3, 0x6, 0xff, 0xff, 0x60,
    0x3f, 0xf3, 0x6, 0xff, 0x66, 0x66, 0x66, 0x66,
    0x66, 0x66, 0x0, 0x9f, 0xc0, 0xc, 0xf9, 0x0,
    0x0, 0x9f, 0xc0, 0xc, 0xf9, 0x0,

    /* U+0058 "X" */
    0xff, 0x60, 0x0, 0x0, 0x6, 0xff, 0xff, 0x60,
    0x0, 0x0, 0x6, 0xff, 0xff, 0x60, 0x0, 0x0,
    0x6, 0xff, 0xff, 0x60, 0x0, 0x0, 0x6, 0xff,
    0xcc, 0x50, 0x0, 0x0, 0x5, 0xcc, 0x0, 0x9f,
    0xc0, 0xc, 0xf9, 0x0, 0x0, 0x9f, 0xc0, 0xc,
    0xf9, 0x0, 0x0, 0x36, 0x66, 0x66, 0x63, 0x0,
    0x0, 0x0, 0x3f, 0xf3, 0x0, 0x0, 0x0, 0x0,
    0x3f, 0xf3, 0x0, 0x0, 0x0, 0x9f, 0xc0, 0xc,
    0xf9, 0x0, 0x0, 0x9f, 0xc0, 0xc, 0xf9, 0x0,
    0xcc, 0x73, 0x20, 0x2, 0x37, 0xcc, 0xff, 0x60,
    0x0, 0x0, 0x6, 0xff, 0xff, 0x60, 0x0, 0x0,
    0x6, 0xff, 0xff, 0x60, 0x0, 0x0, 0x6, 0xff,
    0xff, 0x60, 0x0, 0x0, 0x6, 0xff,

    /* U+0059 "Y" */
    0xff, 0x60, 0x0, 0x0, 0x6, 0xff, 0xff, 0x60,
    0x0, 0x0, 0x6, 0xff, 0xff, 0x60, 0x0, 0x0,
    0x6, 0xff, 0xff, 0x60, 0x0, 0x0, 0x6, 0xff,
    0xff, 0x60, 0x0, 0x0, 0x6, 0xff, 0xff, 0x60,
    0x0, 0x0, 0x6, 0xff, 0xff, 0x60, 0x0, 0x0,
    0x6, 0xff, 0x33, 0x56, 0x40, 0x4, 0x65, 0x33,
    0x0, 0x9f, 0xc0, 0xc, 0xf9, 0x0, 0x0, 0x7c,
    0xa3, 0x3a, 0xc7, 0x0, 0x0, 0x0, 0x3f, 0xf3,
    0x0, 0x0, 0x0, 0x0, 0x3f, 0xf3, 0x0, 0x0,
    0x0, 0x0, 0x3f, 0xf3, 0x0, 0x0, 0x0, 0x0,
    0x3f, 0xf3, 0x0, 0x0, 0x0, 0x0, 0x3f, 0xf3,
    0x0, 0x0, 0x0, 0x0, 0x3f, 0xf3, 0x0, 0x0,
    0x0, 0x0, 0x3f, 0xf3, 0x0, 0x0,

    /* U+005A "Z" */
    0xff, 0xff, 0xff, 0xff, 0xff, 0xff, 0xff, 0xff,
    0xff, 0xff, 0xff, 0xff, 0x66, 0x66, 0x66, 0x66,
    0x6a, 0xff, 0x0, 0x0, 0x0, 0x0, 0x6, 0xff,
    0x0, 0x0, 0x0, 0x0, 0x6, 0xff, 0x0, 0x0,
    0x0, 0xc, 0xf9, 0x0, 0x0, 0x0, 0x0, 0xc,
    0xf9, 0x0, 0x0, 0x0, 0x16, 0x66, 0x63, 0x0,
    0x0, 0x0, 0x3f, 0xf3, 0x0, 0x0, 0x0, 0x0,
    0x3f, 0xf3, 0x0, 0x0, 0x0, 0x9f, 0xc0, 0x0,
    0x0, 0x0, 0x0, 0x9f, 0xc0, 0x0, 0x0, 0x0,
    0xcc, 0x73, 0x20, 0x0, 0x0, 0x0, 0xff, 0x60,
    0x0, 0x0, 0x0, 0x0, 0xff, 0xa6, 0x66, 0x66,
    0x66, 0x66, 0xff, 0xff, 0xff, 0xff, 0xff, 0xff,
    0xff, 0xff, 0xff, 0xff, 0xff, 0xff,

    /* U+005B "[" */
    0x9f, 0xff, 0xff, 0xf9, 0x9f, 0xff, 0xff, 0xf9,
    0x9f, 0xe6, 0x66, 0x63, 0x9f, 0xc0, 0x0, 0x0,
    0x9f, 0xc0, 0x0, 0x0, 0x9f, 0xc0, 0x0, 0x0,
    0x9f, 0xc0, 0x0, 0x0, 0x9f, 0xc0, 0x0, 0x0,
    0x9f, 0xc0, 0x0, 0x0, 0x9f, 0xc0, 0x0, 0x0,
    0x9f, 0xc0, 0x0, 0x0, 0x9f, 0xc0, 0x0, 0x0,
    0x9f, 0xc0, 0x0, 0x0, 0x9f, 0xc0, 0x0, 0x0,
    0x9f, 0xe6, 0x66, 0x63, 0x9f, 0xff, 0xff, 0xf9,
    0x9f, 0xff, 0xff, 0xf9,

    /* U+005C "\\" */
    0x66, 0x20, 0x0, 0x0, 0x0, 0x0, 0xff, 0x60,
    0x0, 0x0, 0x0, 0x0, 0xff, 0x60, 0x0, 0x0,
    0x0, 0x0, 0x0, 0x9f, 0xc0, 0x0, 0x0, 0x0,
    0x0, 0x9f, 0xc0, 0x0, 0x0, 0x0, 0x0, 0x36,
    0x66, 0x61, 0x0, 0x0, 0x0, 0x0, 0x3f, 0xf3,
    0x0, 0x0, 0x0, 0x0, 0x3f, 0xf3, 0x0, 0x0,
    0x0, 0x0, 0x0, 0xc, 0xf9, 0x0, 0x0, 0x0,
    0x0, 0xc, 0xf9, 0x0, 0x0, 0x0, 0x0, 0x0,
    0x6, 0xff, 0x0, 0x0, 0x0, 0x0, 0x6, 0xff,
    0x0, 0x0, 0x0, 0x0, 0x2, 0x66,

    /* U+005D "]" */
    0x9f, 0xff, 0xff, 0xf9, 0x9f, 0xff, 0xff, 0xf9,
    0x36, 0x66, 0x6e, 0xf9, 0x0, 0x0, 0xc, 0xf9,
    0x0, 0x0, 0xc, 0xf9, 0x0, 0x0, 0xc, 0xf9,
    0x0, 0x0, 0xc, 0xf9, 0x0, 0x0, 0xc, 0xf9,
    0x0, 0x0, 0xc, 0xf9, 0x0, 0x0, 0xc, 0xf9,
    0x0, 0x0, 0xc, 0xf9, 0x0, 0x0, 0xc, 0xf9,
    0x0, 0x0, 0xc, 0xf9, 0x0, 0x0, 0xc, 0xf9,
    0x36, 0x66, 0x6e, 0xf9, 0x9f, 0xff, 0xff, 0xf9,
    0x9f, 0xff, 0xff, 0xf9,

    /* U+005E "^" */

    /* U+005F "_" */
    0x66, 0x66, 0x66, 0x66, 0x66, 0x66, 0xff, 0xff,
    0xff, 0xff, 0xff, 0xff, 0xff, 0xff, 0xff, 0xff,
    0xff, 0xff,

    /* U+0060 "`" */
    0x36, 0x66, 0x61, 0x0, 0x9f, 0xff, 0xf3, 0x0,
    0x9f, 0xff, 0xf3, 0x0, 0x0, 0x3f, 0xf3, 0x0,
    0x0, 0x3f, 0xf3, 0x0, 0x0, 0x19, 0x97, 0x63,
    0x0, 0x0, 0xc, 0xf9, 0x0, 0x0, 0xc, 0xf9,

    /* U+0061 "a" */
    0x0, 0x9f, 0xc0, 0x0, 0x0, 0x9f, 0xc0, 0x0,
    0x99, 0x76, 0x79, 0x91, 0xff, 0x60, 0x3f, 0xf3,
    0xff, 0x60, 0x3f, 0xf3, 0xff, 0xff, 0xff, 0xf3,
    0xff, 0xff, 0xff, 0xf3, 0xff, 0xa6, 0x8f, 0xf3,
    0xff, 0x60, 0x3f, 0xf3, 0xff, 0x60, 0x3f, 0xf3,
    0xff, 0x60, 0x3f, 0xf3, 0xff, 0x60, 0x3f, 0xf3,

    /* U+0062 "b" */
    0xff, 0xff, 0xc0, 0x0, 0xff, 0xff, 0xc0, 0x0,
    0xff, 0xa6, 0x66, 0x61, 0xff, 0x60, 0x3f, 0xf3,
    0xff, 0x60, 0x3f, 0xf3, 0xff, 0xff, 0xc0, 0x0,
    0xff, 0xff, 0xc0, 0x0, 0xff, 0x60, 0x3f, 0xf3,
    0xff, 0x60, 0x3f, 0xf3, 0xff, 0xa6, 0x66, 0x61,
    0xff, 0xff, 0xc0, 0x0, 0xff, 0xff, 0xc0, 0x0,

    /* U+0063 "c" */
    0x0, 0x9f, 0xff, 0xf3, 0x0, 0x9f, 0xff, 0xf3,
    0xff, 0xa6, 0x66, 0x61, 0xff, 0x60, 0x0, 0x0,
    0xff, 0x60, 0x0, 0x0, 0xff, 0x60, 0x0, 0x0,
    0xff, 0x60, 0x0, 0x0, 0xff, 0x60, 0x0, 0x0,
    0xff, 0x60, 0x0, 0x0, 0x33, 0x56, 0x66, 0x61,
    0x0, 0x9f, 0xff, 0xf3, 0x0, 0x9f, 0xff, 0xf3,

    /* U+0064 "d" */
    0xff, 0xff, 0xc0, 0x0, 0xff, 0xff, 0xc0, 0x0,
    0xff, 0xa6, 0x8f, 0xf3, 0xff, 0x60, 0x3f, 0xf3,
    0xff, 0x60, 0x3f, 0xf3, 0xff, 0x60, 0x3f, 0xf3,
    0xff, 0x60, 0x3f, 0xf3, 0xff, 0x60, 0x3f, 0xf3,
    0xff, 0x60, 0x3f, 0xf3, 0xff, 0xa6, 0x53, 0x30,
    0xff, 0xff, 0xc0, 0x0, 0xff, 0xff, 0xc0, 0x0,

    /* U+0065 "e" */
    0xff, 0xff, 0xff, 0xf3, 0xff, 0xff, 0xff, 0xf3,
    0xff, 0xa6, 0x66, 0x61, 0xff, 0x60, 0x0, 0x0,
    0xff, 0x60, 0x0, 0x0, 0xff, 0xff, 0xff, 0xf3,
    0xff, 0xff, 0xff, 0xf3, 0xff, 0xa6, 0x66, 0x61,
    0xff, 0x60, 0x0, 0x0, 0xff, 0xa6, 0x66, 0x61,
    0xff, 0xff, 0xff, 0xf3, 0xff, 0xff, 0xff, 0xf3,

    /* U+0066 "f" */
    0xff, 0xff, 0xff, 0xf3, 0xff, 0xff, 0xff, 0xf3,
    0xff, 0xa6, 0x66, 0x61, 0xff, 0x60, 0x0, 0x0,
    0xff, 0x60, 0x0, 0x0, 0xff, 0xff, 0xff, 0xf3,
    0xff, 0xff, 0xff, 0xf3, 0xff, 0xa6, 0x66, 0x61,
    0xff, 0x60, 0x0, 0x0, 0xff, 0x60, 0x0, 0x0,
    0xff, 0x60, 0x0, 0x0, 0xff, 0x60, 0x0, 0x0,

    /* U+0067 "g" */
    0x0, 0x9f, 0xff, 0xf3, 0x0, 0x9f, 0xff, 0xf3,
    0xff, 0xa6, 0x66, 0x61, 0xff, 0x60, 0x0, 0x0,
    0xff, 0x60, 0x19, 0x91, 0xff, 0x60, 0x3f, 0xf3,
    0xff, 0x60, 0x3f, 0xf3, 0xff, 0x60, 0x3f, 0xf3,
    0xff, 0x60, 0x3f, 0xf3, 0x33, 0x56, 0x8f, 0xf3,
    0x0, 0x9f, 0xff, 0xf3, 0x0, 0x9f, 0xff, 0xf3,

    /* U+0068 "h" */
    0xff, 0x60, 0x3f, 0xf3, 0xff, 0x60, 0x3f, 0xf3,
    0xff, 0x60, 0x3f, 0xf3, 0xff, 0x60, 0x3f, 0xf3,
    0xff, 0x60, 0x3f, 0xf3, 0xff, 0xff, 0xff, 0xf3,
    0xff, 0xff, 0xff, 0xf3, 0xff, 0xa6, 0x8f, 0xf3,
    0xff, 0x60, 0x3f, 0xf3, 0xff, 0x60, 0x3f, 0xf3,
    0xff, 0x60, 0x3f, 0xf3, 0xff, 0x60, 0x3f, 0xf3,

    /* U+0069 "i" */
    0xff, 0xff, 0xff, 0xf3, 0xff, 0xff, 0xff, 0xf3,
    0x66, 0xcf, 0xe6, 0x61, 0x0, 0x9f, 0xc0, 0x0,
    0x0, 0x9f, 0xc0, 0x0, 0x0, 0x9f, 0xc0, 0x0,
    0x0, 0x9f, 0xc0, 0x0, 0x0, 0x9f, 0xc0, 0x0,
    0x0, 0x9f, 0xc0, 0x0, 0x66, 0xcf, 0xe6, 0x61,
    0xff, 0xff, 0xff, 0xf3, 0xff, 0xff, 0xff, 0xf3,

    /* U+006A "j" */
    0x0, 0x9f, 0xff, 0xf3, 0x0, 0x9f, 0xff, 0xf3,
    0x0, 0x36, 0x8f, 0xf3, 0x0, 0x0, 0x3f, 0xf3,
    0x0, 0x0, 0x3f, 0xf3, 0x0, 0x0, 0x3f, 0xf3,
    0x0, 0x0, 0x3f, 0xf3, 0xff, 0x60, 0x3f, 0xf3,
    0xff, 0x60, 0x3f, 0xf3, 0x66, 0x66, 0x66, 0x61,
    0x0, 0x9f, 0xc0, 0x0, 0x0, 0x9f, 0xc0, 0x0,

    /* U+006B "k" */
    0xff, 0x60, 0x3f, 0xf3, 0xff, 0x60, 0x3f, 0xf3,
    0xff, 0x60, 0x3f, 0xf3, 0xff, 0x60, 0x3f, 0xf3,
    0xff, 0x60, 0x2c, 0xc2, 0xff, 0xff, 0xc0, 0x0,
    0xff, 0xff, 0xc0, 0x0, 0xff, 0x83, 0x5c, 0xc2,
    0xff, 0x60, 0x3f, 0xf3, 0xff, 0x60, 0x3f, 0xf3,
    0xff, 0x60, 0x3f, 0xf3, 0xff, 0x60, 0x3f, 0xf3,

    /* U+006C "l" */
    0xff, 0x60, 0x0, 0x0, 0xff, 0x60, 0x0, 0x0,
    0xff, 0x60, 0x0, 0x0, 0xff, 0x60, 0x0, 0x0,
    0xff, 0x60, 0x0, 0x0, 0xff, 0x60, 0x0, 0x0,
    0xff, 0x60, 0x0, 0x0, 0xff, 0x60, 0x0, 0x0,
    0xff, 0x60, 0x0, 0x0, 0xff, 0xa6, 0x66, 0x61,
    0xff, 0xff, 0xff, 0xf3, 0xff, 0xff, 0xff, 0xf3,

    /* U+006D "m" */
    0xff, 0x60, 0x0, 0x0, 0x6, 0xff, 0xff, 0x60,
    0x0, 0x0, 0x6, 0xff, 0xff, 0xa6, 0x40, 0x4,
    0x6a, 0xff, 0xff, 0xff, 0xc0, 0xc, 0xff, 0xff,
    0xff, 0xff, 0xc0, 0xc, 0xff, 0xff, 0xff, 0x60,
    0x3f, 0xf3, 0x6, 0xff, 0xff, 0x60, 0x3f, 0xf3,
    0x6, 0xff, 0xff, 0x60, 0x16, 0x61, 0x6, 0xff,
    0xff, 0x60, 0x0, 0x0, 0x6, 0xff, 0xff, 0x60,
    0x0, 0x0, 0x6, 0xff, 0xff, 0x60, 0x0, 0x0,
    0x6, 0xff, 0xff, 0x60, 0x0, 0x0, 0x6, 0xff,

    /* U+006E "n" */
    0xff, 0x60, 0x0, 0xc, 0xf9, 0xff, 0x60, 0x0,
    0xc, 0xf9, 0xff, 0xa6, 0x40, 0xc, 0xf9, 0xff,
    0xff, 0xc0, 0xc, 0xf9, 0xff, 0xff, 0xc0, 0xc,
    0xf9, 0xff, 0x60, 0x3f, 0xff, 0xf9, 0xff, 0x60,
    0x3f, 0xff, 0xf9, 0xff, 0x60, 0x16, 0x6e, 0xf9,
    0xff, 0x60, 0x0, 0xc, 0xf9, 0xff, 0x60, 0x0,
    0xc, 0xf9, 0xff, 0x60, 0x0, 0xc, 0xf9, 0xff,
    0x60, 0x0, 0xc, 0xf9,

    /* U+006F "o" */
    0x0, 0x9f, 0xc0, 0x0, 0x0, 0x9f, 0xc0, 0x0,
    0xff, 0xa6, 0x8f, 0xf3, 0xff, 0x60, 0x3f, 0xf3,
    0xff, 0x60, 0x3f, 0xf3, 0xff, 0x60, 0x3f, 0xf3,
    0xff, 0x60, 0x3f, 0xf3, 0xff, 0x60, 0x3f, 0xf3,
    0xff, 0x60, 0x3f, 0xf3, 0x33, 0x56, 0x53, 0x30,
    0x0, 0x9f, 0xc0, 0x0, 0x0, 0x9f, 0xc0, 0x0,

    /* U+0070 "p" */
    0xff, 0xff, 0xc0, 0x0, 0xff, 0xff, 0xc0, 0x0,
    0xff, 0xa6, 0x66, 0x61, 0xff, 0x60, 0x3f, 0xf3,
    0xff, 0x60, 0x3f, 0xf3, 0xff, 0xff, 0xc0, 0x0,
    0xff, 0xff, 0xc0, 0x0, 0xff, 0xa6, 0x50, 0x0,
    0xff, 0x60, 0x0, 0x0, 0xff, 0x60, 0x0, 0x0,
    0xff, 0x60, 0x0, 0x0, 0xff, 0x60, 0x0, 0x0,

    /* U+0071 "q" */
    0xff, 0xff, 0xff, 0xf3, 0xff, 0xff, 0xff, 0xf3,
    0xff, 0xa6, 0x8f, 0xf3, 0xff, 0x60, 0x3f, 0xf3,
    0xff, 0x60, 0x3f, 0xf3, 0xff, 0x60, 0x3f, 0xf3,
    0xff, 0x60, 0x3f, 0xf3, 0xff, 0xff, 0xc0, 0x0,
    0xff, 0xff, 0xc0, 0x0, 0x66, 0x66, 0x66, 0x61,
    0x0, 0x0, 0x3f, 0xf3, 0x0, 0x0, 0x3f, 0xf3,

    /* U+0072 "r" */
    0xff, 0xff, 0xc0, 0x0, 0xff, 0xff, 0xc0, 0x0,
    0xff, 0xa6, 0x66, 0x61, 0xff, 0x60, 0x3f, 0xf3,
    0xff, 0x60, 0x3f, 0xf3, 0xff, 0xff, 0xc0, 0x0,
    0xff, 0xff, 0xc0, 0x0, 0xff, 0x83, 0x5c, 0xc2,
    0xff, 0x60, 0x3f, 0xf3, 0xff, 0x60, 0x3f, 0xf3,
    0xff, 0x60, 0x3f, 0xf3, 0xff, 0x60, 0x3f, 0xf3,

    /* U+0073 "s" */
    0x0, 0x9f, 0xff, 0xf3, 0x0, 0x9f, 0xff, 0xf3,
    0x66, 0x66, 0x66, 0x61, 0xff, 0x60, 0x0, 0x0,
    0xff, 0x60, 0x0, 0x0, 0x0, 0x9f, 0xc0, 0x0,
    0x0, 0x9f, 0xc0, 0x0, 0x0, 0x0, 0x3f, 0xf3,
    0x0, 0x0, 0x3f, 0xf3, 0x66, 0x66, 0x66, 0x61,
    0xff, 0xff, 0xc0, 0x0, 0xff, 0xff, 0xc0, 0x0,

    /* U+0074 "t" */
    0xff, 0xff, 0xff, 0xf3, 0xff, 0xff, 0xff, 0xf3,
    0x66, 0xcf, 0xe6, 0x61, 0x0, 0x9f, 0xc0, 0x0,
    0x0, 0x9f, 0xc0, 0x0, 0x0, 0x9f, 0xc0, 0x0,
    0x0, 0x9f, 0xc0, 0x0, 0x0, 0x9f, 0xc0, 0x0,
    0x0, 0x9f, 0xc0, 0x0, 0x0, 0x9f, 0xc0, 0x0,
    0x0, 0x9f, 0xc0, 0x0, 0x0, 0x9f, 0xc0, 0x0,

    /* U+0075 "u" */
    0xff, 0x60, 0x3f, 0xf3, 0xff, 0x60, 0x3f, 0xf3,
    0xff, 0x60, 0x3f, 0xf3, 0xff, 0x60, 0x3f, 0xf3,
    0xff, 0x60, 0x3f, 0xf3, 0xff, 0x60, 0x3f, 0xf3,
    0xff, 0x60, 0x3f, 0xf3, 0xff, 0x60, 0x3f, 0xf3,
    0xff, 0x60, 0x3f, 0xf3, 0xff, 0xa6, 0x8f, 0xf3,
    0xff, 0xff, 0xff, 0xf3, 0xff, 0xff, 0xff, 0xf3,

    /* U+0076 "v" */
    0xff, 0x60, 0x3f, 0xf3, 0xff, 0x60, 0x3f, 0xf3,
    0xff, 0x60, 0x3f, 0xf3, 0xff, 0x60, 0x3f, 0xf3,
    0xff, 0x60, 0x3f, 0xf3, 0xff, 0x60, 0x3f, 0xf3,
    0xff, 0x60, 0x3f, 0xf3, 0xff, 0x60, 0x3f, 0xf3,
    0xff, 0x60, 0x3f, 0xf3, 0x99, 0x76, 0x79, 0x91,
    0x0, 0x9f, 0xc0, 0x0, 0x0, 0x9f, 0xc0, 0x0,

    /* U+0077 "w" */
    0xff, 0x60, 0x3f, 0xf3, 0x6, 0xff, 0xff, 0x60,
    0x3f, 0xf3, 0x6, 0xff, 0xff, 0x60, 0x3f, 0xf3,
    0x6, 0xff, 0xff, 0x60, 0x3f, 0xf3, 0x6, 0xff,
    0xff, 0x60, 0x3f, 0xf3, 0x6, 0xff, 0xff, 0x60,
    0x3f, 0xf3, 0x6, 0xff, 0xff, 0x60, 0x3f, 0xf3,
    0x6, 0xff, 0x33, 0x8c, 0xa3, 0x3a, 0xc8, 0x33,
    0x0, 0x9f, 0xc0, 0xc, 0xf9, 0x0, 0x0, 0x9f,
    0xc0, 0xc, 0xf9, 0x0, 0x0, 0x9f, 0xc0, 0xc,
    0xf9, 0x0, 0x0, 0x9f, 0xc0, 0xc, 0xf9, 0x0,

    /* U+0078 "x" */
    0xff, 0x60, 0x3f, 0xf3, 0xff, 0x60, 0x3f, 0xf3,
    0xff, 0x60, 0x3f, 0xf3, 0xff, 0x60, 0x3f, 0xf3,
    0xcc, 0x50, 0x2c, 0xc2, 0x0, 0x9f, 0xc0, 0x0,
    0x0, 0x9f, 0xc0, 0x0, 0xcc, 0x73, 0x5c, 0xc2,
    0xff, 0x60, 0x3f, 0xf3, 0xff, 0x60, 0x3f, 0xf3,
    0xff, 0x60, 0x3f, 0xf3, 0xff, 0x60, 0x3f, 0xf3,

    /* U+0079 "y" */
    0xff, 0x60, 0x3f, 0xf3, 0xff, 0x60, 0x3f, 0xf3,
    0xff, 0x60, 0x3f, 0xf3, 0xff, 0x60, 0x3f, 0xf3,
    0xcc, 0x73, 0x5c, 0xc2, 0x0, 0x9f, 0xc0, 0x0,
    0x0, 0x9f, 0xc0, 0x0, 0x0, 0x9f, 0xc0, 0x0,
    0x0, 0x9f, 0xc0, 0x0, 0x0, 0x9f, 0xc0, 0x0,
    0x0, 0x9f, 0xc0, 0x0, 0x0, 0x9f, 0xc0, 0x0,

    /* U+007A "z" */
    0xff, 0xff, 0xff, 0xf3, 0xff, 0xff, 0xff, 0xf3,
    0x66, 0x66, 0x8f, 0xf3, 0x0, 0x0, 0x3f, 0xf3,
    0x0, 0x0, 0x3f, 0xf3, 0x0, 0x9f, 0xc0, 0x0,
    0x0, 0x9f, 0xc0, 0x0, 0xcc, 0x73, 0x20, 0x0,
    0xff, 0x60, 0x0, 0x0, 0xff, 0xa6, 0x66, 0x61,
    0xff, 0xff, 0xff, 0xf3, 0xff, 0xff, 0xff, 0xf3,

    /* U+007B "{" */
    0x0, 0x0, 0x3f, 0xf3, 0x0, 0x0, 0x3f, 0xf3,
    0x0, 0x0, 0x16, 0x61, 0x0, 0x9f, 0xc0, 0x0,
    0x0, 0x9f, 0xc0, 0x0, 0x0, 0x9f, 0xc0, 0x0,
    0x0, 0x9f, 0xc0, 0x0, 0x66, 0x89, 0x70, 0x0,
    0xff, 0x60, 0x0, 0x0, 0xff, 0x60, 0x0, 0x0,
    0x0, 0x9f, 0xc0, 0x0, 0x0, 0x9f, 0xc0, 0x0,
    0x0, 0x9f, 0xc0, 0x0, 0x0, 0x9f, 0xc0, 0x0,
    0x0, 0x59, 0x86, 0x61, 0x0, 0x0, 0x3f, 0xf3,
    0x0, 0x0, 0x3f, 0xf3,

    /* U+007C "|" */
    0x3f, 0xf3, 0x3f, 0xf3, 0x3f, 0xf3, 0x3f, 0xf3,
    0x3f, 0xf3, 0x3f, 0xf3, 0x3f, 0xf3, 0x3f, 0xf3,
    0x3f, 0xf3, 0x3f, 0xf3, 0x3f, 0xf3, 0x3f, 0xf3,
    0x3f, 0xf3, 0x3f, 0xf3, 0x3f, 0xf3, 0x3f, 0xf3,
    0x3f, 0xf3,

    /* U+007D "}" */
    0x3f, 0xf3, 0x0, 0x0, 0x3f, 0xf3, 0x0, 0x0,
    0x16, 0x61, 0x0, 0x0, 0x0, 0xc, 0xf9, 0x0,
    0x0, 0xc, 0xf9, 0x0, 0x0, 0xc, 0xf9, 0x0,
    0x0, 0xc, 0xf9, 0x0, 0x0, 0x7, 0x98, 0x66,
    0x0, 0x0, 0x6, 0xff, 0x0, 0x0, 0x6, 0xff,
    0x0, 0xc, 0xf9, 0x0, 0x0, 0xc, 0xf9, 0x0,
    0x0, 0xc, 0xf9, 0x0, 0x0, 0xc, 0xf9, 0x0,
    0x16, 0x68, 0x95, 0x0, 0x3f, 0xf3, 0x0, 0x0,
    0x3f, 0xf3, 0x0, 0x0,

    /* U+007E "~" */
    0x0, 0x9f, 0xc0, 0x0, 0x6, 0xff, 0x0, 0x9f,
    0xc0, 0x0, 0x6, 0xff, 0xff, 0x60, 0x3f, 0xf3,
    0x6, 0xff, 0xff, 0x60, 0x3f, 0xf3, 0x6, 0xff,
    0xff, 0x60, 0x16, 0x66, 0x66, 0x66, 0xff, 0x60,
    0x0, 0xc, 0xf9, 0x0, 0xff, 0x60, 0x0, 0xc,
    0xf9, 0x0,

    /* U+00AC "¬" */
    0x66, 0x66, 0x66, 0x66, 0x66, 0x66, 0xff, 0xff,
    0xff, 0xff, 0xff, 0xff, 0xff, 0xff, 0xff, 0xff,
    0xff, 0xff, 0x0, 0x0, 0x0, 0x0, 0x6, 0xff,
    0x0, 0x0, 0x0, 0x0, 0x6, 0xff, 0x0, 0x0,
    0x0, 0x0, 0x3, 0x88,

    /* U+00B0 "°" */
    0x66, 0x66, 0x66, 0x61, 0xff, 0xff, 0xff, 0xf3,
    0xff, 0xff, 0xff, 0xf3, 0xff, 0x60, 0x3f, 0xf3,
    0xff, 0x60, 0x3f, 0xf3, 0xff, 0xa6, 0x8f, 0xf3,
    0xff, 0xff, 0xff, 0xf3, 0xff, 0xff, 0xff, 0xf3,

    /* U+00B1 "±" */
    0x0, 0x0, 0x3f, 0xf3, 0x0, 0x0, 0x0, 0x0,
    0x3f, 0xf3, 0x0, 0x0, 0x0, 0x0, 0x3f, 0xf3,
    0x0, 0x0, 0x0, 0x0, 0x3f, 0xf3, 0x0, 0x0,
    0x0, 0x0, 0x3f, 0xf3, 0x0, 0x0, 0xff, 0xff,
    0xff, 0xff, 0xff, 0xff, 0xff, 0xff, 0xff, 0xff,
    0xff, 0xff, 0x66, 0x66, 0x8f, 0xf8, 0x66, 0x66,
    0x0, 0x0, 0x3f, 0xf3, 0x0, 0x0, 0x0, 0x0,
    0x3f, 0xf3, 0x0, 0x0, 0x0, 0x0, 0x3f, 0xf3,
    0x0, 0x0, 0x0, 0x0, 0x3f, 0xf3, 0x0, 0x0,
    0x0, 0x0, 0x0, 0x0, 0x0, 0x0, 0x0, 0x0,
    0x0, 0x0, 0x0, 0x0, 0x66, 0x66, 0x66, 0x66,
    0x66, 0x66, 0xff, 0xff, 0xff, 0xff, 0xff, 0xff,
    0xff, 0xff, 0xff, 0xff, 0xff, 0xff,

    /* U+00B2 "²" */
    0x9f, 0xff, 0xff, 0xf9, 0x9f, 0xff, 0xff, 0xf9,
    0x36, 0x66, 0x6e, 0xf9, 0x0, 0x0, 0xc, 0xf9,
    0x0, 0x0, 0xc, 0xf9, 0x9f, 0xff, 0xff, 0xf9,
    0x9f, 0xff, 0xff, 0xf9, 0x9f, 0xe6, 0x66, 0x63,
    0x9f, 0xc0, 0x0, 0x0, 0x9f, 0xe6, 0x66, 0x63,
    0x9f, 0xff, 0xff, 0xf9, 0x9f, 0xff, 0xff, 0xf9,

    /* U+00B3 "³" */
    0x9f, 0xff, 0xff, 0xf9, 0x9f, 0xff, 0xff, 0xf9,
    0x36, 0x66, 0x6e, 0xf9, 0x0, 0x0, 0xc, 0xf9,
    0x0, 0x0, 0xc, 0xf9, 0x9f, 0xff, 0xff, 0xf9,
    0x9f, 0xff, 0xff, 0xf9, 0x36, 0x66, 0x6e, 0xf9,
    0x0, 0x0, 0xc, 0xf9, 0x36, 0x66, 0x6e, 0xf9,
    0x9f, 0xff, 0xff, 0xf9, 0x9f, 0xff, 0xff, 0xf9,

    /* U+00B4 "´" */
    0x0, 0x0, 0x4, 0x63, 0x0, 0x0, 0xc, 0xf9,
    0x0, 0x0, 0xc, 0xf9, 0x0, 0x3f, 0xf3, 0x0,
    0x0, 0x3f, 0xf3, 0x0, 0x36, 0x66, 0x61, 0x0,
    0x9f, 0xc0, 0x0, 0x0, 0x9f, 0xc0, 0x0, 0x0,

    /* U+00B7 "·" */
    0x16, 0x61, 0x3f, 0xf3, 0x3f, 0xf3,

    /* U+00B9 "¹" */
    0x0, 0x3f, 0xf3, 0x0, 0x0, 0x3f, 0xf3, 0x0,
    0x36, 0x8f, 0xf3, 0x0, 0x9f, 0xff, 0xf3, 0x0,
    0x9f, 0xff, 0xf3, 0x0, 0x0, 0x3f, 0xf3, 0x0,
    0x0, 0x3f, 0xf3, 0x0, 0x0, 0x3f, 0xf3, 0x0,
    0x0, 0x3f, 0xf3, 0x0, 0x36, 0x8f, 0xf8, 0x63,
    0x9f, 0xff, 0xff, 0xf9, 0x9f, 0xff, 0xff, 0xf9,

    /* U+00BA "º" */
    0x0, 0x9f, 0xff, 0xff, 0xf9, 0x0, 0x0, 0x9f,
    0xff, 0xff, 0xf9, 0x0, 0xff, 0xa6, 0x66, 0x66,
    0x6a, 0xff, 0xff, 0x60, 0x0, 0x0, 0x6, 0xff,
    0xff, 0x60, 0x0, 0x0, 0x6, 0xff, 0xff, 0x60,
    0x0, 0x0, 0x6, 0xff, 0xff, 0x60, 0x0, 0x0,
    0x6, 0xff, 0xff, 0x60, 0x0, 0x0, 0x6, 0xff,
    0xff, 0x60, 0x0, 0x0, 0x6, 0xff, 0x33, 0x56,
    0x66, 0x66, 0x65, 0x33, 0x0, 0x9f, 0xff, 0xff,
    0xf9, 0x0, 0x0, 0x9f, 0xff, 0xff, 0xf9, 0x0,
    0x0, 0x0, 0x0, 0x0, 0x0, 0x0, 0x0, 0x0,
    0x0, 0x0, 0x0, 0x0, 0x66, 0x66, 0x66, 0x66,
    0x66, 0x66, 0xff, 0xff, 0xff, 0xff, 0xff, 0xff,
    0xff, 0xff, 0xff, 0xff, 0xff, 0xff,

    /* U+00BB "»" */
    0xff, 0x60, 0x3f, 0xf3, 0x0, 0x0, 0xff, 0x60,
    0x3f, 0xf3, 0x0, 0x0, 0x66, 0x66, 0x66, 0x66,
    0x63, 0x0, 0x0, 0x9f, 0xc0, 0xc, 0xf9, 0x0,
    0x0, 0x9f, 0xc0, 0xc, 0xf9, 0x0, 0x0, 0x0,
    0x3f, 0xf3, 0x6, 0xff, 0x0, 0x0, 0x3f, 0xf3,
    0x6, 0xff, 0x0, 0x0, 0x3f, 0xf3, 0x6, 0xff,
    0x0, 0x0, 0x3f, 0xf3, 0x6, 0xff, 0x0, 0x0,
    0x2c, 0xc2, 0x5, 0xcc, 0x0, 0x9f, 0xc0, 0xc,
    0xf9, 0x0, 0x0, 0x9f, 0xc0, 0xc, 0xf9, 0x0,
    0xff, 0x60, 0x3f, 0xf3, 0x0, 0x0, 0xff, 0x60,
    0x3f, 0xf3, 0x0, 0x0, 0x66, 0x20, 0x16, 0x61,
    0x0, 0x0,

    /* U+00BF "¿" */
    0x0, 0x0, 0x3f, 0xf3, 0x0, 0x0, 0x0, 0x0,
    0x3f, 0xf3, 0x0, 0x0, 0x0, 0x0, 0x16, 0x61,
    0x0, 0x0, 0x0, 0x0, 0x0, 0x0, 0x0, 0x0,
    0x0, 0x0, 0x0, 0x0, 0x0, 0x0, 0x0, 0x0,
    0x3f, 0xf3, 0x0, 0x0, 0x0, 0x0, 0x3f, 0xf3,
    0x0, 0x0, 0x0, 0x36, 0x66, 0x61, 0x0, 0x0,
    0x0, 0x9f, 0xc0, 0x0, 0x0, 0x0, 0x66, 0x89,
    0x70, 0x0, 0x0, 0x0, 0xff, 0x60, 0x0, 0x0,
    0x0, 0x0, 0xff, 0x60, 0x0, 0x0, 0x0, 0x0,
    0xff, 0x60, 0x0, 0x0, 0x6, 0xff, 0xff, 0x60,
    0x0, 0x0, 0x6, 0xff, 0x66, 0x66, 0x66, 0x66,
    0x66, 0x66, 0x0, 0x9f, 0xff, 0xff, 0xf9, 0x0,
    0x0, 0x9f, 0xff, 0xff, 0xf9, 0x0,

    /* U+00C0 "À" */
    0x0, 0x9f, 0xc0, 0x0, 0x0, 0x0, 0x0, 0x9f,
    0xc0, 0x0, 0x0, 0x0, 0x0, 0x36, 0x69, 0x91,
    0x0, 0x0, 0x0, 0x0, 0x3f, 0xf3, 0x0, 0x0,
    0x0, 0x0, 0x3f, 0xf3, 0x0, 0x0, 0x0, 0x9f,
    0xff, 0xff, 0xf9, 0x0, 0x0, 0x9f, 0xff, 0xff,
    0xf9, 0x0, 0x99, 0x76, 0x66, 0x66, 0x67, 0x99,
    0xff, 0x60, 0x0, 0x0, 0x6, 0xff, 0xff, 0x60,
    0x0, 0x0, 0x6, 0xff, 0xff, 0xff, 0xff, 0xff,
    0xff, 0xff, 0xff, 0xff, 0xff, 0xff, 0xff, 0xff,
    0xff, 0xa6, 0x66, 0x66, 0x6a, 0xff, 0xff, 0x60,
    0x0, 0x0, 0x6, 0xff, 0xff, 0x60, 0x0, 0x0,
    0x6, 0xff, 0xff, 0x60, 0x0, 0x0, 0x6, 0xff,
    0xff, 0x60, 0x0, 0x0, 0x6, 0xff,

    /* U+00C1 "Á" */
    0x0, 0x0, 0x0, 0xc, 0xf9, 0x0, 0x0, 0x0,
    0x0, 0xc, 0xf9, 0x0, 0x0, 0x0, 0x19, 0x96,
    0x63, 0x0, 0x0, 0x0, 0x3f, 0xf3, 0x0, 0x0,
    0x0, 0x0, 0x3f, 0xf3, 0x0, 0x0, 0x0, 0x9f,
    0xff, 0xff, 0xf9, 0x0, 0x0, 0x9f, 0xff, 0xff,
    0xf9, 0x0, 0x99, 0x76, 0x66, 0x66, 0x67, 0x99,
    0xff, 0x60, 0x0, 0x0, 0x6, 0xff, 0xff, 0x60,
    0x0, 0x0, 0x6, 0xff, 0xff, 0xff, 0xff, 0xff,
    0xff, 0xff, 0xff, 0xff, 0xff, 0xff, 0xff, 0xff,
    0xff, 0xa6, 0x66, 0x66, 0x6a, 0xff, 0xff, 0x60,
    0x0, 0x0, 0x6, 0xff, 0xff, 0x60, 0x0, 0x0,
    0x6, 0xff, 0xff, 0x60, 0x0, 0x0, 0x6, 0xff,
    0xff, 0x60, 0x0, 0x0, 0x6, 0xff,

    /* U+00C2 "Â" */
    0x0, 0x0, 0x3f, 0xf3, 0x0, 0x0, 0x0, 0x0,
    0x3f, 0xf3, 0x0, 0x0, 0x0, 0x59, 0x96, 0x69,
    0x95, 0x0, 0x0, 0x9f, 0xc0, 0xc, 0xf9, 0x0,
    0x0, 0x9f, 0xc0, 0xc, 0xf9, 0x0, 0x0, 0x9f,
    0xff, 0xff, 0xf9, 0x0, 0x0, 0x9f, 0xff, 0xff,
    0xf9, 0x0, 0x99, 0x76, 0x66, 0x66, 0x67, 0x99,
    0xff, 0x60, 0x0, 0x0, 0x6, 0xff, 0xff, 0x60,
    0x0, 0x0, 0x6, 0xff, 0xff, 0xff, 0xff, 0xff,
    0xff, 0xff, 0xff, 0xff, 0xff, 0xff, 0xff, 0xff,
    0xff, 0xa6, 0x66, 0x66, 0x6a, 0xff, 0xff, 0x60,
    0x0, 0x0, 0x6, 0xff, 0xff, 0x60, 0x0, 0x0,
    0x6, 0xff, 0xff, 0x60, 0x0, 0x0, 0x6, 0xff,
    0xff, 0x60, 0x0, 0x0, 0x6, 0xff,

    /* U+00C3 "Ã" */
    0x0, 0x9f, 0xc0, 0x0, 0x6, 0xff, 0x0, 0x9f,
    0xc0, 0x0, 0x6, 0xff, 0x66, 0x66, 0x66, 0x66,
    0x66, 0x66, 0xff, 0x60, 0x3f, 0xff, 0xf9, 0x0,
    0xff, 0x60, 0x3f, 0xff, 0xf9, 0x0, 0x0, 0x9f,
    0xff, 0xff, 0xf9, 0x0, 0x0, 0x9f, 0xff, 0xff,
    0xf9, 0x0, 0x99, 0x76, 0x66, 0x66, 0x67, 0x99,
    0xff, 0x60, 0x0, 0x0, 0x6, 0xff, 0xff, 0x60,
    0x0, 0x0, 0x6, 0xff, 0xff, 0xff, 0xff, 0xff,
    0xff, 0xff, 0xff, 0xff, 0xff, 0xff, 0xff, 0xff,
    0xff, 0xa6, 0x66, 0x66, 0x6a, 0xff, 0xff, 0x60,
    0x0, 0x0, 0x6, 0xff, 0xff, 0x60, 0x0, 0x0,
    0x6, 0xff, 0xff, 0x60, 0x0, 0x0, 0x6, 0xff,
    0xff, 0x60, 0x0, 0x0, 0x6, 0xff,

    /* U+00C4 "Ä" */
    0x0, 0x9f, 0xc0, 0xc, 0xf9, 0x0, 0x0, 0x9f,
    0xc0, 0xc, 0xf9, 0x0, 0x0, 0x36, 0x40, 0x4,
    0x63, 0x0, 0x0, 0x0, 0x0, 0x0, 0x0, 0x0,
    0x0, 0x0, 0x0, 0x0, 0x0, 0x0, 0x0, 0x9f,
    0xff, 0xff, 0xf9, 0x0, 0x0, 0x9f, 0xff, 0xff,
    0xf9, 0x0, 0x99, 0x76, 0x66, 0x66, 0x67, 0x99,
    0xff, 0x60, 0x0, 0x0, 0x6, 0xff, 0xff, 0x60,
    0x0, 0x0, 0x6, 0xff, 0xff, 0xff, 0xff, 0xff,
    0xff, 0xff, 0xff, 0xff, 0xff, 0xff, 0xff, 0xff,
    0xff, 0xa6, 0x66, 0x66, 0x6a, 0xff, 0xff, 0x60,
    0x0, 0x0, 0x6, 0xff, 0xff, 0x60, 0x0, 0x0,
    0x6, 0xff, 0xff, 0x60, 0x0, 0x0, 0x6, 0xff,
    0xff, 0x60, 0x0, 0x0, 0x6, 0xff,

    /* U+00C5 "Å" */
    0x0, 0x9f, 0xff, 0xff, 0xf9, 0x0, 0x0, 0x9f,
    0xff, 0xff, 0xf9, 0x0, 0x0, 0x9f, 0xe6, 0x6e,
    0xf9, 0x0, 0x0, 0x9f, 0xc0, 0xc, 0xf9, 0x0,
    0x0, 0x9f, 0xc0, 0xc, 0xf9, 0x0, 0x0, 0x9f,
    0xff, 0xff, 0xf9, 0x0, 0x0, 0x9f, 0xff, 0xff,
    0xf9, 0x0, 0x99, 0x76, 0x66, 0x66, 0x67, 0x99,
    0xff, 0x60, 0x0, 0x0, 0x6, 0xff, 0xff, 0x60,
    0x0, 0x0, 0x6, 0xff, 0xff, 0xff, 0xff, 0xff,
    0xff, 0xff, 0xff, 0xff, 0xff, 0xff, 0xff, 0xff,
    0xff, 0xa6, 0x66, 0x66, 0x6a, 0xff, 0xff, 0x60,
    0x0, 0x0, 0x6, 0xff, 0xff, 0x60, 0x0, 0x0,
    0x6, 0xff, 0xff, 0x60, 0x0, 0x0, 0x6, 0xff,
    0xff, 0x60, 0x0, 0x0, 0x6, 0xff,

    /* U+00C6 "Æ" */
    0x0, 0x0, 0x3f, 0xff, 0xff, 0xff, 0x0, 0x0,
    0x3f, 0xff, 0xff, 0xff, 0x0, 0x36, 0x8f, 0xf8,
    0x66, 0x66, 0x0, 0x9f, 0xff, 0xf3, 0x0, 0x0,
    0x0, 0x9f, 0xff, 0xf3, 0x0, 0x0, 0xff, 0x60,
    0x3f, 0xf3, 0x0, 0x0, 0xff, 0x60, 0x3f, 0xf3,
    0x0, 0x0, 0xff, 0x60, 0x3f, 0xf8, 0x66, 0x66,
    0xff, 0x60, 0x3f, 0xff, 0xff, 0xff, 0xff, 0x60,
    0x3f, 0xff, 0xff, 0xff, 0xff, 0xff, 0xff, 0xf3,
    0x0, 0x0, 0xff, 0xff, 0xff, 0xf3, 0x0, 0x0,
    0xff, 0xa6, 0x8f, 0xf3, 0x0, 0x0, 0xff, 0x60,
    0x3f, 0xf3, 0x0, 0x0, 0xff, 0x60, 0x3f, 0xf8,
    0x66, 0x66, 0xff, 0x60, 0x3f, 0xff, 0xff, 0xff,
    0xff, 0x60, 0x3f, 0xff, 0xff, 0xff,

    /* U+00C7 "Ç" */
    0x0, 0x9f, 0xff, 0xff, 0xff, 0xff, 0x0, 0x9f,
    0xff, 0xff, 0xff, 0xff, 0x33, 0x56, 0x66, 0x66,
    0x66, 0x66, 0xff, 0x60, 0x0, 0x0, 0x0, 0x0,
    0xff, 0x60, 0x0, 0x0, 0x0, 0x0, 0xff, 0x60,
    0x0, 0x0, 0x0, 0x0, 0xff, 0x60, 0x0, 0x0,
    0x0, 0x0, 0xff, 0x60, 0x0, 0x0, 0x0, 0x0,
    0xff, 0x60, 0x0, 0x0, 0x0, 0x0, 0xff, 0x60,
    0x0, 0x0, 0x0, 0x0, 0x0, 0x9f, 0xff, 0xff,
    0xff, 0xff, 0x0, 0x9f, 0xff, 0xff, 0xff, 0xff,
    0x0, 0x36, 0x66, 0x6e, 0xfc, 0x66, 0x0, 0x0,
    0x0, 0xc, 0xf9, 0x0, 0x0, 0x36, 0x66, 0x6e,
    0xfc, 0x66, 0x0, 0x9f, 0xff, 0xff, 0xff, 0xff,
    0x0, 0x9f, 0xff, 0xff, 0xff, 0xff,

    /* U+00C8 "È" */
    0x0, 0x9f, 0xc0, 0x0, 0x0, 0x0, 0x0, 0x9f,
    0xc0, 0x0, 0x0, 0x0, 0x0, 0x36, 0x69, 0x91,
    0x0, 0x0, 0x0, 0x0, 0x3f, 0xf3, 0x0, 0x0,
    0x0, 0x0, 0x3f, 0xf3, 0x0, 0x0, 0xff, 0xff,
    0xff, 0xff, 0xff, 0xff, 0xff, 0xff, 0xff, 0xff,
    0xff, 0xff, 0xff, 0xa6, 0x66, 0x66, 0x66, 0x66,
    0xff, 0x60, 0x0, 0x0, 0x0, 0x0, 0xff, 0x60,
    0x0, 0x0, 0x0, 0x0, 0xff, 0xff, 0xff, 0xff,
    0xf9, 0x0, 0xff, 0xff, 0xff, 0xff, 0xf9, 0x0,
    0xff, 0xa6, 0x66, 0x66, 0x63, 0x0, 0xff, 0x60,
    0x0, 0x0, 0x0, 0x0, 0xff, 0xa6, 0x66, 0x66,
    0x66, 0x66, 0xff, 0xff, 0xff, 0xff, 0xff, 0xff,
    0xff, 0xff, 0xff, 0xff, 0xff, 0xff,

    /* U+00C9 "É" */
    0x0, 0x0, 0x0, 0xc, 0xf9, 0x0, 0x0, 0x0,
    0x0, 0xc, 0xf9, 0x0, 0x0, 0x0, 0x19, 0x96,
    0x63, 0x0, 0x0, 0x0, 0x3f, 0xf3, 0x0, 0x0,
    0x0, 0x0, 0x3f, 0xf3, 0x0, 0x0, 0xff, 0xff,
    0xff, 0xff, 0xff, 0xff, 0xff, 0xff, 0xff, 0xff,
    0xff, 0xff, 0xff, 0xa6, 0x66, 0x66, 0x66, 0x66,
    0xff, 0x60, 0x0, 0x0, 0x0, 0x0, 0xff, 0x60,
    0x0, 0x0, 0x0, 0x0, 0xff, 0xff, 0xff, 0xff,
    0xf9, 0x0, 0xff, 0xff, 0xff, 0xff, 0xf9, 0x0,
    0xff, 0xa6, 0x66, 0x66, 0x63, 0x0, 0xff, 0x60,
    0x0, 0x0, 0x0, 0x0, 0xff, 0xa6, 0x66, 0x66,
    0x66, 0x66, 0xff, 0xff, 0xff, 0xff, 0xff, 0xff,
    0xff, 0xff, 0xff, 0xff, 0xff, 0xff,

    /* U+00CA "Ê" */
    0x0, 0x0, 0x3f, 0xf3, 0x0, 0x0, 0x0, 0x0,
    0x3f, 0xf3, 0x0, 0x0, 0x0, 0x59, 0x96, 0x69,
    0x95, 0x0, 0x0, 0x9f, 0xc0, 0xc, 0xf9, 0x0,
    0x0, 0x9f, 0xc0, 0xc, 0xf9, 0x0, 0xff, 0xff,
    0xff, 0xff, 0xff, 0xff, 0xff, 0xff, 0xff, 0xff,
    0xff, 0xff, 0xff, 0xa6, 0x66, 0x66, 0x66, 0x66,
    0xff, 0x60, 0x0, 0x0, 0x0, 0x0, 0xff, 0x60,
    0x0, 0x0, 0x0, 0x0, 0xff, 0xff, 0xff, 0xff,
    0xf9, 0x0, 0xff, 0xff, 0xff, 0xff, 0xf9, 0x0,
    0xff, 0xa6, 0x66, 0x66, 0x63, 0x0, 0xff, 0x60,
    0x0, 0x0, 0x0, 0x0, 0xff, 0xa6, 0x66, 0x66,
    0x66, 0x66, 0xff, 0xff, 0xff, 0xff, 0xff, 0xff,
    0xff, 0xff, 0xff, 0xff, 0xff, 0xff,

    /* U+00CB "Ë" */
    0x0, 0x9f, 0xc0, 0xc, 0xf9, 0x0, 0x0, 0x9f,
    0xc0, 0xc, 0xf9, 0x0, 0x0, 0x36, 0x40, 0x4,
    0x63, 0x0, 0x0, 0x0, 0x0, 0x0, 0x0, 0x0,
    0x0, 0x0, 0x0, 0x0, 0x0, 0x0, 0xff, 0xff,
    0xff, 0xff, 0xff, 0xff, 0xff, 0xff, 0xff, 0xff,
    0xff, 0xff, 0xff, 0xa6, 0x66, 0x66, 0x66, 0x66,
    0xff, 0x60, 0x0, 0x0, 0x0, 0x0, 0xff, 0x60,
    0x0, 0x0, 0x0, 0x0, 0xff, 0xff, 0xff, 0xff,
    0xf9, 0x0, 0xff, 0xff, 0xff, 0xff, 0xf9, 0x0,
    0xff, 0xa6, 0x66, 0x66, 0x63, 0x0, 0xff, 0x60,
    0x0, 0x0, 0x0, 0x0, 0xff, 0xa6, 0x66, 0x66,
    0x66, 0x66, 0xff, 0xff, 0xff, 0xff, 0xff, 0xff,
    0xff, 0xff, 0xff, 0xff, 0xff, 0xff,

    /* U+00CC "Ì" */
    0x9f, 0xc0, 0x0, 0x0, 0x9f, 0xc0, 0x0, 0x0,
    0x36, 0x69, 0x91, 0x0, 0x0, 0x3f, 0xf3, 0x0,
    0x0, 0x3f, 0xf3, 0x0, 0x9f, 0xff, 0xff, 0xf9,
    0x9f, 0xff, 0xff, 0xf9, 0x36, 0x8f, 0xf8, 0x63,
    0x0, 0x3f, 0xf3, 0x0, 0x0, 0x3f, 0xf3, 0x0,
    0x0, 0x3f, 0xf3, 0x0, 0x0, 0x3f, 0xf3, 0x0,
    0x0, 0x3f, 0xf3, 0x0, 0x0, 0x3f, 0xf3, 0x0,
    0x36, 0x8f, 0xf8, 0x63, 0x9f, 0xff, 0xff, 0xf9,
    0x9f, 0xff, 0xff, 0xf9,

    /* U+00CD "Í" */
    0x0, 0x0, 0xc, 0xf9, 0x0, 0x0, 0xc, 0xf9,
    0x0, 0x19, 0x96, 0x63, 0x0, 0x3f, 0xf3, 0x0,
    0x0, 0x3f, 0xf3, 0x0, 0x9f, 0xff, 0xff, 0xf9,
    0x9f, 0xff, 0xff, 0xf9, 0x36, 0x8f, 0xf8, 0x63,
    0x0, 0x3f, 0xf3, 0x0, 0x0, 0x3f, 0xf3, 0x0,
    0x0, 0x3f, 0xf3, 0x0, 0x0, 0x3f, 0xf3, 0x0,
    0x0, 0x3f, 0xf3, 0x0, 0x0, 0x3f, 0xf3, 0x0,
    0x36, 0x8f, 0xf8, 0x63, 0x9f, 0xff, 0xff, 0xf9,
    0x9f, 0xff, 0xff, 0xf9,

    /* U+00CE "Î" */
    0x0, 0x3f, 0xf3, 0x0, 0x0, 0x3f, 0xf3, 0x0,
    0x0, 0x16, 0x61, 0x0, 0x9f, 0xc0, 0xc, 0xf9,
    0x9f, 0xc0, 0xc, 0xf9, 0x9f, 0xff, 0xff, 0xf9,
    0x9f, 0xff, 0xff, 0xf9, 0x7d, 0xdf, 0xfd, 0xd7,
    0x0, 0x3f, 0xf3, 0x0, 0x0, 0x3f, 0xf3, 0x0,
    0x0, 0x3f, 0xf3, 0x0, 0x0, 0x3f, 0xf3, 0x0,
    0x0, 0x3f, 0xf3, 0x0, 0x0, 0x3f, 0xf3, 0x0,
    0x36, 0x8f, 0xf8, 0x63, 0x9f, 0xff, 0xff, 0xf9,
    0x9f, 0xff, 0xff, 0xf9,

    /* U+00CF "Ï" */
    0x9f, 0xc0, 0xc, 0xf9, 0x9f, 0xc0, 0xc, 0xf9,
    0x36, 0x40, 0x4, 0x63, 0x0, 0x0, 0x0, 0x0,
    0x0, 0x0, 0x0, 0x0, 0x9f, 0xff, 0xff, 0xf9,
    0x9f, 0xff, 0xff, 0xf9, 0x36, 0x8f, 0xf8, 0x63,
    0x0, 0x3f, 0xf3, 0x0, 0x0, 0x3f, 0xf3, 0x0,
    0x0, 0x3f, 0xf3, 0x0, 0x0, 0x3f, 0xf3, 0x0,
    0x0, 0x3f, 0xf3, 0x0, 0x0, 0x3f, 0xf3, 0x0,
    0x36, 0x8f, 0xf8, 0x63, 0x9f, 0xff, 0xff, 0xf9,
    0x9f, 0xff, 0xff, 0xf9,

    /* U+00D0 "Ð" */
    0x0, 0x9f, 0xff, 0xf3, 0x0, 0x0, 0x0, 0x9f,
    0xff, 0xf3, 0x0, 0x0, 0x0, 0x9f, 0xe6, 0x66,
    0x63, 0x0, 0x0, 0x9f, 0xc0, 0xc, 0xf9, 0x0,
    0x0, 0x9f, 0xc0, 0xc, 0xf9, 0x0, 0x0, 0x9f,
    0xc0, 0x0, 0x6, 0xff, 0x0, 0x9f, 0xc0, 0x0,
    0x6, 0xff, 0x66, 0xcf, 0xe6, 0x61, 0x6, 0xff,
    0xff, 0xff, 0xff, 0xf3, 0x6, 0xff, 0xff, 0xff,
    0xff, 0xf3, 0x6, 0xff, 0x0, 0x9f, 0xc0, 0x0,
    0x6, 0xff, 0x0, 0x9f, 0xc0, 0x0, 0x6, 0xff,
    0x0, 0x9f, 0xc0, 0xc, 0xfa, 0x33, 0x0, 0x9f,
    0xc0, 0xc, 0xf9, 0x0, 0x0, 0x9f, 0xe6, 0x66,
    0x63, 0x0, 0x0, 0x9f, 0xff, 0xf3, 0x0, 0x0,
    0x0, 0x9f, 0xff, 0xf3, 0x0, 0x0,

    /* U+00D1 "Ñ" */
    0x0, 0x9f, 0xc0, 0x0, 0x6, 0xff, 0x0, 0x9f,
    0xc0, 0x0, 0x6, 0xff, 0x66, 0x66, 0x66, 0x66,
    0x66, 0x66, 0xff, 0x60, 0x3f, 0xff, 0xf9, 0x0,
    0xff, 0x60, 0x3f, 0xff, 0xf9, 0x0, 0xff, 0x60,
    0x0, 0x0, 0x6, 0xff, 0xff, 0x60, 0x0, 0x0,
    0x6, 0xff, 0xff, 0xa6, 0x40, 0x0, 0x6, 0xff,
    0xff, 0xff, 0xc0, 0x0, 0x6, 0xff, 0xff, 0xff,
    0xc0, 0x0, 0x6, 0xff, 0xff, 0x60, 0x3f, 0xf3,
    0x6, 0xff, 0xff, 0x60, 0x3f, 0xf3, 0x6, 0xff,
    0xff, 0x60, 0x0, 0xc, 0xff, 0xff, 0xff, 0x60,
    0x0, 0xc, 0xff, 0xff, 0xff, 0x60, 0x0, 0x4,
    0x6a, 0xff, 0xff, 0x60, 0x0, 0x0, 0x6, 0xff,
    0xff, 0x60, 0x0, 0x0, 0x6, 0xff,

    /* U+00D2 "Ò" */
    0x0, 0x9f, 0xc0, 0x0, 0x0, 0x0, 0x0, 0x9f,
    0xc0, 0x0, 0x0, 0x0, 0x0, 0x36, 0x69, 0x91,
    0x0, 0x0, 0x0, 0x0, 0x3f, 0xf3, 0x0, 0x0,
    0x0, 0x0, 0x3f, 0xf3, 0x0, 0x0, 0x0, 0x9f,
    0xff, 0xff, 0xf9, 0x0, 0x0, 0x9f, 0xff, 0xff,
    0xf9, 0x0, 0xff, 0xa6, 0x66, 0x66, 0x6a, 0xff,
    0xff, 0x60, 0x0, 0x0, 0x6, 0xff, 0xff, 0x60,
    0x0, 0x0, 0x6, 0xff, 0xff, 0x60, 0x0, 0x0,
    0x6, 0xff, 0xff, 0x60, 0x0, 0x0, 0x6, 0xff,
    0xff, 0x60, 0x0, 0x0, 0x6, 0xff, 0xff, 0x60,
    0x0, 0x0, 0x6, 0xff, 0x33, 0x56, 0x66, 0x66,
    0x65, 0x33, 0x0, 0x9f, 0xff, 0xff, 0xf9, 0x0,
    0x0, 0x9f, 0xff, 0xff, 0xf9, 0x0,

    /* U+00D3 "Ó" */
    0x0, 0x0, 0x0, 0xc, 0xf9, 0x0, 0x0, 0x0,
    0x0, 0xc, 0xf9, 0x0, 0x0, 0x0, 0x19, 0x96,
    0x63, 0x0, 0x0, 0x0, 0x3f, 0xf3, 0x0, 0x0,
    0x0, 0x0, 0x3f, 0xf3, 0x0, 0x0, 0x0, 0x9f,
    0xff, 0xff, 0xf9, 0x0, 0x0, 0x9f, 0xff, 0xff,
    0xf9, 0x0, 0xff, 0xa6, 0x66, 0x66, 0x6a, 0xff,
    0xff, 0x60, 0x0, 0x0, 0x6, 0xff, 0xff, 0x60,
    0x0, 0x0, 0x6, 0xff, 0xff, 0x60, 0x0, 0x0,
    0x6, 0xff, 0xff, 0x60, 0x0, 0x0, 0x6, 0xff,
    0xff, 0x60, 0x0, 0x0, 0x6, 0xff, 0xff, 0x60,
    0x0, 0x0, 0x6, 0xff, 0x33, 0x56, 0x66, 0x66,
    0x65, 0x33, 0x0, 0x9f, 0xff, 0xff, 0xf9, 0x0,
    0x0, 0x9f, 0xff, 0xff, 0xf9, 0x0,

    /* U+00D4 "Ô" */
    0x0, 0x0, 0x3f, 0xf3, 0x0, 0x0, 0x0, 0x0,
    0x3f, 0xf3, 0x0, 0x0, 0x0, 0x59, 0x96, 0x69,
    0x95, 0x0, 0x0, 0x9f, 0xc0, 0xc, 0xf9, 0x0,
    0x0, 0x9f, 0xc0, 0xc, 0xf9, 0x0, 0x0, 0x9f,
    0xff, 0xff, 0xf9, 0x0, 0x0, 0x9f, 0xff, 0xff,
    0xf9, 0x0, 0xff, 0xa6, 0x66, 0x66, 0x6a, 0xff,
    0xff, 0x60, 0x0, 0x0, 0x6, 0xff, 0xff, 0x60,
    0x0, 0x0, 0x6, 0xff, 0xff, 0x60, 0x0, 0x0,
    0x6, 0xff, 0xff, 0x60, 0x0, 0x0, 0x6, 0xff,
    0xff, 0x60, 0x0, 0x0, 0x6, 0xff, 0xff, 0x60,
    0x0, 0x0, 0x6, 0xff, 0x33, 0x56, 0x66, 0x66,
    0x65, 0x33, 0x0, 0x9f, 0xff, 0xff, 0xf9, 0x0,
    0x0, 0x9f, 0xff, 0xff, 0xf9, 0x0,

    /* U+00D5 "Õ" */
    0x0, 0x9f, 0xc0, 0x0, 0x6, 0xff, 0x0, 0x9f,
    0xc0, 0x0, 0x6, 0xff, 0x66, 0x66, 0x66, 0x66,
    0x66, 0x66, 0xff, 0x60, 0x3f, 0xff, 0xf9, 0x0,
    0xff, 0x60, 0x3f, 0xff, 0xf9, 0x0, 0x0, 0x9f,
    0xff, 0xff, 0xf9, 0x0, 0x0, 0x9f, 0xff, 0xff,
    0xf9, 0x0, 0xff, 0xa6, 0x66, 0x66, 0x6a, 0xff,
    0xff, 0x60, 0x0, 0x0, 0x6, 0xff, 0xff, 0x60,
    0x0, 0x0, 0x6, 0xff, 0xff, 0x60, 0x0, 0x0,
    0x6, 0xff, 0xff, 0x60, 0x0, 0x0, 0x6, 0xff,
    0xff, 0x60, 0x0, 0x0, 0x6, 0xff, 0xff, 0x60,
    0x0, 0x0, 0x6, 0xff, 0x33, 0x56, 0x66, 0x66,
    0x65, 0x33, 0x0, 0x9f, 0xff, 0xff, 0xf9, 0x0,
    0x0, 0x9f, 0xff, 0xff, 0xf9, 0x0,

    /* U+00D6 "Ö" */
    0x0, 0x9f, 0xc0, 0xc, 0xf9, 0x0, 0x0, 0x9f,
    0xc0, 0xc, 0xf9, 0x0, 0x0, 0x36, 0x40, 0x4,
    0x63, 0x0, 0x0, 0x0, 0x0, 0x0, 0x0, 0x0,
    0x0, 0x0, 0x0, 0x0, 0x0, 0x0, 0x0, 0x9f,
    0xff, 0xff, 0xf9, 0x0, 0x0, 0x9f, 0xff, 0xff,
    0xf9, 0x0, 0xff, 0xa6, 0x66, 0x66, 0x6a, 0xff,
    0xff, 0x60, 0x0, 0x0, 0x6, 0xff, 0xff, 0x60,
    0x0, 0x0, 0x6, 0xff, 0xff, 0x60, 0x0, 0x0,
    0x6, 0xff, 0xff, 0x60, 0x0, 0x0, 0x6, 0xff,
    0xff, 0x60, 0x0, 0x0, 0x6, 0xff, 0xff, 0x60,
    0x0, 0x0, 0x6, 0xff, 0x33, 0x56, 0x66, 0x66,
    0x65, 0x33, 0x0, 0x9f, 0xff, 0xff, 0xf9, 0x0,
    0x0, 0x9f, 0xff, 0xff, 0xf9, 0x0,

    /* U+00D7 "×" */
    0x66, 0x20, 0x0, 0x0, 0x2, 0x66, 0xff, 0x60,
    0x0, 0x0, 0x6, 0xff, 0xff, 0x60, 0x0, 0x0,
    0x6, 0xff, 0x0, 0x9f, 0xc0, 0xc, 0xf9, 0x0,
    0x0, 0x9f, 0xc0, 0xc, 0xf9, 0x0, 0x0, 0x36,
    0x66, 0x66, 0x63, 0x0, 0x0, 0x0, 0x3f, 0xf3,
    0x0, 0x0, 0x0, 0x0, 0x3f, 0xf3, 0x0, 0x0,
    0x0, 0x9f, 0xc0, 0xc, 0xf9, 0x0, 0x0, 0x9f,
    0xc0, 0xc, 0xf9, 0x0, 0xff, 0x60, 0x0, 0x0,
    0x6, 0xff, 0xff, 0x60, 0x0, 0x0, 0x6, 0xff,
    0x66, 0x20, 0x0, 0x0, 0x2, 0x66,

    /* U+00D8 "Ø" */
    0x0, 0x0, 0x3f, 0xf3, 0x0, 0x0, 0x0, 0x0,
    0x3f, 0xf3, 0x0, 0x0, 0x0, 0x0, 0x16, 0x61,
    0x0, 0x0, 0x0, 0x9f, 0xc0, 0xc, 0xf9, 0x0,
    0x0, 0x9f, 0xc0, 0xc, 0xf9, 0x0, 0x0, 0x9f,
    0xc0, 0xc, 0xff, 0xff, 0x0, 0x9f, 0xc0, 0xc,
    0xff, 0xff, 0x0, 0x9f, 0xe6, 0x6e, 0xfc, 0x66,
    0x0, 0x9f, 0xff, 0xff, 0xf9, 0x0, 0x0, 0x9f,
    0xff, 0xff, 0xf9, 0x0, 0xff, 0xff, 0xc0, 0xc,
    0xf9, 0x0, 0xff, 0xff, 0xc0, 0xc, 0xf9, 0x0,
    0x66, 0xcf, 0xc0, 0xc, 0xf9, 0x0, 0x0, 0x9f,
    0xc0, 0xc, 0xf9, 0x0, 0x0, 0x59, 0x86, 0x68,
    0x95, 0x0, 0x0, 0x0, 0x3f, 0xf3, 0x0, 0x0,
    0x0, 0x0, 0x3f, 0xf3, 0x0, 0x0,

    /* U+00D9 "Ù" */
    0x0, 0x9f, 0xc0, 0x0, 0x0, 0x0, 0x0, 0x9f,
    0xc0, 0x0, 0x0, 0x0, 0x0, 0x36, 0x66, 0x61,
    0x0, 0x0, 0x0, 0x0, 0x3f, 0xf3, 0x0, 0x0,
    0x0, 0x0, 0x3f, 0xf3, 0x0, 0x0, 0xff, 0x60,
    0x0, 0x0, 0x6, 0xff, 0xff, 0x60, 0x0, 0x0,
    0x6, 0xff, 0xff, 0x60, 0x0, 0x0, 0x6, 0xff,
    0xff, 0x60, 0x0, 0x0, 0x6, 0xff, 0xff, 0x60,
    0x0, 0x0, 0x6, 0xff, 0xff, 0x60, 0x0, 0x0,
    0x6, 0xff, 0xff, 0x60, 0x0, 0x0, 0x6, 0xff,
    0xff, 0x60, 0x0, 0x0, 0x6, 0xff, 0xff, 0x60,
    0x0, 0x0, 0x6, 0xff, 0x99, 0x76, 0x66, 0x66,
    0x67, 0x99, 0x0, 0x9f, 0xff, 0xff, 0xf9, 0x0,
    0x0, 0x9f, 0xff, 0xff, 0xf9, 0x0,

    /* U+00DA "Ú" */
    0x0, 0x0, 0x0, 0xc, 0xf9, 0x0, 0x0, 0x0,
    0x0, 0xc, 0xf9, 0x0, 0x0, 0x0, 0x16, 0x66,
    0x63, 0x0, 0x0, 0x0, 0x3f, 0xf3, 0x0, 0x0,
    0x0, 0x0, 0x3f, 0xf3, 0x0, 0x0, 0xff, 0x60,
    0x0, 0x0, 0x6, 0xff, 0xff, 0x60, 0x0, 0x0,
    0x6, 0xff, 0xff, 0x60, 0x0, 0x0, 0x6, 0xff,
    0xff, 0x60, 0x0, 0x0, 0x6, 0xff, 0xff, 0x60,
    0x0, 0x0, 0x6, 0xff, 0xff, 0x60, 0x0, 0x0,
    0x6, 0xff, 0xff, 0x60, 0x0, 0x0, 0x6, 0xff,
    0xff, 0x60, 0x0, 0x0, 0x6, 0xff, 0xff, 0x60,
    0x0, 0x0, 0x6, 0xff, 0x99, 0x76, 0x66, 0x66,
    0x67, 0x99, 0x0, 0x9f, 0xff, 0xff, 0xf9, 0x0,
    0x0, 0x9f, 0xff, 0xff, 0xf9, 0x0,

    /* U+00DB "Û" */
    0x0, 0x0, 0x3f, 0xf3, 0x0, 0x0, 0x0, 0x0,
    0x3f, 0xf3, 0x0, 0x0, 0x0, 0x36, 0x66, 0x66,
    0x63, 0x0, 0x0, 0x9f, 0xc0, 0xc, 0xf9, 0x0,
    0x0, 0x9f, 0xc0, 0xc, 0xf9, 0x0, 0xff, 0x60,
    0x0, 0x0, 0x6, 0xff, 0xff, 0x60, 0x0, 0x0,
    0x6, 0xff, 0xff, 0x60, 0x0, 0x0, 0x6, 0xff,
    0xff, 0x60, 0x0, 0x0, 0x6, 0xff, 0xff, 0x60,
    0x0, 0x0, 0x6, 0xff, 0xff, 0x60, 0x0, 0x0,
    0x6, 0xff, 0xff, 0x60, 0x0, 0x0, 0x6, 0xff,
    0xff, 0x60, 0x0, 0x0, 0x6, 0xff, 0xff, 0x60,
    0x0, 0x0, 0x6, 0xff, 0x99, 0x76, 0x66, 0x66,
    0x67, 0x99, 0x0, 0x9f, 0xff, 0xff, 0xf9, 0x0,
    0x0, 0x9f, 0xff, 0xff, 0xf9, 0x0,

    /* U+00DC "Ü" */
    0x0, 0x9f, 0xc0, 0xc, 0xf9, 0x0, 0x0, 0x9f,
    0xc0, 0xc, 0xf9, 0x0, 0x0, 0x36, 0x40, 0x4,
    0x63, 0x0, 0x0, 0x0, 0x0, 0x0, 0x0, 0x0,
    0x0, 0x0, 0x0, 0x0, 0x0, 0x0, 0xff, 0x60,
    0x0, 0x0, 0x6, 0xff, 0xff, 0x60, 0x0, 0x0,
    0x6, 0xff, 0xff, 0x60, 0x0, 0x0, 0x6, 0xff,
    0xff, 0x60, 0x0, 0x0, 0x6, 0xff, 0xff, 0x60,
    0x0, 0x0, 0x6, 0xff, 0xff, 0x60, 0x0, 0x0,
    0x6, 0xff, 0xff, 0x60, 0x0, 0x0, 0x6, 0xff,
    0xff, 0x60, 0x0, 0x0, 0x6, 0xff, 0xff, 0x60,
    0x0, 0x0, 0x6, 0xff, 0x99, 0x76, 0x66, 0x66,
    0x67, 0x99, 0x0, 0x9f, 0xff, 0xff, 0xf9, 0x0,
    0x0, 0x9f, 0xff, 0xff, 0xf9, 0x0,

    /* U+00DD "Ý" */
    0x0, 0x0, 0x0, 0xc, 0xf9, 0x0, 0x0, 0x0,
    0x0, 0xc, 0xf9, 0x0, 0x0, 0x0, 0x16, 0x66,
    0x63, 0x0, 0x0, 0x0, 0x3f, 0xf3, 0x0, 0x0,
    0x0, 0x0, 0x3f, 0xf3, 0x0, 0x0, 0xff, 0x60,
    0x0, 0x0, 0x6, 0xff, 0xff, 0x60, 0x0, 0x0,
    0x6, 0xff, 0x66, 0x66, 0x40, 0x4, 0x66, 0x66,
    0x0, 0x9f, 0xc0, 0xc, 0xf9, 0x0, 0x0, 0x7c,
    0xa3, 0x3a, 0xc7, 0x0, 0x0, 0x0, 0x3f, 0xf3,
    0x0, 0x0, 0x0, 0x0, 0x3f, 0xf3, 0x0, 0x0,
    0x0, 0x0, 0x3f, 0xf3, 0x0, 0x0, 0x0, 0x0,
    0x3f, 0xf3, 0x0, 0x0, 0x0, 0x0, 0x3f, 0xf3,
    0x0, 0x0, 0x0, 0x0, 0x3f, 0xf3, 0x0, 0x0,
    0x0, 0x0, 0x3f, 0xf3, 0x0, 0x0,

    /* U+00DE "Þ" */
    0xff, 0x60, 0x0, 0x0, 0x0, 0x0, 0xff, 0x60,
    0x0, 0x0, 0x0, 0x0, 0xff, 0xa6, 0x66, 0x66,
    0x63, 0x0, 0xff, 0xff, 0xff, 0xff, 0xf9, 0x0,
    0xff, 0xff, 0xff, 0xff, 0xf9, 0x0, 0xff, 0x60,
    0x0, 0x0, 0x6, 0xff, 0xff, 0x60, 0x0, 0x0,
    0x6, 0xff, 0xff, 0x60, 0x0, 0x0, 0x6, 0xff,
    0xff, 0x60, 0x0, 0x0, 0x6, 0xff, 0xff, 0x60,
    0x0, 0x0, 0x5, 0xcc, 0xff, 0xff, 0xff, 0xff,
    0xf9, 0x0, 0xff, 0xff, 0xff, 0xff, 0xf9, 0x0,
    0xff, 0xa6, 0x66, 0x66, 0x63, 0x0, 0xff, 0x60,
    0x0, 0x0, 0x0, 0x0, 0xff, 0x60, 0x0, 0x0,
    0x0, 0x0, 0xff, 0x60, 0x0, 0x0, 0x0, 0x0,
    0xff, 0x60, 0x0, 0x0, 0x0, 0x0,

    /* U+00DF "ß" */
    0x0, 0x9f, 0xff, 0xff, 0xf9, 0x0, 0x0, 0x9f,
    0xff, 0xff, 0xf9, 0x0, 0x66, 0x66, 0x66, 0x66,
    0x66, 0x66, 0xff, 0x60, 0x0, 0x0, 0x6, 0xff,
    0xff, 0x60, 0x0, 0x0, 0x6, 0xff, 0xff, 0x60,
    0x3f, 0xff, 0xf9, 0x0, 0xff, 0x60, 0x3f, 0xff,
    0xf9, 0x0, 0xff, 0x60, 0x16, 0x66, 0x69, 0xcc,
    0xff, 0x60, 0x0, 0x0, 0x6, 0xff, 0xff, 0x60,
    0x0, 0x0, 0x6, 0xff, 0xff, 0x60, 0x0, 0x0,
    0x6, 0xff, 0xff, 0x60, 0x0, 0x0, 0x6, 0xff,
    0xff, 0xff, 0xc0, 0x0, 0x6, 0xff, 0xff, 0xff,
    0xc0, 0x0, 0x6, 0xff, 0xff, 0xa6, 0x66, 0x66,
    0x66, 0x66, 0xff, 0x60, 0x3f, 0xff, 0xf9, 0x0,
    0xff, 0x60, 0x3f, 0xff, 0xf9, 0x0,

    /* U+00E0 "à" */
    0x0, 0x9f, 0xc0, 0x0, 0x0, 0x0, 0x0, 0x9f,
    0xc0, 0x0, 0x0, 0x0, 0x0, 0x36, 0x69, 0x91,
    0x0, 0x0, 0x0, 0x0, 0x3f, 0xf3, 0x0, 0x0,
    0x0, 0x0, 0x3f, 0xf3, 0x0, 0x0, 0x0, 0x9f,
    0xff, 0xff, 0xf9, 0x0, 0x0, 0x9f, 0xff, 0xff,
    0xf9, 0x0, 0x0, 0x36, 0x66, 0x66, 0x67, 0x99,
    0x0, 0x0, 0x0, 0x0, 0x6, 0xff, 0x0, 0x0,
    0x0, 0x0, 0x6, 0xff, 0x0, 0x9f, 0xff, 0xff,
    0xff, 0xff, 0x0, 0x9f, 0xff, 0xff, 0xff, 0xff,
    0xff, 0x60, 0x0, 0x0, 0x6, 0xff, 0xff, 0x60,
    0x0, 0x0, 0x6, 0xff, 0x66, 0x66, 0x66, 0x66,
    0x6a, 0xff, 0x0, 0x9f, 0xff, 0xff, 0xff, 0xff,
    0x0, 0x9f, 0xff, 0xff, 0xff, 0xff,

    /* U+00E1 "á" */
    0x0, 0x0, 0x0, 0xc, 0xf9, 0x0, 0x0, 0x0,
    0x0, 0xc, 0xf9, 0x0, 0x0, 0x0, 0x19, 0x96,
    0x63, 0x0, 0x0, 0x0, 0x3f, 0xf3, 0x0, 0x0,
    0x0, 0x0, 0x3f, 0xf3, 0x0, 0x0, 0x0, 0x9f,
    0xff, 0xff, 0xf9, 0x0, 0x0, 0x9f, 0xff, 0xff,
    0xf9, 0x0, 0x0, 0x36, 0x66, 0x66, 0x67, 0x99,
    0x0, 0x0, 0x0, 0x0, 0x6, 0xff, 0x0, 0x0,
    0x0, 0x0, 0x6, 0xff, 0x0, 0x9f, 0xff, 0xff,
    0xff, 0xff, 0x0, 0x9f, 0xff, 0xff, 0xff, 0xff,
    0xff, 0x60, 0x0, 0x0, 0x6, 0xff, 0xff, 0x60,
    0x0, 0x0, 0x6, 0xff, 0x66, 0x66, 0x66, 0x66,
    0x6a, 0xff, 0x0, 0x9f, 0xff, 0xff, 0xff, 0xff,
    0x0, 0x9f, 0xff, 0xff, 0xff, 0xff,

    /* U+00E2 "â" */
    0x0, 0x0, 0x3f, 0xf3, 0x0, 0x0, 0x0, 0x0,
    0x3f, 0xf3, 0x0, 0x0, 0x0, 0x59, 0x96, 0x69,
    0x95, 0x0, 0x0, 0x9f, 0xc0, 0xc, 0xf9, 0x0,
    0x0, 0x9f, 0xc0, 0xc, 0xf9, 0x0, 0x0, 0x9f,
    0xff, 0xff, 0xf9, 0x0, 0x0, 0x9f, 0xff, 0xff,
    0xf9, 0x0, 0x0, 0x36, 0x66, 0x66, 0x67, 0x99,
    0x0, 0x0, 0x0, 0x0, 0x6, 0xff, 0x0, 0x0,
    0x0, 0x0, 0x6, 0xff, 0x0, 0x9f, 0xff, 0xff,
    0xff, 0xff, 0x0, 0x9f, 0xff, 0xff, 0xff, 0xff,
    0xff, 0x60, 0x0, 0x0, 0x6, 0xff, 0xff, 0x60,
    0x0, 0x0, 0x6, 0xff, 0x66, 0x66, 0x66, 0x66,
    0x6a, 0xff, 0x0, 0x9f, 0xff, 0xff, 0xff, 0xff,
    0x0, 0x9f, 0xff, 0xff, 0xff, 0xff,

    /* U+00E3 "ã" */
    0x0, 0x9f, 0xc0, 0x0, 0x6, 0xff, 0x0, 0x9f,
    0xc0, 0x0, 0x6, 0xff, 0x66, 0x66, 0x66, 0x66,
    0x66, 0x66, 0xff, 0x60, 0x3f, 0xff, 0xf9, 0x0,
    0xff, 0x60, 0x3f, 0xff, 0xf9, 0x0, 0x0, 0x9f,
    0xff, 0xff, 0xf9, 0x0, 0x0, 0x9f, 0xff, 0xff,
    0xf9, 0x0, 0x0, 0x36, 0x66, 0x66, 0x67, 0x99,
    0x0, 0x0, 0x0, 0x0, 0x6, 0xff, 0x0, 0x0,
    0x0, 0x0, 0x6, 0xff, 0x0, 0x9f, 0xff, 0xff,
    0xff, 0xff, 0x0, 0x9f, 0xff, 0xff, 0xff, 0xff,
    0xff, 0x60, 0x0, 0x0, 0x6, 0xff, 0xff, 0x60,
    0x0, 0x0, 0x6, 0xff, 0x66, 0x66, 0x66, 0x66,
    0x6a, 0xff, 0x0, 0x9f, 0xff, 0xff, 0xff, 0xff,
    0x0, 0x9f, 0xff, 0xff, 0xff, 0xff,

    /* U+00E4 "ä" */
    0x0, 0x9f, 0xc0, 0xc, 0xf9, 0x0, 0x0, 0x9f,
    0xc0, 0xc, 0xf9, 0x0, 0x0, 0x36, 0x40, 0x4,
    0x63, 0x0, 0x0, 0x0, 0x0, 0x0, 0x0, 0x0,
    0x0, 0x0, 0x0, 0x0, 0x0, 0x0, 0x0, 0x9f,
    0xff, 0xff, 0xf9, 0x0, 0x0, 0x9f, 0xff, 0xff,
    0xf9, 0x0, 0x0, 0x36, 0x66, 0x66, 0x67, 0x99,
    0x0, 0x0, 0x0, 0x0, 0x6, 0xff, 0x0, 0x0,
    0x0, 0x0, 0x6, 0xff, 0x0, 0x9f, 0xff, 0xff,
    0xff, 0xff, 0x0, 0x9f, 0xff, 0xff, 0xff, 0xff,
    0xff, 0x60, 0x0, 0x0, 0x6, 0xff, 0xff, 0x60,
    0x0, 0x0, 0x6, 0xff, 0x66, 0x66, 0x66, 0x66,
    0x6a, 0xff, 0x0, 0x9f, 0xff, 0xff, 0xff, 0xff,
    0x0, 0x9f, 0xff, 0xff, 0xff, 0xff,

    /* U+00E5 "å" */
    0x0, 0x9f, 0xff, 0xff, 0xf9, 0x0, 0x0, 0x9f,
    0xff, 0xff, 0xf9, 0x0, 0x0, 0x9f, 0xe6, 0x6e,
    0xf9, 0x0, 0x0, 0x9f, 0xc0, 0xc, 0xf9, 0x0,
    0x0, 0x9f, 0xc0, 0xc, 0xf9, 0x0, 0x0, 0x9f,
    0xff, 0xff, 0xf9, 0x0, 0x0, 0x9f, 0xff, 0xff,
    0xf9, 0x0, 0x0, 0x36, 0x66, 0x66, 0x67, 0x99,
    0x0, 0x0, 0x0, 0x0, 0x6, 0xff, 0x0, 0x0,
    0x0, 0x0, 0x6, 0xff, 0x0, 0x9f, 0xff, 0xff,
    0xff, 0xff, 0x0, 0x9f, 0xff, 0xff, 0xff, 0xff,
    0xff, 0x60, 0x0, 0x0, 0x6, 0xff, 0xff, 0x60,
    0x0, 0x0, 0x6, 0xff, 0x66, 0x66, 0x66, 0x66,
    0x6a, 0xff, 0x0, 0x9f, 0xff, 0xff, 0xff, 0xff,
    0x0, 0x9f, 0xff, 0xff, 0xff, 0xff,

    /* U+00E6 "æ" */
    0xff, 0xff, 0xc0, 0xc, 0xf9, 0x0, 0xff, 0xff,
    0xc0, 0xc, 0xf9, 0x0, 0x66, 0x66, 0x79, 0x97,
    0x67, 0x99, 0x0, 0x0, 0x3f, 0xf3, 0x6, 0xff,
    0x0, 0x0, 0x3f, 0xf3, 0x6, 0xff, 0x0, 0x9f,
    0xff, 0xff, 0xff, 0xff, 0x0, 0x9f, 0xff, 0xff,
    0xff, 0xff, 0xcc, 0x73, 0x5f, 0xf5, 0x33, 0x33,
    0xff, 0x60, 0x3f, 0xf3, 0x0, 0x0, 0xff, 0xa6,
    0x8f, 0xf8, 0x66, 0x66, 0xff, 0xff, 0xff, 0xff,
    0xff, 0xff, 0xff, 0xff, 0xff, 0xff, 0xff, 0xff,

    /* U+00E7 "ç" */
    0x0, 0x36, 0x66, 0x66, 0x63, 0x0, 0x9f, 0xff,
    0xff, 0xf9, 0x0, 0x9f, 0xff, 0xff, 0xf9, 0xff,
    0x60, 0x0, 0x0, 0x0, 0xff, 0x60, 0x0, 0x0,
    0x0, 0xff, 0x60, 0x0, 0x0, 0x0, 0xff, 0x60,
    0x0, 0x0, 0x0, 0xcc, 0x50, 0x0, 0x0, 0x0,
    0x0, 0x9f, 0xff, 0xff, 0xf9, 0x0, 0x9f, 0xff,
    0xff, 0xf9, 0x0, 0x36, 0x8f, 0xf8, 0x63, 0x0,
    0x0, 0x3f, 0xf3, 0x0, 0x66, 0x66, 0x8f, 0xf3,
    0x0, 0xff, 0xff, 0xff, 0xf3, 0x0, 0xff, 0xff,
    0xff, 0xf3, 0x0,

    /* U+00E8 "è" */
    0x0, 0x9f, 0xc0, 0x0, 0x0, 0x0, 0x0, 0x9f,
    0xc0, 0x0, 0x0, 0x0, 0x0, 0x36, 0x69, 0x91,
    0x0, 0x0, 0x0, 0x0, 0x3f, 0xf3, 0x0, 0x0,
    0x0, 0x0, 0x3f, 0xf3, 0x0, 0x0, 0x0, 0x9f,
    0xff, 0xff, 0xf9, 0x0, 0x0, 0x9f, 0xff, 0xff,
    0xf9, 0x0, 0xff, 0xa6, 0x66, 0x66, 0x6a, 0xff,
    0xff, 0x60, 0x0, 0x0, 0x6, 0xff, 0xff, 0x60,
    0x0, 0x0, 0x6, 0xff, 0xff, 0xff, 0xff, 0xff,
    0xff, 0xff, 0xff, 0xff, 0xff, 0xff, 0xff, 0xff,
    0xff, 0xa6, 0x66, 0x66, 0x66, 0x66, 0xff, 0x60,
    0x0, 0x0, 0x0, 0x0, 0x33, 0x56, 0x66, 0x66,
    0x63, 0x0, 0x0, 0x9f, 0xff, 0xff, 0xf9, 0x0,
    0x0, 0x9f, 0xff, 0xff, 0xf9, 0x0,

    /* U+00E9 "é" */
    0x0, 0x0, 0x0, 0xc, 0xf9, 0x0, 0x0, 0x0,
    0x0, 0xc, 0xf9, 0x0, 0x0, 0x0, 0x19, 0x96,
    0x63, 0x0, 0x0, 0x0, 0x3f, 0xf3, 0x0, 0x0,
    0x0, 0x0, 0x3f, 0xf3, 0x0, 0x0, 0x0, 0x9f,
    0xff, 0xff, 0xf9, 0x0, 0x0, 0x9f, 0xff, 0xff,
    0xf9, 0x0, 0xff, 0xa6, 0x66, 0x66, 0x6a, 0xff,
    0xff, 0x60, 0x0, 0x0, 0x6, 0xff, 0xff, 0x60,
    0x0, 0x0, 0x6, 0xff, 0xff, 0xff, 0xff, 0xff,
    0xff, 0xff, 0xff, 0xff, 0xff, 0xff, 0xff, 0xff,
    0xff, 0xa6, 0x66, 0x66, 0x66, 0x66, 0xff, 0x60,
    0x0, 0x0, 0x0, 0x0, 0x33, 0x56, 0x66, 0x66,
    0x63, 0x0, 0x0, 0x9f, 0xff, 0xff, 0xf9, 0x0,
    0x0, 0x9f, 0xff, 0xff, 0xf9, 0x0,

    /* U+00EA "ê" */
    0x0, 0x0, 0x3f, 0xf3, 0x0, 0x0, 0x0, 0x0,
    0x3f, 0xf3, 0x0, 0x0, 0x0, 0x59, 0x96, 0x69,
    0x95, 0x0, 0x0, 0x9f, 0xc0, 0xc, 0xf9, 0x0,
    0x0, 0x9f, 0xc0, 0xc, 0xf9, 0x0, 0x0, 0x9f,
    0xff, 0xff, 0xf9, 0x0, 0x0, 0x9f, 0xff, 0xff,
    0xf9, 0x0, 0xff, 0xa6, 0x66, 0x66, 0x6a, 0xff,
    0xff, 0x60, 0x0, 0x0, 0x6, 0xff, 0xff, 0x60,
    0x0, 0x0, 0x6, 0xff, 0xff, 0xff, 0xff, 0xff,
    0xff, 0xff, 0xff, 0xff, 0xff, 0xff, 0xff, 0xff,
    0xff, 0xa6, 0x66, 0x66, 0x66, 0x66, 0xff, 0x60,
    0x0, 0x0, 0x0, 0x0, 0x33, 0x56, 0x66, 0x66,
    0x63, 0x0, 0x0, 0x9f, 0xff, 0xff, 0xf9, 0x0,
    0x0, 0x9f, 0xff, 0xff, 0xf9, 0x0,

    /* U+00EB "ë" */
    0x0, 0x9f, 0xc0, 0xc, 0xf9, 0x0, 0x0, 0x9f,
    0xc0, 0xc, 0xf9, 0x0, 0x0, 0x36, 0x40, 0x4,
    0x63, 0x0, 0x0, 0x0, 0x0, 0x0, 0x0, 0x0,
    0x0, 0x0, 0x0, 0x0, 0x0, 0x0, 0x0, 0x9f,
    0xff, 0xff, 0xf9, 0x0, 0x0, 0x9f, 0xff, 0xff,
    0xf9, 0x0, 0xff, 0xa6, 0x66, 0x66, 0x6a, 0xff,
    0xff, 0x60, 0x0, 0x0, 0x6, 0xff, 0xff, 0x60,
    0x0, 0x0, 0x6, 0xff, 0xff, 0xff, 0xff, 0xff,
    0xff, 0xff, 0xff, 0xff, 0xff, 0xff, 0xff, 0xff,
    0xff, 0xa6, 0x66, 0x66, 0x66, 0x66, 0xff, 0x60,
    0x0, 0x0, 0x0, 0x0, 0x33, 0x56, 0x66, 0x66,
    0x63, 0x0, 0x0, 0x9f, 0xff, 0xff, 0xf9, 0x0,
    0x0, 0x9f, 0xff, 0xff, 0xf9, 0x0,

    /* U+00EC "ì" */
    0x9f, 0xc0, 0x0, 0x0, 0x9f, 0xc0, 0x0, 0x0,
    0x36, 0x66, 0x61, 0x0, 0x0, 0x3f, 0xf3, 0x0,
    0x0, 0x3f, 0xf3, 0x0, 0x0, 0x0, 0x0, 0x0,
    0x0, 0x0, 0x0, 0x0, 0x36, 0x66, 0x61, 0x0,
    0x9f, 0xff, 0xf3, 0x0, 0x9f, 0xff, 0xf3, 0x0,
    0x0, 0x3f, 0xf3, 0x0, 0x0, 0x3f, 0xf3, 0x0,
    0x0, 0x3f, 0xf3, 0x0, 0x0, 0x3f, 0xf3, 0x0,
    0x36, 0x8f, 0xf8, 0x63, 0x9f, 0xff, 0xff, 0xf9,
    0x9f, 0xff, 0xff, 0xf9,

    /* U+00ED "í" */
    0x0, 0x0, 0xc, 0xf9, 0x0, 0x0, 0xc, 0xf9,
    0x0, 0x16, 0x66, 0x63, 0x0, 0x3f, 0xf3, 0x0,
    0x0, 0x3f, 0xf3, 0x0, 0x0, 0x0, 0x0, 0x0,
    0x0, 0x0, 0x0, 0x0, 0x36, 0x66, 0x61, 0x0,
    0x9f, 0xff, 0xf3, 0x0, 0x9f, 0xff, 0xf3, 0x0,
    0x0, 0x3f, 0xf3, 0x0, 0x0, 0x3f, 0xf3, 0x0,
    0x0, 0x3f, 0xf3, 0x0, 0x0, 0x3f, 0xf3, 0x0,
    0x36, 0x8f, 0xf8, 0x63, 0x9f, 0xff, 0xff, 0xf9,
    0x9f, 0xff, 0xff, 0xf9,

    /* U+00EE "î" */
    0x0, 0x3f, 0xf3, 0x0, 0x0, 0x3f, 0xf3, 0x0,
    0x36, 0x66, 0x66, 0x63, 0x9f, 0xc0, 0xc, 0xf9,
    0x9f, 0xc0, 0xc, 0xf9, 0x0, 0x0, 0x0, 0x0,
    0x0, 0x0, 0x0, 0x0, 0x36, 0x66, 0x61, 0x0,
    0x9f, 0xff, 0xf3, 0x0, 0x9f, 0xff, 0xf3, 0x0,
    0x0, 0x3f, 0xf3, 0x0, 0x0, 0x3f, 0xf3, 0x0,
    0x0, 0x3f, 0xf3, 0x0, 0x0, 0x3f, 0xf3, 0x0,
    0x36, 0x8f, 0xf8, 0x63, 0x9f, 0xff, 0xff, 0xf9,
    0x9f, 0xff, 0xff, 0xf9,

    /* U+00EF "ï" */
    0x36, 0x50, 0x5, 0x63, 0x9f, 0xc0, 0xc, 0xf9,
    0x9f, 0xc0, 0xc, 0xf9, 0x0, 0x0, 0x0, 0x0,
    0x0, 0x0, 0x0, 0x0, 0x36, 0x66, 0x61, 0x0,
    0x9f, 0xff, 0xf3, 0x0, 0x9f, 0xff, 0xf3, 0x0,
    0x0, 0x3f, 0xf3, 0x0, 0x0, 0x3f, 0xf3, 0x0,
    0x0, 0x3f, 0xf3, 0x0, 0x0, 0x3f, 0xf3, 0x0,
    0x36, 0x8f, 0xf8, 0x63, 0x9f, 0xff, 0xff, 0xf9,
    0x9f, 0xff, 0xff, 0xf9,

    /* U+00F0 "ð" */
    0x0, 0x0, 0x0, 0xc, 0xf9, 0x0, 0x0, 0x0,
    0x0, 0xc, 0xf9, 0x0, 0x0, 0x0, 0x16, 0x6e,
    0xfc, 0x66, 0x0, 0x0, 0x3f, 0xff, 0xff, 0xff,
    0x0, 0x0, 0x3f, 0xff, 0xff, 0xff, 0x0, 0x0,
    0x0, 0xc, 0xf9, 0x0, 0x0, 0x0, 0x0, 0xc,
    0xf9, 0x0, 0x0, 0x36, 0x40, 0xc, 0xf9, 0x0,
    0x0, 0x9f, 0xc0, 0xc, 0xf9, 0x0, 0x0, 0x9f,
    0xc0, 0xc, 0xf9, 0x0, 0xff, 0x60, 0x3f, 0xff,
    0xf9, 0x0, 0xff, 0x60, 0x3f, 0xff, 0xf9, 0x0,
    0xff, 0x60, 0x16, 0x6e, 0xf9, 0x0, 0xff, 0x60,
    0x0, 0xc, 0xf9, 0x0, 0x99, 0x76, 0x66, 0x6e,
    0xf9, 0x0, 0x0, 0x9f, 0xff, 0xff, 0xf9, 0x0,
    0x0, 0x9f, 0xff, 0xff, 0xf9, 0x0,

    /* U+00F1 "ñ" */
    0x0, 0x9f, 0xc0, 0x0, 0x6, 0xff, 0x0, 0x9f,
    0xc0, 0x0, 0x6, 0xff, 0x66, 0x66, 0x66, 0x66,
    0x66, 0x66, 0xff, 0x60, 0x3f, 0xff, 0xf9, 0x0,
    0xff, 0x60, 0x3f, 0xff, 0xf9, 0x0, 0x0, 0x0,
    0x0, 0x0, 0x0, 0x0, 0x0, 0x0, 0x0, 0x0,
    0x0, 0x0, 0x66, 0x20, 0x16, 0x66, 0x63, 0x0,
    0xff, 0x60, 0x3f, 0xff, 0xf9, 0x0, 0xff, 0x83,
    0x5c, 0xcc, 0xc8, 0x33, 0xff, 0xff, 0xc0, 0x0,
    0x6, 0xff, 0xff, 0xff, 0xc0, 0x0, 0x6, 0xff,
    0xff, 0x83, 0x20, 0x0, 0x6, 0xff, 0xff, 0x60,
    0x0, 0x0, 0x6, 0xff, 0xff, 0x60, 0x0, 0x0,
    0x6, 0xff, 0xff, 0x60, 0x0, 0x0, 0x6, 0xff,
    0xff, 0x60, 0x0, 0x0, 0x6, 0xff,

    /* U+00F2 "ò" */
    0x0, 0x9f, 0xc0, 0x0, 0x0, 0x0, 0x0, 0x9f,
    0xc0, 0x0, 0x0, 0x0, 0x0, 0x36, 0x66, 0x61,
    0x0, 0x0, 0x0, 0x0, 0x3f, 0xf3, 0x0, 0x0,
    0x0, 0x0, 0x3f, 0xf3, 0x0, 0x0, 0x0, 0x0,
    0x0, 0x0, 0x0, 0x0, 0x0, 0x0, 0x0, 0x0,
    0x0, 0x0, 0x0, 0x36, 0x66, 0x66, 0x63, 0x0,
    0x0, 0x9f, 0xff, 0xff, 0xf9, 0x0, 0x0, 0x9f,
    0xff, 0xff, 0xf9, 0x0, 0xff, 0x60, 0x0, 0x0,
    0x6, 0xff, 0xff, 0x60, 0x0, 0x0, 0x6, 0xff,
    0xff, 0x60, 0x0, 0x0, 0x6, 0xff, 0xff, 0x60,
    0x0, 0x0, 0x6, 0xff, 0x99, 0x76, 0x66, 0x66,
    0x67, 0x99, 0x0, 0x9f, 0xff, 0xff, 0xf9, 0x0,
    0x0, 0x9f, 0xff, 0xff, 0xf9, 0x0,

    /* U+00F3 "ó" */
    0x0, 0x0, 0x0, 0xc, 0xf9, 0x0, 0x0, 0x0,
    0x0, 0xc, 0xf9, 0x0, 0x0, 0x0, 0x16, 0x66,
    0x63, 0x0, 0x0, 0x0, 0x3f, 0xf3, 0x0, 0x0,
    0x0, 0x0, 0x3f, 0xf3, 0x0, 0x0, 0x0, 0x0,
    0x0, 0x0, 0x0, 0x0, 0x0, 0x0, 0x0, 0x0,
    0x0, 0x0, 0x0, 0x36, 0x66, 0x66, 0x63, 0x0,
    0x0, 0x9f, 0xff, 0xff, 0xf9, 0x0, 0x0, 0x9f,
    0xff, 0xff, 0xf9, 0x0, 0xff, 0x60, 0x0, 0x0,
    0x6, 0xff, 0xff, 0x60, 0x0, 0x0, 0x6, 0xff,
    0xff, 0x60, 0x0, 0x0, 0x6, 0xff, 0xff, 0x60,
    0x0, 0x0, 0x6, 0xff, 0x99, 0x76, 0x66, 0x66,
    0x67, 0x99, 0x0, 0x9f, 0xff, 0xff, 0xf9, 0x0,
    0x0, 0x9f, 0xff, 0xff, 0xf9, 0x0,

    /* U+00F4 "ô" */
    0x0, 0x0, 0x3f, 0xf3, 0x0, 0x0, 0x0, 0x0,
    0x3f, 0xf3, 0x0, 0x0, 0x0, 0x36, 0x66, 0x66,
    0x63, 0x0, 0x0, 0x9f, 0xc0, 0xc, 0xf9, 0x0,
    0x0, 0x9f, 0xc0, 0xc, 0xf9, 0x0, 0x0, 0x0,
    0x0, 0x0, 0x0, 0x0, 0x0, 0x0, 0x0, 0x0,
    0x0, 0x0, 0x0, 0x36, 0x66, 0x66, 0x63, 0x0,
    0x0, 0x9f, 0xff, 0xff, 0xf9, 0x0, 0x0, 0x9f,
    0xff, 0xff, 0xf9, 0x0, 0xff, 0x60, 0x0, 0x0,
    0x6, 0xff, 0xff, 0x60, 0x0, 0x0, 0x6, 0xff,
    0xff, 0x60, 0x0, 0x0, 0x6, 0xff, 0xff, 0x60,
    0x0, 0x0, 0x6, 0xff, 0x99, 0x76, 0x66, 0x66,
    0x67, 0x99, 0x0, 0x9f, 0xff, 0xff, 0xf9, 0x0,
    0x0, 0x9f, 0xff, 0xff, 0xf9, 0x0,

    /* U+00F5 "õ" */
    0x0, 0x9f, 0xc0, 0x0, 0x6, 0xff, 0x0, 0x9f,
    0xc0, 0x0, 0x6, 0xff, 0x66, 0x66, 0x66, 0x66,
    0x66, 0x66, 0xff, 0x60, 0x3f, 0xff, 0xf9, 0x0,
    0xff, 0x60, 0x3f, 0xff, 0xf9, 0x0, 0x0, 0x0,
    0x0, 0x0, 0x0, 0x0, 0x0, 0x0, 0x0, 0x0,
    0x0, 0x0, 0x0, 0x36, 0x66, 0x66, 0x63, 0x0,
    0x0, 0x9f, 0xff, 0xff, 0xf9, 0x0, 0x0, 0x9f,
    0xff, 0xff, 0xf9, 0x0, 0xff, 0x60, 0x0, 0x0,
    0x6, 0xff, 0xff, 0x60, 0x0, 0x0, 0x6, 0xff,
    0xff, 0x60, 0x0, 0x0, 0x6, 0xff, 0xff, 0x60,
    0x0, 0x0, 0x6, 0xff, 0x99, 0x76, 0x66, 0x66,
    0x67, 0x99, 0x0, 0x9f, 0xff, 0xff, 0xf9, 0x0,
    0x0, 0x9f, 0xff, 0xff, 0xf9, 0x0,

    /* U+00F6 "ö" */
    0x0, 0x36, 0x50, 0x5, 0x63, 0x0, 0x0, 0x9f,
    0xc0, 0xc, 0xf9, 0x0, 0x0, 0x9f, 0xc0, 0xc,
    0xf9, 0x0, 0x0, 0x0, 0x0, 0x0, 0x0, 0x0,
    0x0, 0x0, 0x0, 0x0, 0x0, 0x0, 0x0, 0x36,
    0x66, 0x66, 0x63, 0x0, 0x0, 0x9f, 0xff, 0xff,
    0xf9, 0x0, 0x0, 0x9f, 0xff, 0xff, 0xf9, 0x0,
    0xff, 0x60, 0x0, 0x0, 0x6, 0xff, 0xff, 0x60,
    0x0, 0x0, 0x6, 0xff, 0xff, 0x60, 0x0, 0x0,
    0x6, 0xff, 0xff, 0x60, 0x0, 0x0, 0x6, 0xff,
    0x99, 0x76, 0x66, 0x66, 0x67, 0x99, 0x0, 0x9f,
    0xff, 0xff, 0xf9, 0x0, 0x0, 0x9f, 0xff, 0xff,
    0xf9, 0x0,

    /* U+00F7 "÷" */
    0x0, 0x0, 0x3f, 0xf3, 0x0, 0x0, 0x0, 0x0,
    0x3f, 0xf3, 0x0, 0x0, 0x0, 0x0, 0x16, 0x61,
    0x0, 0x0, 0x0, 0x0, 0x0, 0x0, 0x0, 0x0,
    0x0, 0x0, 0x0, 0x0, 0x0, 0x0, 0xff, 0xff,
    0xff, 0xff, 0xff, 0xff, 0xff, 0xff, 0xff, 0xff,
    0xff, 0xff, 0x66, 0x66, 0x66, 0x66, 0x66, 0x66,
    0x0, 0x0, 0x0, 0x0, 0x0, 0x0, 0x0, 0x0,
    0x16, 0x61, 0x0, 0x0, 0x0, 0x0, 0x3f, 0xf3,
    0x0, 0x0, 0x0, 0x0, 0x3f, 0xf3, 0x0, 0x0,

    /* U+00F8 "ø" */
    0x0, 0x0, 0x3f, 0xf3, 0x0, 0x0, 0x0, 0x0,
    0x3f, 0xf3, 0x0, 0x0, 0x0, 0x36, 0x66, 0x66,
    0x66, 0x66, 0x0, 0x9f, 0xc0, 0xc, 0xff, 0xff,
    0x0, 0x9f, 0xc0, 0xc, 0xff, 0xff, 0x0, 0x9f,
    0xff, 0xff, 0xf9, 0x0, 0x0, 0x9f, 0xff, 0xff,
    0xf9, 0x0, 0xff, 0xff, 0xc0, 0xc, 0xf9, 0x0,
    0xff, 0xff, 0xc0, 0xc, 0xf9, 0x0, 0x66, 0x66,
    0x66, 0x66, 0x63, 0x0, 0x0, 0x0, 0x3f, 0xf3,
    0x0, 0x0, 0x0, 0x0, 0x3f, 0xf3, 0x0, 0x0,

    /* U+00F9 "ù" */
    0x0, 0x9f, 0xc0, 0x0, 0x0, 0x0, 0x0, 0x9f,
    0xc0, 0x0, 0x0, 0x0, 0x0, 0x36, 0x66, 0x61,
    0x0, 0x0, 0x0, 0x0, 0x3f, 0xf3, 0x0, 0x0,
    0x0, 0x0, 0x3f, 0xf3, 0x0, 0x0, 0x0, 0x0,
    0x0, 0x0, 0x0, 0x0, 0x0, 0x0, 0x0, 0x0,
    0x0, 0x0, 0xcc, 0x50, 0x0, 0x0, 0x5, 0xcc,
    0xff, 0x60, 0x0, 0x0, 0x6, 0xff, 0xff, 0x60,
    0x0, 0x0, 0x6, 0xff, 0xff, 0x60, 0x0, 0x0,
    0x6, 0xff, 0xff, 0x60, 0x0, 0x0, 0x6, 0xff,
    0xff, 0x60, 0x0, 0xc, 0xff, 0xff, 0xff, 0x60,
    0x0, 0xc, 0xff, 0xff, 0x66, 0x66, 0x66, 0x66,
    0x6a, 0xff, 0x0, 0x9f, 0xff, 0xf3, 0x6, 0xff,
    0x0, 0x9f, 0xff, 0xf3, 0x6, 0xff,

    /* U+00FA "ú" */
    0x0, 0x0, 0x0, 0xc, 0xf9, 0x0, 0x0, 0x0,
    0x0, 0xc, 0xf9, 0x0, 0x0, 0x0, 0x16, 0x66,
    0x63, 0x0, 0x0, 0x0, 0x3f, 0xf3, 0x0, 0x0,
    0x0, 0x0, 0x3f, 0xf3, 0x0, 0x0, 0x0, 0x0,
    0x0, 0x0, 0x0, 0x0, 0x0, 0x0, 0x0, 0x0,
    0x0, 0x0, 0xcc, 0x50, 0x0, 0x0, 0x5, 0xcc,
    0xff, 0x60, 0x0, 0x0, 0x6, 0xff, 0xff, 0x60,
    0x0, 0x0, 0x6, 0xff, 0xff, 0x60, 0x0, 0x0,
    0x6, 0xff, 0xff, 0x60, 0x0, 0x0, 0x6, 0xff,
    0xff, 0x60, 0x0, 0xc, 0xff, 0xff, 0xff, 0x60,
    0x0, 0xc, 0xff, 0xff, 0x66, 0x66, 0x66, 0x66,
    0x6a, 0xff, 0x0, 0x9f, 0xff, 0xf3, 0x6, 0xff,
    0x0, 0x9f, 0xff, 0xf3, 0x6, 0xff,

    /* U+00FB "û" */
    0x0, 0x0, 0x3f, 0xf3, 0x0, 0x0, 0x0, 0x0,
    0x3f, 0xf3, 0x0, 0x0, 0x0, 0x36, 0x66, 0x66,
    0x63, 0x0, 0x0, 0x9f, 0xc0, 0xc, 0xf9, 0x0,
    0x0, 0x9f, 0xc0, 0xc, 0xf9, 0x0, 0x0, 0x0,
    0x0, 0x0, 0x0, 0x0, 0x0, 0x0, 0x0, 0x0,
    0x0, 0x0, 0xcc, 0x50, 0x0, 0x0, 0x5, 0xcc,
    0xff, 0x60, 0x0, 0x0, 0x6, 0xff, 0xff, 0x60,
    0x0, 0x0, 0x6, 0xff, 0xff, 0x60, 0x0, 0x0,
    0x6, 0xff, 0xff, 0x60, 0x0, 0x0, 0x6, 0xff,
    0xff, 0x60, 0x0, 0xc, 0xff, 0xff, 0xff, 0x60,
    0x0, 0xc, 0xff, 0xff, 0x66, 0x66, 0x66, 0x66,
    0x6a, 0xff, 0x0, 0x9f, 0xff, 0xf3, 0x6, 0xff,
    0x0, 0x9f, 0xff, 0xf3, 0x6, 0xff,

    /* U+00FC "ü" */
    0x0, 0x36, 0x50, 0x5, 0x63, 0x0, 0x0, 0x9f,
    0xc0, 0xc, 0xf9, 0x0, 0x0, 0x9f, 0xc0, 0xc,
    0xf9, 0x0, 0x0, 0x0, 0x0, 0x0, 0x0, 0x0,
    0x0, 0x0, 0x0, 0x0, 0x0, 0x0, 0xcc, 0x50,
    0x0, 0x0, 0x5, 0xcc, 0xff, 0x60, 0x0, 0x0,
    0x6, 0xff, 0xff, 0x60, 0x0, 0x0, 0x6, 0xff,
    0xff, 0x60, 0x0, 0x0, 0x6, 0xff, 0xff, 0x60,
    0x0, 0x0, 0x6, 0xff, 0xff, 0x60, 0x0, 0xc,
    0xff, 0xff, 0xff, 0x60, 0x0, 0xc, 0xff, 0xff,
    0x66, 0x66, 0x66, 0x66, 0x6a, 0xff, 0x0, 0x9f,
    0xff, 0xf3, 0x6, 0xff, 0x0, 0x9f, 0xff, 0xf3,
    0x6, 0xff,

    /* U+00FD "ý" */
    0x0, 0x0, 0x0, 0xc, 0xf9, 0x0, 0x0, 0x0,
    0x0, 0xc, 0xf9, 0x0, 0x0, 0x0, 0x16, 0x66,
    0x63, 0x0, 0x0, 0x0, 0x3f, 0xf3, 0x0, 0x0,
    0x0, 0x0, 0x3f, 0xf3, 0x0, 0x0, 0xff, 0x60,
    0x0, 0x0, 0x6, 0xff, 0xff, 0x60, 0x0, 0x0,
    0x6, 0xff, 0x66, 0x66, 0x40, 0x0, 0x6, 0xff,
    0x0, 0x9f, 0xc0, 0x0, 0x6, 0xff, 0x0, 0x9f,
    0xc0, 0x0, 0x6, 0xff, 0x0, 0x0, 0x3f, 0xff,
    0xf9, 0x0, 0x0, 0x0, 0x3f, 0xff, 0xf9, 0x0,
    0x0, 0x0, 0x3f, 0xf8, 0x63, 0x0, 0x0, 0x0,
    0x3f, 0xf3, 0x0, 0x0, 0x66, 0x66, 0x79, 0x91,
    0x0, 0x0, 0xff, 0xff, 0xc0, 0x0, 0x0, 0x0,
    0xff, 0xff, 0xc0, 0x0, 0x0, 0x0,

    /* U+00FE "þ" */
    0x66, 0x20, 0x0, 0x0, 0x0, 0x0, 0xff, 0x60,
    0x0, 0x0, 0x0, 0x0, 0xff, 0x60, 0x0, 0x0,
    0x0, 0x0, 0xff, 0xff, 0xff, 0xff, 0xf9, 0x0,
    0xff, 0xff, 0xff, 0xff, 0xf9, 0x0, 0xff, 0xa6,
    0x66, 0x66, 0x66, 0x66, 0xff, 0x60, 0x0, 0x0,
    0x6, 0xff, 0xff, 0x60, 0x0, 0x0, 0x6, 0xff,
    0xff, 0xff, 0xff, 0xff, 0xf9, 0x0, 0xff, 0xff,
    0xff, 0xff, 0xf9, 0x0, 0xff, 0xa6, 0x66, 0x66,
    0x63, 0x0, 0xff, 0x60, 0x0, 0x0, 0x0, 0x0,
    0xff, 0x60, 0x0, 0x0, 0x0, 0x0, 0xff, 0x60,
    0x0, 0x0, 0x0, 0x0, 0xff, 0x60, 0x0, 0x0,
    0x0, 0x0,

    /* U+00FF "ÿ" */
    0x0, 0x9f, 0xc0, 0xc, 0xf9, 0x0, 0x0, 0x9f,
    0xc0, 0xc, 0xf9, 0x0, 0x0, 0x36, 0x40, 0x4,
    0x63, 0x0, 0x0, 0x0, 0x0, 0x0, 0x0, 0x0,
    0x0, 0x0, 0x0, 0x0, 0x0, 0x0, 0xff, 0x60,
    0x0, 0x0, 0x6, 0xff, 0xff, 0x60, 0x0, 0x0,
    0x6, 0xff, 0x66, 0x66, 0x40, 0x0, 0x6, 0xff,
    0x0, 0x9f, 0xc0, 0x0, 0x6, 0xff, 0x0, 0x9f,
    0xc0, 0x0, 0x6, 0xff, 0x0, 0x0, 0x3f, 0xff,
    0xf9, 0x0, 0x0, 0x0, 0x3f, 0xff, 0xf9, 0x0,
    0x0, 0x0, 0x3f, 0xf8, 0x63, 0x0, 0x0, 0x0,
    0x3f, 0xf3, 0x0, 0x0, 0x66, 0x66, 0x79, 0x91,
    0x0, 0x0, 0xff, 0xff, 0xc0, 0x0, 0x0, 0x0,
    0xff, 0xff, 0xc0, 0x0, 0x0, 0x0,

    /* U+0391 "Α" */
    0x0, 0x9f, 0xff, 0xff, 0xf9, 0x0, 0x0, 0x9f,
    0xff, 0xff, 0xf9, 0x0, 0x0, 0x36, 0x66, 0x66,
    0x63, 0x0, 0xff, 0x60, 0x0, 0x0, 0x6, 0xff,
    0xff, 0x60, 0x0, 0x0, 0x6, 0xff, 0xff, 0x60,
    0x0, 0x0, 0x6, 0xff, 0xff, 0x60, 0x0, 0x0,
    0x6, 0xff, 0xff, 0xa6, 0x66, 0x66, 0x6a, 0xff,
    0xff, 0xff, 0xff, 0xff, 0xff, 0xff, 0xff, 0xff,
    0xff, 0xff, 0xff, 0xff, 0xff, 0x60, 0x0, 0x0,
    0x6, 0xff, 0xff, 0x60, 0x0, 0x0, 0x6, 0xff,
    0xff, 0x60, 0x0, 0x0, 0x6, 0xff, 0xff, 0x60,
    0x0, 0x0, 0x6, 0xff, 0xff, 0x60, 0x0, 0x0,
    0x6, 0xff, 0xff, 0x60, 0x0, 0x0, 0x6, 0xff,
    0xff, 0x60, 0x0, 0x0, 0x6, 0xff,

    /* U+0392 "Β" */
    0xff, 0xff, 0xff, 0xff, 0xf9, 0x0, 0xff, 0xff,
    0xff, 0xff, 0xf9, 0x0, 0xff, 0xa6, 0x66, 0x66,
    0x63, 0x0, 0xff, 0x60, 0x0, 0x0, 0x6, 0xff,
    0xff, 0x60, 0x0, 0x0, 0x6, 0xff, 0xff, 0x60,
    0x0, 0x0, 0x6, 0xff, 0xff, 0x60, 0x0, 0x0,
    0x6, 0xff, 0xff, 0xa6, 0x66, 0x66, 0x68, 0xdd,
    0xff, 0xff, 0xff, 0xff, 0xf9, 0x0, 0xff, 0xff,
    0xff, 0xff, 0xf9, 0x0, 0xff, 0x60, 0x0, 0x0,
    0x6, 0xff, 0xff, 0x60, 0x0, 0x0, 0x6, 0xff,
    0xff, 0x60, 0x0, 0x0, 0x6, 0xff, 0xff, 0x60,
    0x0, 0x0, 0x6, 0xff, 0xff, 0xa6, 0x66, 0x66,
    0x67, 0x99, 0xff, 0xff, 0xff, 0xff, 0xf9, 0x0,
    0xff, 0xff, 0xff, 0xff, 0xf9, 0x0,

    /* U+0393 "Γ" */
    0xff, 0xff, 0xff, 0xff, 0xff, 0xff, 0xff, 0xff,
    0xff, 0xff, 0xff, 0xff, 0x66, 0xcf, 0xe6, 0x66,
    0x6a, 0xff, 0x0, 0x9f, 0xc0, 0x0, 0x6, 0xff,
    0x0, 0x9f, 0xc0, 0x0, 0x5, 0xdd, 0x0, 0x9f,
    0xc0, 0x0, 0x0, 0x0, 0x0, 0x9f, 0xc0, 0x0,
    0x0, 0x0, 0x0, 0x9f, 0xc0, 0x0, 0x0, 0x0,
    0x0, 0x9f, 0xc0, 0x0, 0x0, 0x0, 0x0, 0x9f,
    0xc0, 0x0, 0x0, 0x0, 0x0, 0x9f, 0xc0, 0x0,
    0x0, 0x0, 0x0, 0x9f, 0xc0, 0x0, 0x0, 0x0,
    0x0, 0x9f, 0xc0, 0x0, 0x0, 0x0, 0x0, 0x9f,
    0xc0, 0x0, 0x0, 0x0, 0x0, 0x9f, 0xc0, 0x0,
    0x0, 0x0, 0x0, 0x9f, 0xc0, 0x0, 0x0, 0x0,
    0x0, 0x9f, 0xc0, 0x0, 0x0, 0x0,

    /* U+0394 "Δ" */
    0x0, 0x0, 0x0, 0x0, 0x6, 0xff, 0x0, 0x0,
    0x0, 0x0, 0x6, 0xff, 0x0, 0x0, 0x0, 0xc,
    0xff, 0xff, 0x0, 0x0, 0x0, 0xc, 0xff, 0xff,
    0x0, 0x0, 0x16, 0x66, 0x6a, 0xff, 0x0, 0x0,
    0x3f, 0xf3, 0x6, 0xff, 0x0, 0x0, 0x3f, 0xf3,
    0x6, 0xff, 0x0, 0x9f, 0xc0, 0x0, 0x6, 0xff,
    0x0, 0x9f, 0xc0, 0x0, 0x6, 0xff, 0xcc, 0x73,
    0x20, 0x0, 0x6, 0xff, 0xff, 0x60, 0x0, 0x0,
    0x6, 0xff, 0xff, 0xa6, 0x66, 0x66, 0x6a, 0xff,
    0xff, 0xff, 0xff, 0xff, 0xff, 0xff, 0xff, 0xff,
    0xff, 0xff, 0xff, 0xff,

    /* U+0395 "Ε" */
    0xff, 0xff, 0xff, 0xff, 0xff, 0xff, 0xff, 0xff,
    0xff, 0xff, 0xff, 0xff, 0xff, 0xa6, 0x66, 0x66,
    0x66, 0x66, 0xff, 0x60, 0x0, 0x0, 0x0, 0x0,
    0xff, 0x60, 0x0, 0x0, 0x0, 0x0, 0xff, 0x60,
    0x0, 0x0, 0x0, 0x0, 0xff, 0x60, 0x0, 0x0,
    0x0, 0x0, 0xff, 0xa6, 0x66, 0x66, 0x63, 0x0,
    0xff, 0xff, 0xff, 0xff, 0xf9, 0x0, 0xff, 0xff,
    0xff, 0xff, 0xf9, 0x0, 0xff, 0x60, 0x0, 0x0,
    0x0, 0x0, 0xff, 0x60, 0x0, 0x0, 0x0, 0x0,
    0xff, 0x60, 0x0, 0x0, 0x0, 0x0, 0xff, 0x60,
    0x0, 0x0, 0x0, 0x0, 0xff, 0xa6, 0x66, 0x66,
    0x66, 0x66, 0xff, 0xff, 0xff, 0xff, 0xff, 0xff,
    0xff, 0xff, 0xff, 0xff, 0xff, 0xff,

    /* U+0396 "Ζ" */
    0xff, 0xff, 0xff, 0xff, 0xff, 0xff, 0xff, 0xff,
    0xff, 0xff, 0xff, 0xff, 0x66, 0x66, 0x66, 0x66,
    0x6a, 0xff, 0x0, 0x0, 0x0, 0x0, 0x6, 0xff,
    0x0, 0x0, 0x0, 0x0, 0x6, 0xff, 0x0, 0x0,
    0x0, 0xc, 0xf9, 0x0, 0x0, 0x0, 0x0, 0xc,
    0xf9, 0x0, 0x0, 0x0, 0x16, 0x66, 0x63, 0x0,
    0x0, 0x0, 0x3f, 0xf3, 0x0, 0x0, 0x0, 0x0,
    0x3f, 0xf3, 0x0, 0x0, 0x0, 0x9f, 0xc0, 0x0,
    0x0, 0x0, 0x0, 0x9f, 0xc0, 0x0, 0x0, 0x0,
    0xcc, 0x73, 0x20, 0x0, 0x0, 0x0, 0xff, 0x60,
    0x0, 0x0, 0x0, 0x0, 0xff, 0xa6, 0x66, 0x66,
    0x66, 0x66, 0xff, 0xff, 0xff, 0xff, 0xff, 0xff,
    0xff, 0xff, 0xff, 0xff, 0xff, 0xff,

    /* U+0397 "Η" */
    0xff, 0x60, 0x0, 0x0, 0x6, 0xff, 0xff, 0x60,
    0x0, 0x0, 0x6, 0xff, 0xff, 0x60, 0x0, 0x0,
    0x6, 0xff, 0xff, 0x60, 0x0, 0x0, 0x6, 0xff,
    0xff, 0x60, 0x0, 0x0, 0x6, 0xff, 0xff, 0x60,
    0x0, 0x0, 0x6, 0xff, 0xff, 0x60, 0x0, 0x0,
    0x6, 0xff, 0xff, 0xa6, 0x66, 0x66, 0x6a, 0xff,
    0xff, 0xff, 0xff, 0xff, 0xff, 0xff, 0xff, 0xff,
    0xff, 0xff, 0xff, 0xff, 0xff, 0x60, 0x0, 0x0,
    0x6, 0xff, 0xff, 0x60, 0x0, 0x0, 0x6, 0xff,
    0xff, 0x60, 0x0, 0x0, 0x6, 0xff, 0xff, 0x60,
    0x0, 0x0, 0x6, 0xff, 0xff, 0x60, 0x0, 0x0,
    0x6, 0xff, 0xff, 0x60, 0x0, 0x0, 0x6, 0xff,
    0xff, 0x60, 0x0, 0x0, 0x6, 0xff,

    /* U+0398 "Θ" */
    0x0, 0x9f, 0xff, 0xff, 0xf9, 0x0, 0x0, 0x9f,
    0xff, 0xff, 0xf9, 0x0, 0x0, 0x36, 0x66, 0x66,
    0x63, 0x0, 0xff, 0x60, 0x0, 0x0, 0x6, 0xff,
    0xff, 0x60, 0x0, 0x0, 0x6, 0xff, 0xff, 0x60,
    0x0, 0x0, 0x6, 0xff, 0xff, 0x60, 0x0, 0x0,
    0x6, 0xff, 0xff, 0xa6, 0x66, 0x66, 0x6a, 0xff,
    0xff, 0xff, 0xff, 0xff, 0xff, 0xff, 0xff, 0xff,
    0xff, 0xff, 0xff, 0xff, 0xff, 0x60, 0x0, 0x0,
    0x6, 0xff, 0xff, 0x60, 0x0, 0x0, 0x6, 0xff,
    0xff, 0x60, 0x0, 0x0, 0x6, 0xff, 0xff, 0x60,
    0x0, 0x0, 0x6, 0xff, 0xff, 0xa6, 0x66, 0x66,
    0x6a, 0xff, 0x0, 0x9f, 0xff, 0xff, 0xf9, 0x0,
    0x0, 0x9f, 0xff, 0xff, 0xf9, 0x0,

    /* U+0399 "Ι" */
    0x9f, 0xff, 0xff, 0xf9, 0x9f, 0xff, 0xff, 0xf9,
    0x36, 0x8f, 0xf8, 0x63, 0x0, 0x3f, 0xf3, 0x0,
    0x0, 0x3f, 0xf3, 0x0, 0x0, 0x3f, 0xf3, 0x0,
    0x0, 0x3f, 0xf3, 0x0, 0x0, 0x3f, 0xf3, 0x0,
    0x0, 0x3f, 0xf3, 0x0, 0x0, 0x3f, 0xf3, 0x0,
    0x0, 0x3f, 0xf3, 0x0, 0x0, 0x3f, 0xf3, 0x0,
    0x0, 0x3f, 0xf3, 0x0, 0x0, 0x3f, 0xf3, 0x0,
    0x36, 0x8f, 0xf8, 0x63, 0x9f, 0xff, 0xff, 0xf9,
    0x9f, 0xff, 0xff, 0xf9,

    /* U+039A "Κ" */
    0xff, 0x60, 0x0, 0x0, 0x6, 0xff, 0xff, 0x60,
    0x0, 0x0, 0x6, 0xff, 0xff, 0x60, 0x0, 0x0,
    0x2, 0x66, 0xff, 0x60, 0x0, 0xc, 0xf9, 0x0,
    0xff, 0x60, 0x0, 0xc, 0xf9, 0x0, 0xff, 0x60,
    0x3f, 0xf8, 0x63, 0x0, 0xff, 0x60, 0x3f, 0xf3,
    0x0, 0x0, 0xff, 0xa6, 0x66, 0x61, 0x0, 0x0,
    0xff, 0xff, 0xc0, 0x0, 0x0, 0x0, 0xff, 0xff,
    0xc0, 0x0, 0x0, 0x0, 0xff, 0x60, 0x3f, 0xf3,
    0x0, 0x0, 0xff, 0x60, 0x3f, 0xf3, 0x0, 0x0,
    0xff, 0x60, 0x0, 0xc, 0xf9, 0x0, 0xff, 0x60,
    0x0, 0xc, 0xf9, 0x0, 0xff, 0x60, 0x0, 0x4,
    0x66, 0x66, 0xff, 0x60, 0x0, 0x0, 0x6, 0xff,
    0xff, 0x60, 0x0, 0x0, 0x6, 0xff,

    /* U+039B "Λ" */
    0x0, 0x0, 0x3f, 0xf3, 0x0, 0x0, 0x0, 0x0,
    0x3f, 0xf3, 0x0, 0x0, 0x0, 0x0, 0x16, 0x61,
    0x0, 0x0, 0x0, 0x9f, 0xc0, 0xc, 0xf9, 0x0,
    0x0, 0x9f, 0xc0, 0xc, 0xf9, 0x0, 0x0, 0x9f,
    0xc0, 0xc, 0xf9, 0x0, 0x0, 0x9f, 0xc0, 0xc,
    0xf9, 0x0, 0x99, 0xbd, 0xa0, 0xa, 0xdb, 0x99,
    0xff, 0x60, 0x0, 0x0, 0x6, 0xff, 0xff, 0x60,
    0x0, 0x0, 0x6, 0xff, 0xff, 0x60, 0x0, 0x0,
    0x6, 0xff, 0xff, 0x60, 0x0, 0x0, 0x6, 0xff,
    0xff, 0x60, 0x0, 0x0, 0x6, 0xff, 0xff, 0x60,
    0x0, 0x0, 0x6, 0xff, 0xff, 0x60, 0x0, 0x0,
    0x6, 0xff, 0xff, 0x60, 0x0, 0x0, 0x6, 0xff,
    0xff, 0x60, 0x0, 0x0, 0x6, 0xff,

    /* U+039C "Μ" */
    0xff, 0x60, 0x0, 0x0, 0x6, 0xff, 0xff, 0x60,
    0x0, 0x0, 0x6, 0xff, 0xff, 0x60, 0x0, 0x0,
    0x6, 0xff, 0xff, 0xff, 0xc0, 0xc, 0xff, 0xff,
    0xff, 0xff, 0xc0, 0xc, 0xff, 0xff, 0xff, 0xa6,
    0x8f, 0xf8, 0x6a, 0xff, 0xff, 0x60, 0x3f, 0xf3,
    0x6, 0xff, 0xff, 0x60, 0x3f, 0xf3, 0x6, 0xff,
    0xff, 0x60, 0x3f, 0xf3, 0x6, 0xff, 0xff, 0x60,
    0x2c, 0xc2, 0x6, 0xff, 0xff, 0x60, 0x0, 0x0,
    0x6, 0xff, 0xff, 0x60, 0x0, 0x0, 0x6, 0xff,
    0xff, 0x60, 0x0, 0x0, 0x6, 0xff, 0xff, 0x60,
    0x0, 0x0, 0x6, 0xff, 0xff, 0x60, 0x0, 0x0,
    0x6, 0xff, 0xff, 0x60, 0x0, 0x0, 0x6, 0xff,
    0xff, 0x60, 0x0, 0x0, 0x6, 0xff,

    /* U+039D "Ν" */
    0xff, 0x60, 0x0, 0x0, 0x6, 0xff, 0xff, 0x60,
    0x0, 0x0, 0x6, 0xff, 0xff, 0x60, 0x0, 0x0,
    0x6, 0xff, 0xff, 0x60, 0x0, 0x0, 0x6, 0xff,
    0xff, 0x60, 0x0, 0x0, 0x6, 0xff, 0xff, 0xff,
    0xc0, 0x0, 0x6, 0xff, 0xff, 0xff, 0xc0, 0x0,
    0x6, 0xff, 0xff, 0xa6, 0x66, 0x61, 0x6, 0xff,
    0xff, 0x60, 0x3f, 0xf3, 0x6, 0xff, 0xff, 0x60,
    0x3f, 0xf3, 0x6, 0xff, 0xff, 0x60, 0x0, 0xc,
    0xff, 0xff, 0xff, 0x60, 0x0, 0xc, 0xff, 0xff,
    0xff, 0x60, 0x0, 0x5, 0x6a, 0xff, 0xff, 0x60,
    0x0, 0x0, 0x6, 0xff, 0xff, 0x60, 0x0, 0x0,
    0x6, 0xff, 0xff, 0x60, 0x0, 0x0, 0x6, 0xff,
    0xff, 0x60, 0x0, 0x0, 0x6, 0xff,

    /* U+039E "Ξ" */
    0xff, 0xff, 0xff, 0xff, 0xff, 0xff, 0xff, 0xff,
    0xff, 0xff, 0xff, 0xff, 0xff, 0xa6, 0x66, 0x66,
    0x6a, 0xff, 0xff, 0x60, 0x0, 0x0, 0x6, 0xff,
    0xff, 0x60, 0x0, 0x0, 0x6, 0xff, 0x0, 0x0,
    0x0, 0x0, 0x0, 0x0, 0x0, 0x0, 0x0, 0x0,
    0x0, 0x0, 0x0, 0x36, 0x66, 0x66, 0x63, 0x0,
    0x0, 0x9f, 0xff, 0xff, 0xf9, 0x0, 0x0, 0x9f,
    0xff, 0xff, 0xf9, 0x0, 0x0, 0x0, 0x0, 0x0,
    0x0, 0x0, 0x0, 0x0, 0x0, 0x0, 0x0, 0x0,
    0xbb, 0x40, 0x0, 0x0, 0x4, 0xbb, 0xff, 0x60,
    0x0, 0x0, 0x6, 0xff, 0xff, 0xa6, 0x66, 0x66,
    0x6a, 0xff, 0xff, 0xff, 0xff, 0xff, 0xff, 0xff,
    0xff, 0xff, 0xff, 0xff, 0xff, 0xff,

    /* U+039F "Ο" */
    0x0, 0x9f, 0xff, 0xff, 0xf9, 0x0, 0x0, 0x9f,
    0xff, 0xff, 0xf9, 0x0, 0x0, 0x36, 0x66, 0x66,
    0x63, 0x0, 0xff, 0x60, 0x0, 0x0, 0x6, 0xff,
    0xff, 0x60, 0x0, 0x0, 0x6, 0xff, 0xff, 0x60,
    0x0, 0x0, 0x6, 0xff, 0xff, 0x60, 0x0, 0x0,
    0x6, 0xff, 0xff, 0x60, 0x0, 0x0, 0x6, 0xff,
    0xff, 0x60, 0x0, 0x0, 0x6, 0xff, 0xff, 0x60,
    0x0, 0x0, 0x6, 0xff, 0xff, 0x60, 0x0, 0x0,
    0x6, 0xff, 0xff, 0x60, 0x0, 0x0, 0x6, 0xff,
    0xff, 0x60, 0x0, 0x0, 0x6, 0xff, 0xff, 0x60,
    0x0, 0x0, 0x6, 0xff, 0xff, 0xa6, 0x66, 0x66,
    0x6a, 0xff, 0x0, 0x9f, 0xff, 0xff, 0xf9, 0x0,
    0x0, 0x9f, 0xff, 0xff, 0xf9, 0x0,

    /* U+03A0 "Π" */
    0xff, 0xff, 0xff, 0xff, 0xff, 0xff, 0xff, 0xff,
    0xff, 0xff, 0xff, 0xff, 0x66, 0xcf, 0xe6, 0x6e,
    0xfc, 0x66, 0x0, 0x9f, 0xc0, 0xc, 0xf9, 0x0,
    0x0, 0x9f, 0xc0, 0xc, 0xf9, 0x0, 0x0, 0x9f,
    0xc0, 0xc, 0xf9, 0x0, 0x0, 0x9f, 0xc0, 0xc,
    0xf9, 0x0, 0x0, 0x9f, 0xc0, 0xc, 0xf9, 0x0,
    0x0, 0x9f, 0xc0, 0xc, 0xf9, 0x0, 0x0, 0x9f,
    0xc0, 0xc, 0xf9, 0x0, 0x0, 0x9f, 0xc0, 0xc,
    0xf9, 0x0, 0x0, 0x9f, 0xc0, 0xc, 0xf9, 0x0,
    0x0, 0x9f, 0xc0, 0xc, 0xf9, 0x0, 0x0, 0x9f,
    0xc0, 0xc, 0xf9, 0x0, 0x0, 0x9f, 0xc0, 0xc,
    0xf9, 0x0, 0x0, 0x9f, 0xc0, 0xc, 0xf9, 0x0,
    0x0, 0x9f, 0xc0, 0xc, 0xf9, 0x0,

    /* U+03A1 "Ρ" */
    0xff, 0xff, 0xff, 0xff, 0xf9, 0x0, 0xff, 0xff,
    0xff, 0xff, 0xf9, 0x0, 0xff, 0xa6, 0x66, 0x66,
    0x63, 0x0, 0xff, 0x60, 0x0, 0x0, 0x6, 0xff,
    0xff, 0x60, 0x0, 0x0, 0x6, 0xff, 0xff, 0x60,
    0x0, 0x0, 0x6, 0xff, 0xff, 0x60, 0x0, 0x0,
    0x6, 0xff, 0xff, 0xa6, 0x66, 0x66, 0x68, 0xdd,
    0xff, 0xff, 0xff, 0xff, 0xf9, 0x0, 0xff, 0xff,
    0xff, 0xff, 0xf9, 0x0, 0xff, 0x60, 0x0, 0x0,
    0x0, 0x0, 0xff, 0x60, 0x0, 0x0, 0x0, 0x0,
    0xff, 0x60, 0x0, 0x0, 0x0, 0x0, 0xff, 0x60,
    0x0, 0x0, 0x0, 0x0, 0xff, 0x60, 0x0, 0x0,
    0x0, 0x0, 0xff, 0x60, 0x0, 0x0, 0x0, 0x0,
    0xff, 0x60, 0x0, 0x0, 0x0, 0x0,

    /* U+03A3 "Σ" */
    0xff, 0xff, 0xff, 0xff, 0xff, 0xff, 0xff, 0xff,
    0xff, 0xff, 0xff, 0xff, 0xff, 0xa6, 0x66, 0x66,
    0x6a, 0xff, 0xff, 0x60, 0x0, 0x0, 0x6, 0xff,
    0xff, 0x60, 0x0, 0x0, 0x6, 0xff, 0x0, 0x9f,
    0xc0, 0x0, 0x0, 0x0, 0x0, 0x9f, 0xc0, 0x0,
    0x0, 0x0, 0x0, 0x36, 0x66, 0x61, 0x0, 0x0,
    0x0, 0x0, 0x3f, 0xf3, 0x0, 0x0, 0x0, 0x0,
    0x3f, 0xf3, 0x0, 0x0, 0x0, 0x9f, 0xc0, 0x0,
    0x0, 0x0, 0x0, 0x9f, 0xc0, 0x0, 0x0, 0x0,
    0xcc, 0x73, 0x20, 0x0, 0x5, 0xcc, 0xff, 0x60,
    0x0, 0x0, 0x6, 0xff, 0xff, 0xa6, 0x66, 0x66,
    0x6a, 0xff, 0xff, 0xff, 0xff, 0xff, 0xff, 0xff,
    0xff, 0xff, 0xff, 0xff, 0xff, 0xff,

    /* U+03A4 "Τ" */
    0xff, 0xff, 0xff, 0xff, 0xff, 0xff, 0xff, 0xff,
    0xff, 0xff, 0xff, 0xff, 0x66, 0x66, 0x8f, 0xf8,
    0x66, 0x66, 0x0, 0x0, 0x3f, 0xf3, 0x0, 0x0,
    0x0, 0x0, 0x3f, 0xf3, 0x0, 0x0, 0x0, 0x0,
    0x3f, 0xf3, 0x0, 0x0, 0x0, 0x0, 0x3f, 0xf3,
    0x0, 0x0, 0x0, 0x0, 0x3f, 0xf3, 0x0, 0x0,
    0x0, 0x0, 0x3f, 0xf3, 0x0, 0x0, 0x0, 0x0,
    0x3f, 0xf3, 0x0, 0x0, 0x0, 0x0, 0x3f, 0xf3,
    0x0, 0x0, 0x0, 0x0, 0x3f, 0xf3, 0x0, 0x0,
    0x0, 0x0, 0x3f, 0xf3, 0x0, 0x0, 0x0, 0x0,
    0x3f, 0xf3, 0x0, 0x0, 0x0, 0x0, 0x3f, 0xf3,
    0x0, 0x0, 0x0, 0x0, 0x3f, 0xf3, 0x0, 0x0,
    0x0, 0x0, 0x3f, 0xf3, 0x0, 0x0,

    /* U+03A5 "Υ" */
    0xff, 0x60, 0x0, 0x0, 0x6, 0xff, 0xff, 0x60,
    0x0, 0x0, 0x6, 0xff, 0xff, 0x60, 0x0, 0x0,
    0x6, 0xff, 0xff, 0x60, 0x0, 0x0, 0x6, 0xff,
    0xff, 0x60, 0x0, 0x0, 0x6, 0xff, 0xff, 0x60,
    0x0, 0x0, 0x6, 0xff, 0xff, 0x60, 0x0, 0x0,
    0x6, 0xff, 0x33, 0x56, 0x40, 0x4, 0x65, 0x33,
    0x0, 0x9f, 0xc0, 0xc, 0xf9, 0x0, 0x0, 0x7c,
    0xa3, 0x3a, 0xc7, 0x0, 0x0, 0x0, 0x3f, 0xf3,
    0x0, 0x0, 0x0, 0x0, 0x3f, 0xf3, 0x0, 0x0,
    0x0, 0x0, 0x3f, 0xf3, 0x0, 0x0, 0x0, 0x0,
    0x3f, 0xf3, 0x0, 0x0, 0x0, 0x0, 0x3f, 0xf3,
    0x0, 0x0, 0x0, 0x0, 0x3f, 0xf3, 0x0, 0x0,
    0x0, 0x0, 0x3f, 0xf3, 0x0, 0x0,

    /* U+03A6 "Φ" */
    0x0, 0x0, 0x3f, 0xf3, 0x0, 0x0, 0x0, 0x0,
    0x3f, 0xf3, 0x0, 0x0, 0x0, 0x0, 0x3f, 0xf3,
    0x0, 0x0, 0x0, 0x9f, 0xff, 0xff, 0xf9, 0x0,
    0x0, 0x9f, 0xff, 0xff, 0xf9, 0x0, 0xff, 0xa6,
    0x8f, 0xf8, 0x6a, 0xff, 0xff, 0x60, 0x3f, 0xf3,
    0x6, 0xff, 0xff, 0x60, 0x3f, 0xf3, 0x6, 0xff,
    0xff, 0x60, 0x3f, 0xf3, 0x6, 0xff, 0xff, 0x60,
    0x3f, 0xf3, 0x6, 0xff, 0xff, 0x60, 0x3f, 0xf3,
    0x6, 0xff, 0xff, 0x60, 0x3f, 0xf3, 0x6, 0xff,
    0x33, 0xaf, 0xff, 0xff, 0xfa, 0x33, 0x0, 0x9f,
    0xff, 0xff, 0xf9, 0x0, 0x0, 0x36, 0x8f, 0xf8,
    0x63, 0x0, 0x0, 0x0, 0x3f, 0xf3, 0x0, 0x0,
    0x0, 0x0, 0x3f, 0xf3, 0x0, 0x0,

    /* U+03A7 "Χ" */
    0xff, 0x60, 0x0, 0x0, 0x6, 0xff, 0xff, 0x60,
    0x0, 0x0, 0x6, 0xff, 0xff, 0x60, 0x0, 0x0,
    0x6, 0xff, 0xff, 0x60, 0x0, 0x0, 0x6, 0xff,
    0xcc, 0x50, 0x0, 0x0, 0x5, 0xcc, 0x0, 0x9f,
    0xc0, 0xc, 0xf9, 0x0, 0x0, 0x9f, 0xc0, 0xc,
    0xf9, 0x0, 0x0, 0x36, 0x66, 0x66, 0x63, 0x0,
    0x0, 0x0, 0x3f, 0xf3, 0x0, 0x0, 0x0, 0x0,
    0x3f, 0xf3, 0x0, 0x0, 0x0, 0x9f, 0xc0, 0xc,
    0xf9, 0x0, 0x0, 0x9f, 0xc0, 0xc, 0xf9, 0x0,
    0xcc, 0x73, 0x20, 0x2, 0x37, 0xcc, 0xff, 0x60,
    0x0, 0x0, 0x6, 0xff, 0xff, 0x60, 0x0, 0x0,
    0x6, 0xff, 0xff, 0x60, 0x0, 0x0, 0x6, 0xff,
    0xff, 0x60, 0x0, 0x0, 0x6, 0xff,

    /* U+03A8 "Ψ" */
    0xff, 0x60, 0x3f, 0xf3, 0x6, 0xff, 0xff, 0x60,
    0x3f, 0xf3, 0x6, 0xff, 0xff, 0x60, 0x3f, 0xf3,
    0x6, 0xff, 0xff, 0x60, 0x3f, 0xf3, 0x6, 0xff,
    0xff, 0x60, 0x3f, 0xf3, 0x6, 0xff, 0xff, 0x60,
    0x3f, 0xf3, 0x6, 0xff, 0xff, 0x60, 0x3f, 0xf3,
    0x6, 0xff, 0x33, 0x56, 0x8f, 0xf8, 0x65, 0x33,
    0x0, 0x9f, 0xff, 0xff, 0xf9, 0x0, 0x0, 0x9f,
    0xff, 0xff, 0xf9, 0x0, 0x0, 0x0, 0x3f, 0xf3,
    0x0, 0x0, 0x0, 0x0, 0x3f, 0xf3, 0x0, 0x0,
    0x0, 0x0, 0x3f, 0xf3, 0x0, 0x0, 0x0, 0x0,
    0x3f, 0xf3, 0x0, 0x0, 0x0, 0x0, 0x3f, 0xf3,
    0x0, 0x0, 0x0, 0x0, 0x3f, 0xf3, 0x0, 0x0,
    0x0, 0x0, 0x3f, 0xf3, 0x0, 0x0,

    /* U+03A9 "Ω" */
    0x0, 0x9f, 0xff, 0xff, 0xf9, 0x0, 0x0, 0x9f,
    0xff, 0xff, 0xf9, 0x0, 0x0, 0x36, 0x66, 0x66,
    0x63, 0x0, 0xff, 0x60, 0x0, 0x0, 0x6, 0xff,
    0xff, 0x60, 0x0, 0x0, 0x6, 0xff, 0xff, 0x60,
    0x0, 0x0, 0x6, 0xff, 0xff, 0x60, 0x0, 0x0,
    0x6, 0xff, 0xff, 0x60, 0x0, 0x0, 0x6, 0xff,
    0xff, 0x60, 0x0, 0x0, 0x6, 0xff, 0xff, 0x60,
    0x0, 0x0, 0x6, 0xff, 0x33, 0x8c, 0xa0, 0xa,
    0xc8, 0x33, 0x0, 0x9f, 0xc0, 0xc, 0xf9, 0x0,
    0x0, 0x9f, 0xc0, 0xc, 0xf9, 0x0, 0x0, 0x9f,
    0xc0, 0xc, 0xf9, 0x0, 0x66, 0xcf, 0xc0, 0xc,
    0xfc, 0x66, 0xff, 0xff, 0xc0, 0xc, 0xff, 0xff,
    0xff, 0xff, 0xc0, 0xc, 0xff, 0xff,

    /* U+03B1 "α" */
    0x0, 0x9f, 0xff, 0xf3, 0x6, 0xff, 0x0, 0x9f,
    0xff, 0xf3, 0x6, 0xff, 0xff, 0xa6, 0x66, 0x6e,
    0xfc, 0x66, 0xff, 0x60, 0x0, 0xc, 0xf9, 0x0,
    0xff, 0x60, 0x0, 0xc, 0xf9, 0x0, 0xff, 0x60,
    0x0, 0xc, 0xf9, 0x0, 0xff, 0x60, 0x0, 0xc,
    0xf9, 0x0, 0xff, 0x60, 0x0, 0xc, 0xf9, 0x0,
    0xff, 0x60, 0x0, 0xc, 0xf9, 0x0, 0x33, 0x56,
    0x66, 0x63, 0x34, 0x66, 0x0, 0x9f, 0xff, 0xf3,
    0x6, 0xff, 0x0, 0x9f, 0xff, 0xf3, 0x6, 0xff,

    /* U+03B2 "β" */
    0x0, 0x0, 0x3f, 0xff, 0xf9, 0x0, 0x0, 0x0,
    0x3f, 0xff, 0xf9, 0x0, 0x0, 0x9f, 0xe6, 0x66,
    0x6a, 0xff, 0x0, 0x9f, 0xc0, 0x0, 0x6, 0xff,
    0x0, 0x9f, 0xe6, 0x66, 0x66, 0x66, 0x0, 0x9f,
    0xff, 0xff, 0xf9, 0x0, 0x0, 0x9f, 0xe9, 0x99,
    0x98, 0x66, 0x0, 0x9f, 0xc0, 0x0, 0x6, 0xff,
    0x0, 0x9f, 0xc0, 0x0, 0x6, 0xff, 0x0, 0x9f,
    0xff, 0xf3, 0x6, 0xff, 0x0, 0x9f, 0xff, 0xf3,
    0x6, 0xff, 0x66, 0x66, 0x66, 0x66, 0x66, 0x66,
    0xff, 0x60, 0x0, 0xc, 0xf9, 0x0, 0xff, 0x60,
    0x0, 0xc, 0xf9, 0x0,

    /* U+03B3 "γ" */
    0xff, 0xff, 0xc0, 0x0, 0x6, 0xff, 0xff, 0xff,
    0xc0, 0x0, 0x6, 0xff, 0x66, 0x66, 0x66, 0x66,
    0x66, 0x66, 0x0, 0x0, 0x3f, 0xff, 0xf9, 0x0,
    0x0, 0x0, 0x3f, 0xff, 0xf9, 0x0, 0x0, 0x0,
    0x3f, 0xf3, 0x0, 0x0, 0x0, 0x0, 0x3f, 0xf3,
    0x0, 0x0, 0x0, 0x0, 0x3f, 0xf3, 0x0, 0x0,
    0x0, 0x0, 0x3f, 0xf3, 0x0, 0x0, 0x0, 0x0,
    0x3f, 0xf3, 0x0, 0x0, 0x0, 0x0, 0x3f, 0xf3,
    0x0, 0x0, 0x0, 0x0, 0x3f, 0xf3, 0x0, 0x0,

    /* U+03B4 "δ" */
    0x0, 0x0, 0x3f, 0xff, 0xf9, 0x0, 0x0, 0x3f,
    0xff, 0xf9, 0x0, 0x9f, 0xe6, 0x66, 0x63, 0x0,
    0x9f, 0xc0, 0x0, 0x0, 0x0, 0x9f, 0xe6, 0x61,
    0x0, 0x0, 0x9f, 0xff, 0xf3, 0x0, 0x0, 0x9f,
    0xff, 0xf3, 0x0, 0xff, 0x60, 0x0, 0xc, 0xf9,
    0xff, 0x60, 0x0, 0xc, 0xf9, 0xff, 0x60, 0x0,
    0xc, 0xf9, 0xff, 0x60, 0x0, 0xc, 0xf9, 0x99,
    0x76, 0x66, 0x68, 0x95, 0x0, 0x9f, 0xff, 0xf3,
    0x0, 0x0, 0x9f, 0xff, 0xf3, 0x0,

    /* U+03B5 "ε" */
    0x0, 0x9f, 0xff, 0xff, 0xf9, 0x0, 0x9f, 0xff,
    0xff, 0xf9, 0x66, 0x66, 0x66, 0x66, 0x63, 0xff,
    0x60, 0x0, 0x0, 0x0, 0xff, 0x60, 0x0, 0x0,
    0x0, 0x0, 0x9f, 0xff, 0xff, 0xf9, 0x0, 0x9f,
    0xff, 0xff, 0xf9, 0xff, 0x60, 0x0, 0x0, 0x0,
    0xff, 0x60, 0x0, 0x0, 0x0, 0x66, 0x66, 0x66,
    0x66, 0x63, 0x0, 0x9f, 0xff, 0xff, 0xf9, 0x0,
    0x9f, 0xff, 0xff, 0xf9,

    /* U+03B6 "ζ" */
    0xff, 0x60, 0x3f, 0xff, 0xf9, 0x0, 0xff, 0x60,
    0x3f, 0xff, 0xf9, 0x0, 0x66, 0xcf, 0xe6, 0x66,
    0x6a, 0xff, 0x0, 0x9f, 0xc0, 0x0, 0x6, 0xff,
    0x66, 0x66, 0x50, 0x4, 0x66, 0x66, 0xff, 0x60,
    0x0, 0xc, 0xf9, 0x0, 0xff, 0x60, 0x0, 0xc,
    0xf9, 0x0, 0x0, 0x0, 0x3f, 0xf3, 0x0, 0x0,
    0x0, 0x0, 0x3f, 0xf3, 0x0, 0x0, 0x0, 0x9f,
    0xc0, 0x0, 0x0, 0x0, 0x0, 0x9f, 0xc0, 0x0,
    0x0, 0x0, 0x0, 0x36, 0x66, 0x66, 0x63, 0x0,
    0x0, 0x0, 0x3f, 0xff, 0xf9, 0x0, 0x0, 0x0,
    0x3f, 0xff, 0xf9, 0x0,

    /* U+03B7 "η" */
    0xff, 0x60, 0x3f, 0xff, 0xf9, 0x0, 0xff, 0x60,
    0x3f, 0xff, 0xf9, 0x0, 0x66, 0xcf, 0xe6, 0x66,
    0x6a, 0xff, 0x0, 0x9f, 0xc0, 0x0, 0x6, 0xff,
    0x0, 0x9f, 0xc0, 0x0, 0x6, 0xff, 0x0, 0x9f,
    0xc0, 0x0, 0x6, 0xff, 0x0, 0x9f, 0xc0, 0x0,
    0x6, 0xff, 0x0, 0x9f, 0xc0, 0x0, 0x6, 0xff,
    0x0, 0x9f, 0xc0, 0x0, 0x6, 0xff, 0x0, 0x9f,
    0xc0, 0x0, 0x6, 0xff, 0x0, 0x9f, 0xc0, 0x0,
    0x6, 0xff, 0x0, 0x59, 0x70, 0x0, 0x6, 0xff,
    0x0, 0x0, 0x0, 0x0, 0x6, 0xff, 0x0, 0x0,
    0x0, 0x0, 0x6, 0xff,

    /* U+03B8 "θ" */
    0x0, 0x9f, 0xff, 0xf3, 0x0, 0x0, 0x9f, 0xff,
    0xf3, 0x0, 0xff, 0xa6, 0x66, 0x6e, 0xf9, 0xff,
    0x60, 0x0, 0xc, 0xf9, 0xff, 0xa6, 0x66, 0x6e,
    0xf9, 0xff, 0xff, 0xff, 0xff, 0xf9, 0xff, 0xff,
    0xff, 0xff, 0xf9, 0xff, 0x60, 0x0, 0xc, 0xf9,
    0xff, 0x60, 0x0, 0xc, 0xf9, 0xff, 0x60, 0x0,
    0xc, 0xf9, 0xff, 0x60, 0x0, 0xc, 0xf9, 0x99,
    0x76, 0x66, 0x68, 0x95, 0x0, 0x9f, 0xff, 0xf3,
    0x0, 0x0, 0x9f, 0xff, 0xf3, 0x0,

    /* U+03B9 "ι" */
    0x9f, 0xc0, 0x0, 0x0, 0x0, 0x9f, 0xc0, 0x0,
    0x0, 0x0, 0x9f, 0xc0, 0x0, 0x0, 0x0, 0x9f,
    0xc0, 0x0, 0x0, 0x0, 0x9f, 0xc0, 0x0, 0x0,
    0x0, 0x9f, 0xc0, 0x0, 0x0, 0x0, 0x9f, 0xc0,
    0x0, 0x0, 0x0, 0x9f, 0xc0, 0x0, 0x5, 0xcc,
    0x9f, 0xc0, 0x0, 0x6, 0xff, 0x59, 0x86, 0x66,
    0x67, 0x99, 0x0, 0x3f, 0xff, 0xf9, 0x0, 0x0,
    0x3f, 0xff, 0xf9, 0x0,

    /* U+03BA "κ" */
    0x9f, 0xc0, 0x0, 0x6, 0xff, 0x9f, 0xc0, 0x0,
    0x6, 0xff, 0x9f, 0xc0, 0x4, 0x66, 0x66, 0x9f,
    0xc0, 0xc, 0xf9, 0x0, 0x9f, 0xc0, 0xc, 0xf9,
    0x0, 0x9f, 0xff, 0xf3, 0x0, 0x0, 0x9f, 0xff,
    0xf3, 0x0, 0x0, 0x9f, 0xc0, 0xc, 0xf9, 0x0,
    0x9f, 0xc0, 0xc, 0xf9, 0x0, 0x9f, 0xc0, 0x4,
    0x66, 0x66, 0x9f, 0xc0, 0x0, 0x6, 0xff, 0x9f,
    0xc0, 0x0, 0x6, 0xff,

    /* U+03BB "λ" */
    0xff, 0xff, 0xc0, 0x0, 0x0, 0x0, 0xff, 0xff,
    0xc0, 0x0, 0x0, 0x0, 0x66, 0x66, 0x8f, 0xf3,
    0x0, 0x0, 0x0, 0x0, 0x3f, 0xf3, 0x0, 0x0,
    0x0, 0x0, 0x3f, 0xf3, 0x0, 0x0, 0x0, 0x0,
    0x3f, 0xf3, 0x0, 0x0, 0x0, 0x0, 0x2c, 0xc2,
    0x0, 0x0, 0x0, 0x9f, 0xc0, 0xc, 0xf9, 0x0,
    0x0, 0x9f, 0xc0, 0xc, 0xf9, 0x0, 0x0, 0x9f,
    0xc0, 0x2, 0x37, 0xcc, 0x0, 0x9f, 0xc0, 0x0,
    0x6, 0xff, 0x66, 0x89, 0x70, 0x0, 0x6, 0xff,
    0xff, 0x60, 0x0, 0x0, 0x6, 0xff, 0xff, 0x60,
    0x0, 0x0, 0x6, 0xff,

    /* U+03BC "μ" */
    0xff, 0x60, 0x0, 0xc, 0xf9, 0x0, 0xff, 0x60,
    0x0, 0xc, 0xf9, 0x0, 0xff, 0x60, 0x0, 0xc,
    0xf9, 0x0, 0xff, 0x60, 0x0, 0xc, 0xf9, 0x0,
    0xff, 0x60, 0x0, 0xa, 0xc7, 0x0, 0xff, 0xff,
    0xff, 0xf3, 0x6, 0xff, 0xff, 0xff, 0xff, 0xf3,
    0x6, 0xff, 0xff, 0xa6, 0x66, 0x61, 0x2, 0x66,
    0xff, 0x60, 0x0, 0x0, 0x0, 0x0, 0xff, 0x60,
    0x0, 0x0, 0x0, 0x0, 0xff, 0x60, 0x0, 0x0,
    0x0, 0x0, 0xff, 0x60, 0x0, 0x0, 0x0, 0x0,

    /* U+03BD "ν" */
    0xff, 0x60, 0x0, 0x0, 0x6, 0xff, 0xff, 0x60,
    0x0, 0x0, 0x6, 0xff, 0xff, 0x60, 0x0, 0x0,
    0x6, 0xff, 0xff, 0x60, 0x0, 0x0, 0x6, 0xff,
    0xff, 0x60, 0x0, 0x0, 0x5, 0xcc, 0xff, 0x60,
    0x0, 0xc, 0xf9, 0x0, 0xff, 0x60, 0x0, 0xc,
    0xf9, 0x0, 0xff, 0x60, 0x3f, 0xf3, 0x0, 0x0,
    0xff, 0x60, 0x3f, 0xf3, 0x0, 0x0, 0xff, 0xa6,
    0x66, 0x61, 0x0, 0x0, 0xff, 0xff, 0xc0, 0x0,
    0x0, 0x0, 0xff, 0xff, 0xc0, 0x0, 0x0, 0x0,

    /* U+03BE "ξ" */
    0xff, 0xff, 0xff, 0xff, 0xff, 0xff, 0xff, 0xff,
    0xff, 0xff, 0xff, 0xff, 0x66, 0xcf, 0xe6, 0x66,
    0x66, 0x66, 0x0, 0x9f, 0xc0, 0x0, 0x0, 0x0,
    0x0, 0x9f, 0xc0, 0x0, 0x0, 0x0, 0x0, 0x0,
    0x3f, 0xff, 0xff, 0xff, 0x0, 0x0, 0x3f, 0xff,
    0xff, 0xff, 0x0, 0x36, 0x66, 0x66, 0x66, 0x66,
    0x0, 0x9f, 0xc0, 0x0, 0x0, 0x0, 0x0, 0x9f,
    0xc0, 0x0, 0x0, 0x0, 0x0, 0x0, 0x3f, 0xff,
    0xf9, 0x0, 0x0, 0x0, 0x3f, 0xff, 0xf9, 0x0,
    0x0, 0x0, 0x0, 0x0, 0x6, 0xff, 0x0, 0x0,
    0x0, 0x0, 0x6, 0xff, 0x0, 0x36, 0x66, 0x66,
    0x66, 0x66, 0x0, 0x9f, 0xff, 0xff, 0xf9, 0x0,
    0x0, 0x9f, 0xff, 0xff, 0xf9, 0x0,

    /* U+03BF "ο" */
    0x0, 0x9f, 0xff, 0xff, 0xf9, 0x0, 0x0, 0x9f,
    0xff, 0xff, 0xf9, 0x0, 0xff, 0xa6, 0x66, 0x66,
    0x6a, 0xff, 0xff, 0x60, 0x0, 0x0, 0x6, 0xff,
    0xff, 0x60, 0x0, 0x0, 0x6, 0xff, 0xff, 0x60,
    0x0, 0x0, 0x6, 0xff, 0xff, 0x60, 0x0, 0x0,
    0x6, 0xff, 0xff, 0x60, 0x0, 0x0, 0x6, 0xff,
    0xff, 0x60, 0x0, 0x0, 0x6, 0xff, 0x33, 0x56,
    0x66, 0x66, 0x65, 0x33, 0x0, 0x9f, 0xff, 0xff,
    0xf9, 0x0, 0x0, 0x9f, 0xff, 0xff, 0xf9, 0x0,

    /* U+03C0 "π" */
    0xff, 0xff, 0xff, 0xff, 0xff, 0xff, 0xff, 0xff,
    0xff, 0xff, 0xff, 0xff, 0x66, 0xcf, 0xe6, 0x6e,
    0xfc, 0x66, 0x0, 0x9f, 0xc0, 0xc, 0xf9, 0x0,
    0x0, 0x9f, 0xc0, 0xc, 0xf9, 0x0, 0x0, 0x9f,
    0xc0, 0xc, 0xf9, 0x0, 0x0, 0x9f, 0xc0, 0xc,
    0xf9, 0x0, 0x0, 0x9f, 0xc0, 0xc, 0xf9, 0x0,
    0x0, 0x9f, 0xc0, 0xc, 0xf9, 0x0, 0x66, 0x89,
    0x70, 0xc, 0xfc, 0x66, 0xff, 0x60, 0x0, 0xc,
    0xff, 0xff, 0xff, 0x60, 0x0, 0xc, 0xff, 0xff,

    /* U+03C1 "ρ" */
    0x0, 0x0, 0x3f, 0xff, 0xf9, 0x0, 0x0, 0x0,
    0x3f, 0xff, 0xf9, 0x0, 0x0, 0x9f, 0xe6, 0x66,
    0x6a, 0xff, 0x0, 0x9f, 0xc0, 0x0, 0x6, 0xff,
    0x0, 0x9f, 0xc0, 0x0, 0x6, 0xff, 0x0, 0x9f,
    0xc0, 0x0, 0x6, 0xff, 0x0, 0x9f, 0xc0, 0x0,
    0x5, 0xcc, 0x0, 0x9f, 0xff, 0xff, 0xf9, 0x0,
    0x0, 0x9f, 0xff, 0xff, 0xf9, 0x0, 0x0, 0x9f,
    0xe6, 0x66, 0x63, 0x0, 0x0, 0x9f, 0xc0, 0x0,
    0x0, 0x0, 0x66, 0x89, 0x70, 0x0, 0x0, 0x0,
    0xff, 0x60, 0x0, 0x0, 0x0, 0x0, 0xff, 0x60,
    0x0, 0x0, 0x0, 0x0,

    /* U+03C2 "ς" */
    0x0, 0x9f, 0xff, 0xff, 0xf9, 0x0, 0x0, 0x9f,
    0xff, 0xff, 0xf9, 0x0, 0xff, 0xa6, 0x66, 0x66,
    0x6a, 0xff, 0xff, 0x60, 0x0, 0x0, 0x6, 0xff,
    0xff, 0x60, 0x0, 0x0, 0x2, 0x66, 0xff, 0x60,
    0x0, 0x0, 0x0, 0x0, 0xcc, 0x50, 0x0, 0x0,
    0x0, 0x0, 0x0, 0x9f, 0xff, 0xf3, 0x0, 0x0,
    0x0, 0x9f, 0xff, 0xf3, 0x0, 0x0, 0x0, 0x0,
    0x0, 0xc, 0xf9, 0x0, 0x0, 0x0, 0x0, 0xc,
    0xf9, 0x0, 0x0, 0x36, 0x66, 0x66, 0x63, 0x0,
    0x0, 0x9f, 0xff, 0xf3, 0x0, 0x0, 0x0, 0x9f,
    0xff, 0xf3, 0x0, 0x0,

    /* U+03C3 "σ" */
    0x0, 0x0, 0x0, 0x0, 0x6, 0xff, 0x0, 0x0,
    0x0, 0x0, 0x6, 0xff, 0x0, 0x0, 0x0, 0x0,
    0x2, 0x66, 0x0, 0x0, 0x0, 0xc, 0xf9, 0x0,
    0x0, 0x0, 0x0, 0xc, 0xf9, 0x0, 0x0, 0x9f,
    0xff, 0xf8, 0x63, 0x0, 0x0, 0x9f, 0xff, 0xf3,
    0x0, 0x0, 0xff, 0xa6, 0x66, 0x6e, 0xf9, 0x0,
    0xff, 0x60, 0x0, 0xc, 0xf9, 0x0, 0xff, 0x60,
    0x0, 0xc, 0xf9, 0x0, 0xff, 0x60, 0x0, 0xc,
    0xf9, 0x0, 0xff, 0x60, 0x0, 0xc, 0xf9, 0x0,
    0xff, 0x60, 0x0, 0xc, 0xf9, 0x0, 0xff, 0x60,
    0x0, 0xc, 0xf9, 0x0, 0x33, 0x56, 0x66, 0x63,
    0x31, 0x0, 0x0, 0x9f, 0xff, 0xf3, 0x0, 0x0,
    0x0, 0x9f, 0xff, 0xf3, 0x0, 0x0,

    /* U+03C4 "τ" */
    0xff, 0xff, 0xff, 0xff, 0xff, 0xff, 0xff, 0xff,
    0xff, 0xff, 0xff, 0xff, 0x66, 0x66, 0x8f, 0xf8,
    0x66, 0x66, 0x0, 0x0, 0x3f, 0xf3, 0x0, 0x0,
    0x0, 0x36, 0x79, 0x91, 0x0, 0x0, 0x0, 0x9f,
    0xc0, 0x0, 0x0, 0x0, 0x0, 0x9f, 0xc0, 0x0,
    0x0, 0x0, 0x0, 0x9f, 0xc0, 0x0, 0x6, 0xff,
    0x0, 0x9f, 0xc0, 0x0, 0x6, 0xff, 0x0, 0x36,
    0x66, 0x66, 0x66, 0x66, 0x0, 0x0, 0x3f, 0xff,
    0xf9, 0x0, 0x0, 0x0, 0x3f, 0xff, 0xf9, 0x0,

    /* U+03C5 "υ" */
    0xff, 0x60, 0x0, 0x0, 0x6, 0xff, 0xff, 0x60,
    0x0, 0x0, 0x6, 0xff, 0xff, 0x60, 0x0, 0x0,
    0x6, 0xff, 0xff, 0x60, 0x0, 0x0, 0x6, 0xff,
    0xff, 0x60, 0x0, 0x0, 0x6, 0xff, 0xff, 0x60,
    0x0, 0x0, 0x6, 0xff, 0xff, 0x60, 0x0, 0x0,
    0x6, 0xff, 0xff, 0x60, 0x0, 0x0, 0x6, 0xff,
    0xff, 0x60, 0x0, 0x0, 0x6, 0xff, 0x99, 0x76,
    0x66, 0x66, 0x67, 0x99, 0x0, 0x9f, 0xff, 0xff,
    0xf9, 0x0, 0x0, 0x9f, 0xff, 0xff, 0xf9, 0x0,

    /* U+03C6 "φ" */
    0x0, 0x0, 0x3f, 0xf3, 0x0, 0x0, 0x0, 0x0,
    0x3f, 0xf3, 0x0, 0x0, 0x0, 0x9f, 0xff, 0xff,
    0xf9, 0x0, 0x0, 0x9f, 0xff, 0xff, 0xf9, 0x0,
    0x66, 0x66, 0x8f, 0xf8, 0x66, 0x66, 0xff, 0x60,
    0x3f, 0xf3, 0x6, 0xff, 0xff, 0x60, 0x3f, 0xf3,
    0x6, 0xff, 0x0, 0x9f, 0xff, 0xff, 0xf9, 0x0,
    0x0, 0x9f, 0xff, 0xff, 0xf9, 0x0, 0x0, 0x36,
    0x8f, 0xf8, 0x63, 0x0, 0x0, 0x0, 0x3f, 0xf3,
    0x0, 0x0, 0x0, 0x0, 0x3f, 0xf3, 0x0, 0x0,
    0x0, 0x0, 0x3f, 0xf3, 0x0, 0x0, 0x0, 0x0,
    0x3f, 0xf3, 0x0, 0x0,

    /* U+03C7 "χ" */
    0x0, 0x9f, 0xc0, 0x0, 0x6, 0xff, 0x0, 0x9f,
    0xc0, 0x0, 0x6, 0xff, 0x66, 0x66, 0x66, 0x66,
    0x66, 0x66, 0xff, 0x60, 0x3f, 0xff, 0xf9, 0x0,
    0xff, 0x60, 0x3f, 0xff, 0xf9, 0x0, 0x0, 0x0,
    0x3f, 0xf3, 0x0, 0x0, 0x0, 0x0, 0x3f, 0xf3,
    0x0, 0x0, 0x0, 0x9f, 0xff, 0xf3, 0x6, 0xff,
    0x0, 0x9f, 0xff, 0xf3, 0x6, 0xff, 0x66, 0x66,
    0x66, 0x66, 0x66, 0x66, 0xff, 0x60, 0x0, 0xc,
    0xf9, 0x0, 0xff, 0x60, 0x0, 0xc, 0xf9, 0x0,

    /* U+03C8 "ψ" */
    0x0, 0x0, 0x3f, 0xf3, 0x0, 0x0, 0x0, 0x0,
    0x3f, 0xf3, 0x0, 0x0, 0xff, 0x60, 0x3f, 0xf3,
    0x0, 0x0, 0xff, 0x60, 0x3f, 0xf3, 0x0, 0x0,
    0xff, 0x60, 0x3f, 0xf3, 0x3, 0x99, 0xff, 0x60,
    0x3f, 0xf3, 0x6, 0xff, 0xcc, 0x50, 0x3f, 0xf3,
    0x5, 0xcc, 0x0, 0x9f, 0xff, 0xff, 0xf9, 0x0,
    0x0, 0x9f, 0xff, 0xff, 0xf9, 0x0, 0x0, 0x36,
    0x8f, 0xf8, 0x63, 0x0, 0x0, 0x0, 0x3f, 0xf3,
    0x0, 0x0, 0x0, 0x0, 0x3f, 0xf3, 0x0, 0x0,
    0x0, 0x0, 0x3f, 0xf3, 0x0, 0x0, 0x0, 0x0,
    0x3f, 0xf3, 0x0, 0x0,

    /* U+03C9 "ω" */
    0x0, 0x9f, 0xc0, 0xc, 0xf9, 0x0, 0x0, 0x9f,
    0xc0, 0xc, 0xf9, 0x0, 0x99, 0x76, 0x50, 0x5,
    0x67, 0x99, 0xff, 0x60, 0x0, 0x0, 0x6, 0xff,
    0xff, 0x60, 0x0, 0x0, 0x6, 0xff, 0xff, 0x60,
    0x3f, 0xf3, 0x6, 0xff, 0xff, 0x60, 0x3f, 0xf3,
    0x6, 0xff, 0xff, 0x60, 0x3f, 0xf3, 0x6, 0xff,
    0xff, 0x60, 0x3f, 0xf3, 0x6, 0xff, 0x99, 0x76,
    0x79, 0x97, 0x67, 0x99, 0x0, 0x9f, 0xc0, 0xc,
    0xf9, 0x0, 0x0, 0x9f, 0xc0, 0xc, 0xf9, 0x0,

    /* U+2018 "‘" */
    0x0, 0x3f, 0xf3, 0x0, 0x3f, 0xf3, 0x59, 0x96,
    0x61, 0x9f, 0xc0, 0x0, 0x9f, 0xc0, 0x0, 0x9f,
    0xff, 0xf3, 0x9f, 0xff, 0xf3, 0x36, 0x66, 0x61,

    /* U+2019 "’" */
    0x9f, 0xff, 0xf3, 0x9f, 0xff, 0xf3, 0x36, 0x8f,
    0xf3, 0x0, 0x3f, 0xf3, 0x0, 0x3f, 0xf3, 0x9f,
    0xc0, 0x0, 0x9f, 0xc0, 0x0, 0x36, 0x50, 0x0,

    /* U+201C "“" */
    0x0, 0x9f, 0xc0, 0x0, 0x6, 0xff, 0x0, 0x9f,
    0xc0, 0x0, 0x6, 0xff, 0x99, 0x76, 0x40, 0x7,
    0x98, 0x66, 0xff, 0x60, 0x0, 0xc, 0xf9, 0x0,
    0xff, 0x60, 0x0, 0xc, 0xf9, 0x0, 0xff, 0xff,
    0xc0, 0xc, 0xff, 0xff, 0xff, 0xff, 0xc0, 0xc,
    0xff, 0xff, 0x66, 0x66, 0x50, 0x5, 0x66, 0x66,

    /* U+201D "”" */
    0xff, 0xff, 0xc0, 0xc, 0xff, 0xff, 0xff, 0xff,
    0xc0, 0xc, 0xff, 0xff, 0x66, 0xcf, 0xc0, 0x4,
    0x6a, 0xff, 0x0, 0x9f, 0xc0, 0x0, 0x6, 0xff,
    0x0, 0x9f, 0xc0, 0x0, 0x6, 0xff, 0xff, 0x60,
    0x0, 0xc, 0xf9, 0x0, 0xff, 0x60, 0x0, 0xc,
    0xf9, 0x0, 0x66, 0x20, 0x0, 0x5, 0x63, 0x0,

    /* U+2022 "•" */
    0xcc, 0xcc, 0xaf, 0xff, 0xfc, 0xff, 0xff, 0xcf,
    0xff, 0xfc, 0xff, 0xff, 0xc0,

    /* U+2023 "‣" */
    0x9f, 0xc0, 0x0, 0x0, 0x9f, 0xc0, 0x0, 0x0,
    0x9f, 0xff, 0xf3, 0x0, 0x9f, 0xff, 0xf3, 0x0,
    0x9f, 0xff, 0xf8, 0x63, 0x9f, 0xff, 0xff, 0xf9,
    0x9f, 0xff, 0xff, 0xf9, 0x9f, 0xff, 0xf3, 0x0,
    0x9f, 0xff, 0xf3, 0x0, 0x9f, 0xd3, 0x30, 0x0,
    0x9f, 0xc0, 0x0, 0x0, 0x9f, 0xc0, 0x0, 0x0,

    /* U+2026 "…" */
    0x66, 0x20, 0x16, 0x61, 0x2, 0x66, 0xff, 0x60,
    0x3f, 0xf3, 0x6, 0xff, 0xff, 0x60, 0x3f, 0xf3,
    0x6, 0xff,

    /* U+2038 "‸" */
    0x0, 0x0, 0x3f, 0xf3, 0x0, 0x0, 0x0, 0x0,
    0x3f, 0xf3, 0x0, 0x0, 0x0, 0x36, 0x66, 0x66,
    0x63, 0x0, 0x0, 0x9f, 0xc0, 0xc, 0xf9, 0x0,
    0x0, 0x9f, 0xc0, 0xc, 0xf9, 0x0, 0xff, 0x60,
    0x0, 0x0, 0x6, 0xff, 0xff, 0x60, 0x0, 0x0,
    0x6, 0xff, 0x66, 0x20, 0x0, 0x0, 0x2, 0x66,

    /* U+2039 "‹" */
    0x0, 0x0, 0x0, 0xc, 0xf9, 0x0, 0x0, 0x0,
    0xc, 0xf9, 0x0, 0x0, 0x16, 0x66, 0x63, 0x0,
    0x0, 0x3f, 0xf3, 0x0, 0x0, 0x0, 0x3f, 0xf3,
    0x0, 0x0, 0x9f, 0xc0, 0x0, 0x0, 0x0, 0x9f,
    0xc0, 0x0, 0x0, 0x66, 0x66, 0x50, 0x0, 0x0,
    0xff, 0x60, 0x0, 0x0, 0x0, 0xff, 0x60, 0x0,
    0x0, 0x0, 0x0, 0x9f, 0xc0, 0x0, 0x0, 0x0,
    0x9f, 0xc0, 0x0, 0x0, 0x0, 0x0, 0x3f, 0xf3,
    0x0, 0x0, 0x0, 0x3f, 0xf3, 0x0, 0x0, 0x0,
    0x16, 0x66, 0x63, 0x0, 0x0, 0x0, 0xc, 0xf9,
    0x0, 0x0, 0x0, 0xc, 0xf9,

    /* U+203A "›" */
    0x9f, 0xc0, 0x0, 0x0, 0x0, 0x9f, 0xc0, 0x0,
    0x0, 0x0, 0x36, 0x66, 0x61, 0x0, 0x0, 0x0,
    0x3f, 0xf3, 0x0, 0x0, 0x0, 0x3f, 0xf3, 0x0,
    0x0, 0x0, 0x0, 0xc, 0xf9, 0x0, 0x0, 0x0,
    0xc, 0xf9, 0x0, 0x0, 0x0, 0x5, 0x66, 0x66,
    0x0, 0x0, 0x0, 0x6, 0xff, 0x0, 0x0, 0x0,
    0x6, 0xff, 0x0, 0x0, 0xc, 0xf9, 0x0, 0x0,
    0x0, 0xc, 0xf9, 0x0, 0x0, 0x3f, 0xf3, 0x0,
    0x0, 0x0, 0x3f, 0xf3, 0x0, 0x0, 0x36, 0x66,
    0x61, 0x0, 0x0, 0x9f, 0xc0, 0x0, 0x0, 0x0,
    0x9f, 0xc0, 0x0, 0x0, 0x0,

    /* U+203B "※" */
    0x0, 0x0, 0x3f, 0xf3, 0x0, 0x0, 0x0, 0x0,
    0x3f, 0xf3, 0x0, 0x0, 0x66, 0x20, 0x16, 0x61,
    0x2, 0x66, 0xff, 0x60, 0x0, 0x0, 0x6, 0xff,
    0xff, 0x60, 0x0, 0x0, 0x6, 0xff, 0x0, 0x9f,
    0xc0, 0xc, 0xf9, 0x0, 0x0, 0x9f, 0xc0, 0xc,
    0xf9, 0x0, 0x66, 0x66, 0x66, 0x66, 0x66, 0x66,
    0xff, 0x60, 0x3f, 0xf3, 0x6, 0xff, 0xff, 0x60,
    0x3f, 0xf3, 0x6, 0xff, 0x0, 0x9f, 0xc0, 0xc,
    0xf9, 0x0, 0x0, 0x9f, 0xc0, 0xc, 0xf9, 0x0,
    0xff, 0x60, 0x0, 0x0, 0x6, 0xff, 0xff, 0x60,
    0x0, 0x0, 0x6, 0xff, 0x66, 0x20, 0x16, 0x61,
    0x2, 0x66, 0x0, 0x0, 0x3f, 0xf3, 0x0, 0x0,
    0x0, 0x0, 0x3f, 0xf3, 0x0, 0x0,

    /* U+2055 "⁕" */

    /* U+2070 "⁰" */
    0x9f, 0xff, 0xff, 0xf9, 0x9f, 0xff, 0xff, 0xf9,
    0x9f, 0xe6, 0x6e, 0xf9, 0x9f, 0xc0, 0xc, 0xf9,
    0x9f, 0xc0, 0xc, 0xf9, 0x9f, 0xc0, 0xc, 0xf9,
    0x9f, 0xc0, 0xc, 0xf9, 0x9f, 0xc0, 0xc, 0xf9,
    0x9f, 0xc0, 0xc, 0xf9, 0x9f, 0xe6, 0x6e, 0xf9,
    0x9f, 0xff, 0xff, 0xf9, 0x9f, 0xff, 0xff, 0xf9,

    /* U+2074 "⁴" */
    0x9f, 0xc0, 0xc, 0xf9, 0x9f, 0xc0, 0xc, 0xf9,
    0x9f, 0xc0, 0xc, 0xf9, 0x9f, 0xc0, 0xc, 0xf9,
    0x9f, 0xc0, 0xc, 0xf9, 0x9f, 0xff, 0xff, 0xf9,
    0x9f, 0xff, 0xff, 0xf9, 0x36, 0x66, 0x6e, 0xf9,
    0x0, 0x0, 0xc, 0xf9, 0x0, 0x0, 0xc, 0xf9,
    0x0, 0x0, 0xc, 0xf9, 0x0, 0x0, 0xc, 0xf9,

    /* U+2075 "⁵" */
    0x9f, 0xff, 0xff, 0xf9, 0x9f, 0xff, 0xff, 0xf9,
    0x9f, 0xe6, 0x66, 0x63, 0x9f, 0xc0, 0x0, 0x0,
    0x9f, 0xc0, 0x0, 0x0, 0x9f, 0xff, 0xff, 0xf9,
    0x9f, 0xff, 0xff, 0xf9, 0x36, 0x66, 0x6e, 0xf9,
    0x0, 0x0, 0xc, 0xf9, 0x36, 0x66, 0x6e, 0xf9,
    0x9f, 0xff, 0xff, 0xf9, 0x9f, 0xff, 0xff, 0xf9,

    /* U+2076 "⁶" */
    0x9f, 0xff, 0xff, 0xf9, 0x9f, 0xff, 0xff, 0xf9,
    0x9f, 0xe6, 0x66, 0x63, 0x9f, 0xc0, 0x0, 0x0,
    0x9f, 0xc0, 0x0, 0x0, 0x9f, 0xff, 0xff, 0xf9,
    0x9f, 0xff, 0xff, 0xf9, 0x9f, 0xe6, 0x6e, 0xf9,
    0x9f, 0xc0, 0xc, 0xf9, 0x9f, 0xe6, 0x6e, 0xf9,
    0x9f, 0xff, 0xff, 0xf9, 0x9f, 0xff, 0xff, 0xf9,

    /* U+2077 "⁷" */
    0x9f, 0xff, 0xff, 0xf9, 0x9f, 0xff, 0xff, 0xf9,
    0x9f, 0xe6, 0x6e, 0xf9, 0x9f, 0xc0, 0xc, 0xf9,
    0x7c, 0xa0, 0xc, 0xf9, 0x0, 0x0, 0xc, 0xf9,
    0x0, 0x0, 0xc, 0xf9, 0x0, 0x0, 0xc, 0xf9,
    0x0, 0x0, 0xc, 0xf9, 0x0, 0x0, 0xc, 0xf9,
    0x0, 0x0, 0xc, 0xf9, 0x0, 0x0, 0xc, 0xf9,

    /* U+2078 "⁸" */
    0x9f, 0xff, 0xff, 0xf9, 0x9f, 0xff, 0xff, 0xf9,
    0x9f, 0xe6, 0x6e, 0xf9, 0x9f, 0xc0, 0xc, 0xf9,
    0x9f, 0xc0, 0xc, 0xf9, 0x9f, 0xff, 0xff, 0xf9,
    0x9f, 0xff, 0xff, 0xf9, 0x9f, 0xe6, 0x6e, 0xf9,
    0x9f, 0xc0, 0xc, 0xf9, 0x9f, 0xe6, 0x6e, 0xf9,
    0x9f, 0xff, 0xff, 0xf9, 0x9f, 0xff, 0xff, 0xf9,

    /* U+2079 "⁹" */
    0x9f, 0xff, 0xff, 0xf9, 0x9f, 0xff, 0xff, 0xf9,
    0x9f, 0xe6, 0x6e, 0xf9, 0x9f, 0xc0, 0xc, 0xf9,
    0x9f, 0xc0, 0xc, 0xf9, 0x9f, 0xff, 0xff, 0xf9,
    0x9f, 0xff, 0xff, 0xf9, 0x36, 0x66, 0x6e, 0xf9,
    0x0, 0x0, 0xc, 0xf9, 0x36, 0x66, 0x6e, 0xf9,
    0x9f, 0xff, 0xff, 0xf9, 0x9f, 0xff, 0xff, 0xf9,

    /* U+207A "⁺" */
    0x0, 0x0, 0x3f, 0xf3, 0x0, 0x0, 0x0, 0x0,
    0x3f, 0xf3, 0x0, 0x0, 0x0, 0x0, 0x3f, 0xf3,
    0x0, 0x0, 0x0, 0x0, 0x3f, 0xf3, 0x0, 0x0,
    0x0, 0x0, 0x3f, 0xf3, 0x0, 0x0, 0xff, 0xff,
    0xff, 0xff, 0xff, 0xff, 0xff, 0xff, 0xff, 0xff,
    0xff, 0xff, 0x66, 0x66, 0x8f, 0xf8, 0x66, 0x66,
    0x0, 0x0, 0x3f, 0xf3, 0x0, 0x0, 0x0, 0x0,
    0x3f, 0xf3, 0x0, 0x0, 0x0, 0x0, 0x3f, 0xf3,
    0x0, 0x0, 0x0, 0x0, 0x3f, 0xf3, 0x0, 0x0,

    /* U+207B "⁻" */
    0x66, 0x66, 0x66, 0x66, 0x66, 0x66, 0xff, 0xff,
    0xff, 0xff, 0xff, 0xff, 0xff, 0xff, 0xff, 0xff,
    0xff, 0xff,

    /* U+2080 "₀" */
    0x9f, 0xff, 0xff, 0xf9, 0x9f, 0xff, 0xff, 0xf9,
    0x9f, 0xe6, 0x6e, 0xf9, 0x9f, 0xc0, 0xc, 0xf9,
    0x9f, 0xc0, 0xc, 0xf9, 0x9f, 0xc0, 0xc, 0xf9,
    0x9f, 0xc0, 0xc, 0xf9, 0x9f, 0xc0, 0xc, 0xf9,
    0x9f, 0xc0, 0xc, 0xf9, 0x9f, 0xe6, 0x6e, 0xf9,
    0x9f, 0xff, 0xff, 0xf9, 0x9f, 0xff, 0xff, 0xf9,

    /* U+2081 "₁" */
    0x0, 0x3f, 0xf3, 0x0, 0x0, 0x3f, 0xf3, 0x0,
    0x36, 0x8f, 0xf3, 0x0, 0x9f, 0xff, 0xf3, 0x0,
    0x9f, 0xff, 0xf3, 0x0, 0x0, 0x3f, 0xf3, 0x0,
    0x0, 0x3f, 0xf3, 0x0, 0x0, 0x3f, 0xf3, 0x0,
    0x0, 0x3f, 0xf3, 0x0, 0x36, 0x8f, 0xf8, 0x63,
    0x9f, 0xff, 0xff, 0xf9, 0x9f, 0xff, 0xff, 0xf9,

    /* U+2082 "₂" */
    0x9f, 0xff, 0xff, 0xf9, 0x9f, 0xff, 0xff, 0xf9,
    0x36, 0x66, 0x6e, 0xf9, 0x0, 0x0, 0xc, 0xf9,
    0x0, 0x0, 0xc, 0xf9, 0x9f, 0xff, 0xff, 0xf9,
    0x9f, 0xff, 0xff, 0xf9, 0x9f, 0xe6, 0x66, 0x63,
    0x9f, 0xc0, 0x0, 0x0, 0x9f, 0xe6, 0x66, 0x63,
    0x9f, 0xff, 0xff, 0xf9, 0x9f, 0xff, 0xff, 0xf9,

    /* U+2083 "₃" */
    0x9f, 0xff, 0xff, 0xf9, 0x9f, 0xff, 0xff, 0xf9,
    0x36, 0x66, 0x6e, 0xf9, 0x0, 0x0, 0xc, 0xf9,
    0x0, 0x0, 0xc, 0xf9, 0x9f, 0xff, 0xff, 0xf9,
    0x9f, 0xff, 0xff, 0xf9, 0x36, 0x66, 0x6e, 0xf9,
    0x0, 0x0, 0xc, 0xf9, 0x36, 0x66, 0x6e, 0xf9,
    0x9f, 0xff, 0xff, 0xf9, 0x9f, 0xff, 0xff, 0xf9,

    /* U+2084 "₄" */
    0x9f, 0xc0, 0xc, 0xf9, 0x9f, 0xc0, 0xc, 0xf9,
    0x9f, 0xc0, 0xc, 0xf9, 0x9f, 0xc0, 0xc, 0xf9,
    0x9f, 0xc0, 0xc, 0xf9, 0x9f, 0xff, 0xff, 0xf9,
    0x9f, 0xff, 0xff, 0xf9, 0x36, 0x66, 0x6e, 0xf9,
    0x0, 0x0, 0xc, 0xf9, 0x0, 0x0, 0xc, 0xf9,
    0x0, 0x0, 0xc, 0xf9, 0x0, 0x0, 0xc, 0xf9,

    /* U+2085 "₅" */
    0x9f, 0xff, 0xff, 0xf9, 0x9f, 0xff, 0xff, 0xf9,
    0x9f, 0xe6, 0x66, 0x63, 0x9f, 0xc0, 0x0, 0x0,
    0x9f, 0xc0, 0x0, 0x0, 0x9f, 0xff, 0xff, 0xf9,
    0x9f, 0xff, 0xff, 0xf9, 0x36, 0x66, 0x6e, 0xf9,
    0x0, 0x0, 0xc, 0xf9, 0x36, 0x66, 0x6e, 0xf9,
    0x9f, 0xff, 0xff, 0xf9, 0x9f, 0xff, 0xff, 0xf9,

    /* U+2086 "₆" */
    0x9f, 0xff, 0xff, 0xf9, 0x9f, 0xff, 0xff, 0xf9,
    0x9f, 0xe6, 0x66, 0x63, 0x9f, 0xc0, 0x0, 0x0,
    0x9f, 0xc0, 0x0, 0x0, 0x9f, 0xff, 0xff, 0xf9,
    0x9f, 0xff, 0xff, 0xf9, 0x9f, 0xe6, 0x6e, 0xf9,
    0x9f, 0xc0, 0xc, 0xf9, 0x9f, 0xe6, 0x6e, 0xf9,
    0x9f, 0xff, 0xff, 0xf9, 0x9f, 0xff, 0xff, 0xf9,

    /* U+2087 "₇" */
    0x9f, 0xff, 0xff, 0xf9, 0x9f, 0xff, 0xff, 0xf9,
    0x9f, 0xe6, 0x6e, 0xf9, 0x9f, 0xc0, 0xc, 0xf9,
    0x7c, 0xa0, 0xc, 0xf9, 0x0, 0x0, 0xc, 0xf9,
    0x0, 0x0, 0xc, 0xf9, 0x0, 0x0, 0xc, 0xf9,
    0x0, 0x0, 0xc, 0xf9, 0x0, 0x0, 0xc, 0xf9,
    0x0, 0x0, 0xc, 0xf9, 0x0, 0x0, 0xc, 0xf9,

    /* U+2088 "₈" */
    0x9f, 0xff, 0xff, 0xf9, 0x9f, 0xff, 0xff, 0xf9,
    0x9f, 0xe6, 0x6e, 0xf9, 0x9f, 0xc0, 0xc, 0xf9,
    0x9f, 0xc0, 0xc, 0xf9, 0x9f, 0xff, 0xff, 0xf9,
    0x9f, 0xff, 0xff, 0xf9, 0x9f, 0xe6, 0x6e, 0xf9,
    0x9f, 0xc0, 0xc, 0xf9, 0x9f, 0xe6, 0x6e, 0xf9,
    0x9f, 0xff, 0xff, 0xf9, 0x9f, 0xff, 0xff, 0xf9,

    /* U+2089 "₉" */
    0x9f, 0xff, 0xff, 0xf9, 0x9f, 0xff, 0xff, 0xf9,
    0x9f, 0xe6, 0x6e, 0xf9, 0x9f, 0xc0, 0xc, 0xf9,
    0x9f, 0xc0, 0xc, 0xf9, 0x9f, 0xff, 0xff, 0xf9,
    0x9f, 0xff, 0xff, 0xf9, 0x36, 0x66, 0x6e, 0xf9,
    0x0, 0x0, 0xc, 0xf9, 0x36, 0x66, 0x6e, 0xf9,
    0x9f, 0xff, 0xff, 0xf9, 0x9f, 0xff, 0xff, 0xf9,

    /* U+208A "₊" */
    0x0, 0x0, 0x3f, 0xf3, 0x0, 0x0, 0x0, 0x0,
    0x3f, 0xf3, 0x0, 0x0, 0x0, 0x0, 0x3f, 0xf3,
    0x0, 0x0, 0x0, 0x0, 0x3f, 0xf3, 0x0, 0x0,
    0x0, 0x0, 0x3f, 0xf3, 0x0, 0x0, 0xff, 0xff,
    0xff, 0xff, 0xff, 0xff, 0xff, 0xff, 0xff, 0xff,
    0xff, 0xff, 0x66, 0x66, 0x8f, 0xf8, 0x66, 0x66,
    0x0, 0x0, 0x3f, 0xf3, 0x0, 0x0, 0x0, 0x0,
    0x3f, 0xf3, 0x0, 0x0, 0x0, 0x0, 0x3f, 0xf3,
    0x0, 0x0, 0x0, 0x0, 0x3f, 0xf3, 0x0, 0x0,

    /* U+208B "₋" */
    0x66, 0x66, 0x66, 0x66, 0x66, 0x66, 0xff, 0xff,
    0xff, 0xff, 0xff, 0xff, 0xff, 0xff, 0xff, 0xff,
    0xff, 0xff,

    /* U+212F "ℯ" */
    0x0, 0x0, 0x16, 0x66, 0x63, 0x0, 0x0, 0x0,
    0x3f, 0xff, 0xf9, 0x0, 0x0, 0x0, 0x3f, 0xff,
    0xf9, 0x0, 0x0, 0x9f, 0xc0, 0x0, 0x6, 0xff,
    0x0, 0x9f, 0xc0, 0x0, 0x6, 0xff, 0x99, 0xdf,
    0xe9, 0x99, 0x98, 0x66, 0xff, 0xff, 0xff, 0xff,
    0xf9, 0x0, 0xff, 0xff, 0xfc, 0xcc, 0xc7, 0x0,
    0xff, 0xff, 0xc0, 0x0, 0x0, 0x0, 0xff, 0xff,
    0xc0, 0x0, 0x0, 0x0, 0xff, 0xff, 0xc0, 0x0,
    0x5, 0xcc, 0xff, 0xff, 0xc0, 0x0, 0x6, 0xff,
    0x99, 0xdf, 0xe6, 0x66, 0x67, 0x99, 0x0, 0x9f,
    0xff, 0xff, 0xf9, 0x0, 0x0, 0x9f, 0xff, 0xff,
    0xf9, 0x0,

    /* U+2139 "ℹ" */
    0x0, 0x9f, 0xff, 0xf3, 0x0, 0x0, 0x9f, 0xff,
    0xf3, 0x0, 0x0, 0x47, 0x77, 0x71, 0x0, 0x0,
    0x0, 0x0, 0x0, 0x0, 0x0, 0x0, 0x0, 0x0,
    0x0, 0xff, 0xff, 0xff, 0xf3, 0x0, 0xff, 0xff,
    0xff, 0xf3, 0x0, 0x66, 0xcf, 0xff, 0xf3, 0x0,
    0x0, 0x9f, 0xff, 0xf3, 0x0, 0x0, 0x9f, 0xff,
    0xf3, 0x0, 0x0, 0x9f, 0xff, 0xf3, 0x0, 0x0,
    0x9f, 0xff, 0xf3, 0x0, 0x0, 0x9f, 0xff, 0xf3,
    0x0, 0x0, 0x9f, 0xff, 0xf3, 0x0, 0x66, 0xcf,
    0xff, 0xf8, 0x63, 0xff, 0xff, 0xff, 0xff, 0xf9,
    0xff, 0xff, 0xff, 0xff, 0xf9,

    /* U+2190 "←" */
    0x0, 0x0, 0x16, 0x61, 0x0, 0x0, 0x0, 0x0,
    0x3f, 0xf3, 0x0, 0x0, 0x0, 0x0, 0x3f, 0xf3,
    0x0, 0x0, 0x0, 0x8d, 0xa0, 0x0, 0x0, 0x0,
    0x0, 0x9f, 0xc0, 0x0, 0x0, 0x0, 0x77, 0xcf,
    0xe7, 0x77, 0x77, 0x77, 0xff, 0xff, 0xff, 0xff,
    0xff, 0xff, 0xff, 0xff, 0xff, 0xff, 0xff, 0xff,
    0x0, 0x9f, 0xc0, 0x0, 0x0, 0x0, 0x0, 0x9f,
    0xc0, 0x0, 0x0, 0x0, 0x0, 0x35, 0x7f, 0xf3,
    0x0, 0x0, 0x0, 0x0, 0x3f, 0xf3, 0x0, 0x0,
    0x0, 0x0, 0x17, 0x71, 0x0, 0x0,

    /* U+2191 "↑" */
    0x0, 0x0, 0x2c, 0xc2, 0x0, 0x0, 0x0, 0x0,
    0x3f, 0xf3, 0x0, 0x0, 0x0, 0x36, 0x8f, 0xf8,
    0x63, 0x0, 0x0, 0x9f, 0xff, 0xff, 0xf9, 0x0,
    0x0, 0x9f, 0xff, 0xff, 0xf9, 0x0, 0xff, 0x60,
    0x3f, 0xf3, 0x6, 0xff, 0xff, 0x60, 0x3f, 0xf3,
    0x6, 0xff, 0x66, 0x20, 0x3f, 0xf3, 0x2, 0x66,
    0x0, 0x0, 0x3f, 0xf3, 0x0, 0x0, 0x0, 0x0,
    0x3f, 0xf3, 0x0, 0x0, 0x0, 0x0, 0x3f, 0xf3,
    0x0, 0x0, 0x0, 0x0, 0x3f, 0xf3, 0x0, 0x0,
    0x0, 0x0, 0x3f, 0xf3, 0x0, 0x0, 0x0, 0x0,
    0x3f, 0xf3, 0x0, 0x0, 0x0, 0x0, 0x3f, 0xf3,
    0x0, 0x0, 0x0, 0x0, 0x3f, 0xf3, 0x0, 0x0,
    0x0, 0x0, 0x3f, 0xf3, 0x0, 0x0,

    /* U+2192 "→" */
    0x0, 0x0, 0x16, 0x61, 0x0, 0x0, 0x0, 0x0,
    0x3f, 0xf3, 0x0, 0x0, 0x0, 0x0, 0x3f, 0xf3,
    0x0, 0x0, 0x0, 0x0, 0x0, 0xa, 0xd8, 0x0,
    0x0, 0x0, 0x0, 0xc, 0xf9, 0x0, 0x77, 0x77,
    0x77, 0x7e, 0xfc, 0x77, 0xff, 0xff, 0xff, 0xff,
    0xff, 0xff, 0xff, 0xff, 0xff, 0xff, 0xff, 0xff,
    0x0, 0x0, 0x0, 0xc, 0xf9, 0x0, 0x0, 0x0,
    0x0, 0xc, 0xf9, 0x0, 0x0, 0x0, 0x3f, 0xf7,
    0x53, 0x0, 0x0, 0x0, 0x3f, 0xf3, 0x0, 0x0,
    0x0, 0x0, 0x17, 0x71, 0x0, 0x0,

    /* U+2193 "↓" */
    0x0, 0x0, 0x2c, 0xc2, 0x0, 0x0, 0x0, 0x0,
    0x3f, 0xf3, 0x0, 0x0, 0x0, 0x0, 0x3f, 0xf3,
    0x0, 0x0, 0x0, 0x0, 0x3f, 0xf3, 0x0, 0x0,
    0x0, 0x0, 0x3f, 0xf3, 0x0, 0x0, 0x0, 0x0,
    0x3f, 0xf3, 0x0, 0x0, 0x0, 0x0, 0x3f, 0xf3,
    0x0, 0x0, 0x0, 0x0, 0x3f, 0xf3, 0x0, 0x0,
    0x0, 0x0, 0x3f, 0xf3, 0x0, 0x0, 0x33, 0x10,
    0x3f, 0xf3, 0x1, 0x33, 0xff, 0x60, 0x3f, 0xf3,
    0x6, 0xff, 0xff, 0x60, 0x3f, 0xf3, 0x6, 0xff,
    0x33, 0x8c, 0xdf, 0xfd, 0xc8, 0x33, 0x0, 0x9f,
    0xff, 0xff, 0xf9, 0x0, 0x0, 0x59, 0xaf, 0xfa,
    0x95, 0x0, 0x0, 0x0, 0x3f, 0xf3, 0x0, 0x0,
    0x0, 0x0, 0x3f, 0xf3, 0x0, 0x0,

    /* U+2196 "↖" */
    0xff, 0xff, 0xff, 0xff, 0xf9, 0x0, 0xff, 0xff,
    0xff, 0xff, 0xf9, 0x0, 0xff, 0xff, 0xe7, 0x77,
    0x74, 0x0, 0xff, 0xff, 0xc0, 0x0, 0x0, 0x0,
    0xff, 0xed, 0xa0, 0x0, 0x0, 0x0, 0xff, 0x60,
    0x3f, 0xf3, 0x0, 0x0, 0xff, 0x60, 0x3f, 0xf3,
    0x0, 0x0, 0xff, 0x60, 0x16, 0x68, 0x95, 0x0,
    0xff, 0x60, 0x0, 0xc, 0xf9, 0x0, 0xcc, 0x50,
    0x0, 0xa, 0xc8, 0x33, 0x0, 0x0, 0x0, 0x0,
    0x6, 0xff, 0x0, 0x0, 0x0, 0x0, 0x6, 0xff,
    0x0, 0x0, 0x0, 0x0, 0x1, 0x33,

    /* U+2197 "↗" */
    0x0, 0x9f, 0xff, 0xff, 0xff, 0xff, 0x0, 0x9f,
    0xff, 0xff, 0xff, 0xff, 0x0, 0x47, 0x77, 0x7e,
    0xff, 0xff, 0x0, 0x0, 0x0, 0xc, 0xff, 0xff,
    0x0, 0x0, 0x0, 0xa, 0xde, 0xff, 0x0, 0x0,
    0x3f, 0xf3, 0x6, 0xff, 0x0, 0x0, 0x3f, 0xf3,
    0x6, 0xff, 0x0, 0x59, 0x86, 0x61, 0x6, 0xff,
    0x0, 0x9f, 0xc0, 0x0, 0x6, 0xff, 0x33, 0x8c,
    0xa0, 0x0, 0x5, 0xcc, 0xff, 0x60, 0x0, 0x0,
    0x0, 0x0, 0xff, 0x60, 0x0, 0x0, 0x0, 0x0,
    0x33, 0x10, 0x0, 0x0, 0x0, 0x0,

    /* U+2198 "↘" */
    0xff, 0x60, 0x0, 0x0, 0x0, 0x0, 0xff, 0x60,
    0x0, 0x0, 0x0, 0x0, 0x66, 0x89, 0x70, 0x0,
    0x3, 0x99, 0x0, 0x9f, 0xc0, 0x0, 0x6, 0xff,
    0x0, 0x7c, 0xa3, 0x30, 0x6, 0xff, 0x0, 0x0,
    0x3f, 0xf3, 0x6, 0xff, 0x0, 0x0, 0x3f, 0xf3,
    0x6, 0xff, 0x0, 0x0, 0x3, 0x3a, 0xce, 0xff,
    0x0, 0x0, 0x0, 0xc, 0xff, 0xff, 0x0, 0x36,
    0x66, 0x6e, 0xff, 0xff, 0x0, 0x9f, 0xff, 0xff,
    0xff, 0xff, 0x0, 0x9f, 0xff, 0xff, 0xff, 0xff,

    /* U+2199 "↙" */
    0x0, 0x0, 0x0, 0x0, 0x6, 0xff, 0x0, 0x0,
    0x0, 0x0, 0x6, 0xff, 0x99, 0x30, 0x0, 0x7,
    0x98, 0x66, 0xff, 0x60, 0x0, 0xc, 0xf9, 0x0,
    0xff, 0x60, 0x3, 0x3a, 0xc7, 0x0, 0xff, 0x60,
    0x3f, 0xf3, 0x0, 0x0, 0xff, 0x60, 0x3f, 0xf3,
    0x0, 0x0, 0xff, 0xec, 0xa3, 0x30, 0x0, 0x0,
    0xff, 0xff, 0xc0, 0x0, 0x0, 0x0, 0xff, 0xff,
    0xe6, 0x66, 0x63, 0x0, 0xff, 0xff, 0xff, 0xff,
    0xf9, 0x0, 0xff, 0xff, 0xff, 0xff, 0xf9, 0x0,

    /* U+21D2 "⇒" */
    0x0, 0x9f, 0xc0, 0x0, 0x0, 0x0, 0x0, 0x9f,
    0xc0, 0x0, 0x0, 0x0, 0x0, 0x47, 0x66, 0x61,
    0x0, 0x0, 0x0, 0x0, 0x3f, 0xf3, 0x0, 0x0,
    0x0, 0x0, 0x3f, 0xf3, 0x0, 0x0, 0xff, 0xff,
    0xff, 0xff, 0xf9, 0x0, 0xff, 0xff, 0xff, 0xff,
    0xf9, 0x0, 0x66, 0x66, 0x66, 0x66, 0x67, 0x99,
    0x0, 0x0, 0x0, 0x0, 0x6, 0xff, 0x33, 0x33,
    0x33, 0x33, 0x37, 0xcc, 0xff, 0xff, 0xff, 0xff,
    0xf9, 0x0, 0xff, 0xff, 0xff, 0xff, 0xf9, 0x0,
    0x33, 0x33, 0x5f, 0xf5, 0x31, 0x0, 0x0, 0x0,
    0x3f, 0xf3, 0x0, 0x0, 0x0, 0x36, 0x79, 0x91,
    0x0, 0x0, 0x0, 0x9f, 0xc0, 0x0, 0x0, 0x0,
    0x0, 0x9f, 0xc0, 0x0, 0x0, 0x0,

    /* U+21D4 "⇔" */
    0x0, 0x36, 0x40, 0x5, 0x63, 0x0, 0x0, 0x9f,
    0xc0, 0xe, 0xf7, 0x0, 0x0, 0x9f, 0xc0, 0xe,
    0xf7, 0x0, 0x0, 0x9f, 0xff, 0xff, 0xf7, 0x0,
    0x0, 0x9f, 0xff, 0xff, 0xf7, 0x0, 0x99, 0x76,
    0x66, 0x66, 0x68, 0x98, 0xff, 0x60, 0x0, 0x0,
    0x8, 0xfe, 0xcc, 0x73, 0x33, 0x33, 0x38, 0xcb,
    0x0, 0x9f, 0xff, 0xff, 0xf7, 0x0, 0x0, 0x9f,
    0xff, 0xff, 0xf7, 0x0, 0x0, 0x9f, 0xc3, 0x3f,
    0xf7, 0x0, 0x0, 0x9f, 0xc0, 0xe, 0xf7, 0x0,
    0x0, 0x59, 0x70, 0x8, 0x94, 0x0,

    /* U+2200 "∀" */
    0x66, 0x20, 0x0, 0x0, 0x2, 0x66, 0xff, 0x60,
    0x0, 0x0, 0x6, 0xff, 0xff, 0x60, 0x0, 0x0,
    0x6, 0xff, 0xff, 0xff, 0xff, 0xff, 0xff, 0xff,
    0xff, 0xff, 0xff, 0xff, 0xff, 0xff, 0xff, 0xa6,
    0x66, 0x66, 0x6a, 0xff, 0xff, 0x60, 0x0, 0x0,
    0x6, 0xff, 0xcc, 0x73, 0x20, 0x2, 0x37, 0xcc,
    0x0, 0x9f, 0xc0, 0xc, 0xf9, 0x0, 0x0, 0x9f,
    0xc0, 0xc, 0xf9, 0x0, 0x0, 0x0, 0x3f, 0xf3,
    0x0, 0x0, 0x0, 0x0, 0x3f, 0xf3, 0x0, 0x0,
    0x0, 0x0, 0x17, 0x71, 0x0, 0x0,

    /* U+2202 "∂" */
    0x0, 0x0, 0x1f, 0xff, 0xfa, 0x0, 0x0, 0x0,
    0x1, 0xff, 0xff, 0xb0, 0x0, 0x0, 0x59, 0x87,
    0x77, 0x77, 0x99, 0x10, 0x9, 0xfe, 0x0, 0x0,
    0x4f, 0xf2, 0x0, 0x8d, 0xc0, 0x0, 0x4, 0xff,
    0x20, 0x0, 0x0, 0x0, 0x0, 0x4f, 0xf2, 0x0,
    0x0, 0x0, 0x0, 0x4, 0xff, 0x20, 0x7, 0xcc,
    0xcc, 0xcc, 0xdf, 0xf2, 0x0, 0x9f, 0xff, 0xff,
    0xff, 0xff, 0x25, 0x58, 0xaa, 0xaa, 0xaa, 0xbf,
    0xf2, 0xff, 0x60, 0x0, 0x0, 0x4, 0xff, 0x2f,
    0xf6, 0x0, 0x0, 0x0, 0x4f, 0xf2, 0xff, 0x60,
    0x0, 0xa, 0xfb, 0x0, 0xf, 0xf6, 0x0, 0x0,
    0xaf, 0xb0, 0x0, 0x99, 0x76, 0x66, 0x68, 0x96,
    0x0, 0x0, 0x9, 0xff, 0xff, 0x50, 0x0, 0x0,
    0x0, 0x9f, 0xff, 0xf5, 0x0, 0x0, 0x0,

    /* U+2203 "∃" */
    0xff, 0xff, 0xff, 0xff, 0xff, 0xff, 0xff, 0xff,
    0xff, 0xff, 0xff, 0xff, 0x77, 0x77, 0x77, 0x77,
    0x7a, 0xff, 0x0, 0x0, 0x0, 0x0, 0x6, 0xff,
    0x0, 0x0, 0x0, 0x0, 0x6, 0xff, 0x0, 0x0,
    0x0, 0x0, 0x6, 0xff, 0x0, 0x0, 0x0, 0x0,
    0x6, 0xff, 0x77, 0x77, 0x77, 0x77, 0x7a, 0xff,
    0xff, 0xff, 0xff, 0xff, 0xff, 0xff, 0xff, 0xff,
    0xff, 0xff, 0xff, 0xff, 0x0, 0x0, 0x0, 0x0,
    0x6, 0xff, 0x0, 0x0, 0x0, 0x0, 0x6, 0xff,
    0x0, 0x0, 0x0, 0x0, 0x6, 0xff, 0x0, 0x0,
    0x0, 0x0, 0x6, 0xff, 0x66, 0x66, 0x66, 0x66,
    0x6a, 0xff, 0xff, 0xff, 0xff, 0xff, 0xff, 0xff,
    0xff, 0xff, 0xff, 0xff, 0xff, 0xff,

    /* U+2205 "∅" */
    0x0, 0x0, 0x0, 0x0, 0x6, 0xff, 0x0, 0x0,
    0x0, 0x0, 0x6, 0xff, 0x0, 0x59, 0x99, 0x99,
    0x98, 0x77, 0x0, 0x9f, 0xff, 0xff, 0xf9, 0x0,
    0x0, 0x9f, 0xff, 0xff, 0xf9, 0x0, 0xff, 0x60,
    0x0, 0xc, 0xff, 0xff, 0xff, 0x60, 0x0, 0xc,
    0xff, 0xff, 0xff, 0x60, 0x19, 0x97, 0x6a, 0xff,
    0xff, 0x60, 0x3f, 0xf3, 0x6, 0xff, 0xff, 0x83,
    0x5c, 0xc2, 0x6, 0xff, 0xff, 0xff, 0xc0, 0x0,
    0x6, 0xff, 0xff, 0xff, 0xc0, 0x0, 0x6, 0xff,
    0x33, 0xaf, 0xfc, 0xcc, 0xc8, 0x33, 0x0, 0x9f,
    0xff, 0xff, 0xf9, 0x0, 0x66, 0x89, 0x99, 0x99,
    0x95, 0x0, 0xff, 0x60, 0x0, 0x0, 0x0, 0x0,
    0xff, 0x60, 0x0, 0x0, 0x0, 0x0,

    /* U+2208 "∈" */
    0x0, 0x36, 0x66, 0x66, 0x66, 0x66, 0x0, 0x9f,
    0xff, 0xff, 0xff, 0xff, 0x0, 0x9f, 0xff, 0xff,
    0xff, 0xff, 0xdd, 0x50, 0x0, 0x0, 0x0, 0x0,
    0xff, 0x60, 0x0, 0x0, 0x0, 0x0, 0xff, 0xa7,
    0x77, 0x77, 0x77, 0x77, 0xff, 0xff, 0xff, 0xff,
    0xff, 0xff, 0xff, 0xff, 0xff, 0xff, 0xff, 0xff,
    0xff, 0x60, 0x0, 0x0, 0x0, 0x0, 0xff, 0x60,
    0x0, 0x0, 0x0, 0x0, 0x55, 0xbf, 0xff, 0xff,
    0xff, 0xff, 0x0, 0x9f, 0xff, 0xff, 0xff, 0xff,
    0x0, 0x47, 0x77, 0x77, 0x77, 0x77,

    /* U+2209 "∉" */
    0x0, 0x0, 0x0, 0xa, 0xc7, 0x0, 0x0, 0x0,
    0x0, 0xc, 0xf9, 0x0, 0x0, 0x36, 0x66, 0x6e,
    0xfc, 0x66, 0x0, 0x9f, 0xff, 0xff, 0xff, 0xff,
    0x0, 0x9f, 0xff, 0xff, 0xff, 0xff, 0xff, 0x60,
    0x3f, 0xf3, 0x0, 0x0, 0xff, 0x60, 0x3f, 0xf3,
    0x0, 0x0, 0xff, 0xc9, 0xaf, 0xfa, 0x99, 0x99,
    0xff, 0xff, 0xff, 0xff, 0xff, 0xff, 0xff, 0xec,
    0xdf, 0xfd, 0xcc, 0xcc, 0xff, 0x60, 0x3f, 0xf3,
    0x0, 0x0, 0xff, 0x60, 0x3f, 0xf3, 0x0, 0x0,
    0x33, 0x8c, 0xdf, 0xfd, 0xcc, 0xcc, 0x0, 0x9f,
    0xff, 0xff, 0xff, 0xff, 0x0, 0x9f, 0xe9, 0x99,
    0x99, 0x99, 0x0, 0x9f, 0xc0, 0x0, 0x0, 0x0,
    0x0, 0x9f, 0xc0, 0x0, 0x0, 0x0,

    /* U+220B "∋" */
    0x66, 0x66, 0x66, 0x66, 0x63, 0x0, 0xff, 0xff,
    0xff, 0xff, 0xf9, 0x0, 0xff, 0xff, 0xff, 0xff,
    0xf9, 0x0, 0x0, 0x0, 0x0, 0x0, 0x5, 0xdd,
    0x0, 0x0, 0x0, 0x0, 0x6, 0xff, 0x77, 0x77,
    0x77, 0x77, 0x7a, 0xff, 0xff, 0xff, 0xff, 0xff,
    0xff, 0xff, 0xff, 0xff, 0xff, 0xff, 0xff, 0xff,
    0x0, 0x0, 0x0, 0x0, 0x6, 0xff, 0x0, 0x0,
    0x0, 0x0, 0x6, 0xff, 0xff, 0xff, 0xff, 0xff,
    0xfb, 0x55, 0xff, 0xff, 0xff, 0xff, 0xf9, 0x0,
    0x77, 0x77, 0x77, 0x77, 0x74, 0x0,

    /* U+220C "∌" */
    0x0, 0x0, 0x0, 0xa, 0xc7, 0x0, 0x0, 0x0,
    0x0, 0xc, 0xf9, 0x0, 0x66, 0x66, 0x66, 0x6e,
    0xf9, 0x0, 0xff, 0xff, 0xff, 0xff, 0xf9, 0x0,
    0xff, 0xff, 0xff, 0xff, 0xf9, 0x0, 0x0, 0x0,
    0x3f, 0xf3, 0x6, 0xff, 0x0, 0x0, 0x3f, 0xf3,
    0x6, 0xff, 0xaa, 0xaa, 0xbf, 0xfb, 0xac, 0xff,
    0xff, 0xff, 0xff, 0xff, 0xff, 0xff, 0xbb, 0xbb,
    0xcf, 0xfc, 0xbd, 0xff, 0x0, 0x0, 0x3f, 0xf3,
    0x6, 0xff, 0x0, 0x0, 0x3f, 0xf3, 0x6, 0xff,
    0xff, 0xff, 0xff, 0xff, 0xf9, 0x0, 0xff, 0xff,
    0xff, 0xff, 0xf9, 0x0, 0x77, 0xcf, 0xe7, 0x77,
    0x74, 0x0, 0x0, 0x9f, 0xc0, 0x0, 0x0, 0x0,
    0x0, 0x8d, 0xa0, 0x0, 0x0, 0x0,

    /* U+2211 "∑" */
    0xff, 0xff, 0xff, 0xff, 0xff, 0xff, 0xff, 0xff,
    0xff, 0xff, 0xff, 0xff, 0xff, 0xa7, 0x77, 0x77,
    0x7a, 0xff, 0xff, 0x60, 0x0, 0x0, 0x6, 0xff,
    0xdd, 0x50, 0x0, 0x0, 0x5, 0xdd, 0x0, 0x9f,
    0xc0, 0x0, 0x0, 0x0, 0x0, 0x9f, 0xc0, 0x0,
    0x0, 0x0, 0x0, 0x36, 0x79, 0x91, 0x0, 0x0,
    0x0, 0x0, 0x3f, 0xf3, 0x0, 0x0, 0x0, 0x13,
    0x5c, 0xc2, 0x0, 0x0, 0x0, 0x9f, 0xc0, 0x0,
    0x0, 0x0, 0x0, 0x9f, 0xc0, 0x0, 0x0, 0x0,
    0xcc, 0x73, 0x20, 0x0, 0x5, 0xcc, 0xff, 0x60,
    0x0, 0x0, 0x6, 0xff, 0xff, 0xa6, 0x66, 0x66,
    0x6a, 0xff, 0xff, 0xff, 0xff, 0xff, 0xff, 0xff,
    0xff, 0xff, 0xff, 0xff, 0xff, 0xff,

    /* U+2212 "−" */
    0x77, 0x77, 0x77, 0x77, 0x77, 0x77, 0xff, 0xff,
    0xff, 0xff, 0xff, 0xff, 0xff, 0xff, 0xff, 0xff,
    0xff, 0xff,

    /* U+2213 "∓" */
    0xff, 0xff, 0xff, 0xff, 0xff, 0xff, 0xff, 0xff,
    0xff, 0xff, 0xff, 0xff, 0x77, 0x77, 0x77, 0x77,
    0x77, 0x77, 0x0, 0x0, 0x0, 0x0, 0x0, 0x0,
    0x0, 0x0, 0x0, 0x0, 0x0, 0x0, 0x0, 0x0,
    0x3f, 0xf3, 0x0, 0x0, 0x0, 0x0, 0x3f, 0xf3,
    0x0, 0x0, 0x0, 0x0, 0x3f, 0xf3, 0x0, 0x0,
    0x0, 0x0, 0x3f, 0xf3, 0x0, 0x0, 0x33, 0x33,
    0x5f, 0xf5, 0x33, 0x33, 0xff, 0xff, 0xff, 0xff,
    0xff, 0xff, 0xff, 0xff, 0xff, 0xff, 0xff, 0xff,
    0x33, 0x33, 0x5f, 0xf5, 0x33, 0x33, 0x0, 0x0,
    0x3f, 0xf3, 0x0, 0x0, 0x0, 0x0, 0x3f, 0xf3,
    0x0, 0x0, 0x0, 0x0, 0x3f, 0xf3, 0x0, 0x0,
    0x0, 0x0, 0x3f, 0xf3, 0x0, 0x0,

    /* U+2215 "∕" */
    0x0, 0x0, 0x0, 0x0, 0x2, 0x66, 0x0, 0x0,
    0x0, 0x0, 0x6, 0xff, 0x0, 0x0, 0x0, 0x0,
    0x6, 0xff, 0x0, 0x0, 0x0, 0xc, 0xf9, 0x0,
    0x0, 0x0, 0x0, 0xc, 0xf9, 0x0, 0x0, 0x0,
    0x17, 0x78, 0x95, 0x0, 0x0, 0x0, 0x3f, 0xf3,
    0x0, 0x0, 0x0, 0x0, 0x3f, 0xf3, 0x0, 0x0,
    0x0, 0x9f, 0xc0, 0x0, 0x0, 0x0, 0x0, 0x9f,
    0xc0, 0x0, 0x0, 0x0, 0xff, 0x60, 0x0, 0x0,
    0x0, 0x0, 0xff, 0x60, 0x0, 0x0, 0x0, 0x0,
    0x77, 0x20, 0x0, 0x0, 0x0, 0x0,

    /* U+2217 "∗" */
    0x7f, 0xe0, 0xf, 0xf7, 0x7f, 0xe0, 0xf, 0xf7,
    0x36, 0x69, 0x96, 0x62, 0x0, 0x1f, 0xf1, 0x0,
    0x13, 0x3c, 0xc3, 0x31, 0x7f, 0xe0, 0xf, 0xf7,
    0x7f, 0xe0, 0xf, 0xf7, 0x13, 0x20, 0x3, 0x31,

    /* U+221A "√" */
    0x0, 0x0, 0x3f, 0xff, 0xff, 0xff, 0x0, 0x0,
    0x3f, 0xff, 0xff, 0xff, 0x0, 0x0, 0x3f, 0xf8,
    0x77, 0x77, 0x0, 0x0, 0x3f, 0xf3, 0x0, 0x0,
    0x0, 0x0, 0x3f, 0xf3, 0x0, 0x0, 0x0, 0x0,
    0x3f, 0xf3, 0x0, 0x0, 0x0, 0x0, 0x3f, 0xf3,
    0x0, 0x0, 0x0, 0x0, 0x3f, 0xf3, 0x0, 0x0,
    0x0, 0x0, 0x3f, 0xf3, 0x0, 0x0, 0x55, 0x20,
    0x3f, 0xf3, 0x0, 0x0, 0xff, 0x60, 0x3f, 0xf3,
    0x0, 0x0, 0xff, 0x60, 0x3f, 0xf3, 0x0, 0x0,
    0x0, 0x9f, 0xff, 0xf3, 0x0, 0x0, 0x0, 0x9f,
    0xff, 0xf3, 0x0, 0x0, 0x0, 0x47, 0x8f, 0xf3,
    0x0, 0x0, 0x0, 0x0, 0x3f, 0xf3, 0x0, 0x0,
    0x0, 0x0, 0x2d, 0xd2, 0x0, 0x0,

    /* U+221D "∝" */
    0x0, 0x36, 0x50, 0x5, 0x66, 0x66, 0x0, 0x9f,
    0xc0, 0xc, 0xff, 0xff, 0x0, 0x9f, 0xc0, 0xc,
    0xff, 0xff, 0xff, 0x60, 0x3f, 0xf3, 0x0, 0x0,
    0xff, 0x60, 0x3f, 0xf3, 0x0, 0x0, 0xff, 0x60,
    0x3f, 0xf3, 0x0, 0x0, 0xff, 0x60, 0x3f, 0xf3,
    0x0, 0x0, 0xff, 0x60, 0x3f, 0xf3, 0x0, 0x0,
    0xff, 0x60, 0x3f, 0xf3, 0x0, 0x0, 0xff, 0x60,
    0x3f, 0xf3, 0x0, 0x0, 0x0, 0x9f, 0xc0, 0xc,
    0xff, 0xff, 0x0, 0x9f, 0xc0, 0xc, 0xff, 0xff,
    0x0, 0x47, 0x50, 0x5, 0x77, 0x77,

    /* U+221E "∞" */
    0x0, 0x36, 0x50, 0x5, 0x63, 0x0, 0x0, 0x9f,
    0xc0, 0xc, 0xf9, 0x0, 0x0, 0x9f, 0xc0, 0xc,
    0xf9, 0x0, 0xff, 0x60, 0x3f, 0xf3, 0x6, 0xff,
    0xff, 0x60, 0x3f, 0xf3, 0x6, 0xff, 0xff, 0x60,
    0x3f, 0xf3, 0x6, 0xff, 0xff, 0x60, 0x3f, 0xf3,
    0x6, 0xff, 0xff, 0x60, 0x3f, 0xf3, 0x6, 0xff,
    0xff, 0x60, 0x3f, 0xf3, 0x6, 0xff, 0xff, 0x60,
    0x3f, 0xf3, 0x6, 0xff, 0x0, 0x9f, 0xc0, 0xc,
    0xf9, 0x0, 0x0, 0x9f, 0xc0, 0xc, 0xf9, 0x0,
    0x0, 0x47, 0x50, 0x5, 0x74, 0x0,

    /* U+221F "∟" */
    0x99, 0x30, 0x0, 0x0, 0x0, 0x0, 0xff, 0x60,
    0x0, 0x0, 0x0, 0x0, 0xff, 0x60, 0x0, 0x0,
    0x0, 0x0, 0xff, 0x60, 0x0, 0x0, 0x0, 0x0,
    0xff, 0x60, 0x0, 0x0, 0x0, 0x0, 0xff, 0x60,
    0x0, 0x0, 0x0, 0x0, 0xff, 0x60, 0x0, 0x0,
    0x0, 0x0, 0xff, 0x60, 0x0, 0x0, 0x0, 0x0,
    0xff, 0x60, 0x0, 0x0, 0x0, 0x0, 0xff, 0x60,
    0x0, 0x0, 0x0, 0x0, 0xff, 0xff, 0xff, 0xff,
    0xff, 0xff, 0xff, 0xff, 0xff, 0xff, 0xff, 0xff,
    0x77, 0x77, 0x77, 0x77, 0x77, 0x77,

    /* U+2220 "∠" */
    0x0, 0x0, 0x0, 0x0, 0x2, 0x66, 0x0, 0x0,
    0x0, 0x0, 0x6, 0xff, 0x0, 0x0, 0x0, 0x0,
    0x6, 0xff, 0x0, 0x0, 0x0, 0xc, 0xf9, 0x0,
    0x0, 0x0, 0x0, 0xc, 0xf9, 0x0, 0x0, 0x0,
    0x17, 0x78, 0x95, 0x0, 0x0, 0x0, 0x3f, 0xf3,
    0x0, 0x0, 0x0, 0x35, 0x7f, 0xf3, 0x0, 0x0,
    0x0, 0x9f, 0xc0, 0x0, 0x0, 0x0, 0x0, 0x9f,
    0xc0, 0x0, 0x0, 0x0, 0xff, 0xff, 0xff, 0xff,
    0xff, 0xff, 0xff, 0xff, 0xff, 0xff, 0xff, 0xff,
    0x77, 0x77, 0x77, 0x77, 0x77, 0x77,

    /* U+2221 "∡" */
    0x0, 0x36, 0x50, 0x0, 0x2, 0x66, 0x0, 0x9f,
    0xc0, 0x0, 0x6, 0xff, 0x0, 0x9f, 0xc0, 0x0,
    0x6, 0xff, 0x0, 0x0, 0x3f, 0xff, 0xf9, 0x0,
    0x0, 0x0, 0x3f, 0xff, 0xf9, 0x0, 0x0, 0x0,
    0x3f, 0xff, 0xf9, 0x0, 0x0, 0x0, 0x3f, 0xff,
    0xf9, 0x0, 0x0, 0x35, 0x7c, 0xcf, 0xf9, 0x0,
    0x0, 0x9f, 0xc0, 0xc, 0xf9, 0x0, 0x0, 0x9f,
    0xc0, 0xc, 0xf9, 0x0, 0xff, 0xff, 0xff, 0xff,
    0xff, 0xff, 0xff, 0xff, 0xff, 0xff, 0xff, 0xff,
    0x77, 0x77, 0x77, 0x77, 0x77, 0x77,

    /* U+2225 "∥" */
    0x5c, 0xb0, 0x5, 0xcb, 0x7f, 0xe0, 0x7, 0xfe,
    0x7f, 0xe0, 0x7, 0xfe, 0x7f, 0xe0, 0x7, 0xfe,
    0x7f, 0xe0, 0x7, 0xfe, 0x7f, 0xe0, 0x7, 0xfe,
    0x7f, 0xe0, 0x7, 0xfe, 0x7f, 0xe0, 0x7, 0xfe,
    0x7f, 0xe0, 0x7, 0xfe, 0x7f, 0xe0, 0x7, 0xfe,
    0x7f, 0xe0, 0x7, 0xfe, 0x7f, 0xe0, 0x7, 0xfe,
    0x7f, 0xe0, 0x7, 0xfe, 0x7f, 0xe0, 0x7, 0xfe,
    0x7f, 0xe0, 0x7, 0xfe, 0x7f, 0xe0, 0x7, 0xfe,
    0x7f, 0xe0, 0x7, 0xfe,

    /* U+2226 "∦" */
    0x0, 0x5c, 0xb0, 0x5, 0xcb, 0x0, 0x0, 0x7,
    0xfe, 0x0, 0x7f, 0xe0, 0x0, 0x0, 0x7f, 0xe0,
    0x7, 0xff, 0x66, 0x20, 0x7, 0xfe, 0x0, 0x7f,
    0xff, 0xf5, 0x0, 0x7f, 0xe0, 0x7, 0xff, 0xff,
    0x50, 0x7, 0xfe, 0x0, 0x7f, 0xe0, 0x0, 0x0,
    0x7f, 0xe0, 0x7, 0xfe, 0x0, 0x0, 0x7, 0xff,
    0x99, 0xcf, 0xe0, 0x0, 0x0, 0x7f, 0xff, 0xff,
    0xfe, 0x0, 0x0, 0x7, 0xff, 0xcc, 0xef, 0xe0,
    0x0, 0x0, 0x7f, 0xe0, 0x7, 0xfe, 0x0, 0x0,
    0x7, 0xfe, 0x0, 0x7f, 0xe0, 0x0, 0xbc, 0xef,
    0xe0, 0x7, 0xfe, 0x0, 0xe, 0xff, 0xfe, 0x0,
    0x7f, 0xe0, 0x0, 0x89, 0xcf, 0xe0, 0x7, 0xfe,
    0x0, 0x0, 0x7, 0xfe, 0x0, 0x7f, 0xe0, 0x0,
    0x0, 0x7f, 0xe0, 0x7, 0xfe, 0x0, 0x0,

    /* U+2227 "∧" */
    0x0, 0x0, 0x16, 0x61, 0x0, 0x0, 0x0, 0x0,
    0x3f, 0xf3, 0x0, 0x0, 0x0, 0x0, 0x3f, 0xf3,
    0x0, 0x0, 0x0, 0x9f, 0xc0, 0xc, 0xf9, 0x0,
    0x0, 0x9f, 0xc0, 0xc, 0xf9, 0x0, 0x0, 0x9f,
    0xc0, 0xc, 0xf9, 0x0, 0x0, 0x9f, 0xc0, 0xc,
    0xf9, 0x0, 0x0, 0x9f, 0xc0, 0xc, 0xf9, 0x0,
    0xff, 0x60, 0x0, 0x0, 0x6, 0xff, 0xff, 0x60,
    0x0, 0x0, 0x6, 0xff, 0xff, 0x60, 0x0, 0x0,
    0x6, 0xff, 0xff, 0x60, 0x0, 0x0, 0x6, 0xff,
    0xcc, 0x40, 0x0, 0x0, 0x4, 0xcc,

    /* U+2228 "∨" */
    0xaa, 0x40, 0x0, 0x0, 0x4, 0xaa, 0xff, 0x60,
    0x0, 0x0, 0x6, 0xff, 0xff, 0x60, 0x0, 0x0,
    0x6, 0xff, 0xff, 0x60, 0x0, 0x0, 0x6, 0xff,
    0xff, 0x60, 0x0, 0x0, 0x6, 0xff, 0x33, 0x8d,
    0xa0, 0xa, 0xd8, 0x33, 0x0, 0x9f, 0xc0, 0xc,
    0xf9, 0x0, 0x0, 0x9f, 0xc0, 0xc, 0xf9, 0x0,
    0x0, 0x9f, 0xc0, 0xc, 0xf9, 0x0, 0x0, 0x9f,
    0xc0, 0xc, 0xf9, 0x0, 0x0, 0x0, 0x3f, 0xf3,
    0x0, 0x0, 0x0, 0x0, 0x3f, 0xf3, 0x0, 0x0,
    0x0, 0x0, 0x17, 0x71, 0x0, 0x0,

    /* U+222B "∫" */
    0x0, 0x0, 0x0, 0xa, 0xc7, 0x0, 0x0, 0x0,
    0x0, 0xc, 0xf9, 0x0, 0x0, 0x0, 0x16, 0x68,
    0x98, 0x66, 0x0, 0x0, 0x3f, 0xf3, 0x6, 0xff,
    0x0, 0x0, 0x3f, 0xf3, 0x6, 0xff, 0x0, 0x0,
    0x3f, 0xf3, 0x0, 0x0, 0x0, 0x0, 0x3f, 0xf3,
    0x0, 0x0, 0x0, 0x0, 0x3f, 0xf3, 0x0, 0x0,
    0x0, 0x0, 0x3f, 0xf3, 0x0, 0x0, 0x0, 0x0,
    0x3f, 0xf3, 0x0, 0x0, 0x0, 0x0, 0x3f, 0xf3,
    0x0, 0x0, 0x0, 0x0, 0x3f, 0xf3, 0x0, 0x0,
    0xdd, 0x50, 0x3f, 0xf3, 0x0, 0x0, 0xff, 0x60,
    0x3f, 0xf3, 0x0, 0x0, 0x99, 0x76, 0x79, 0x91,
    0x0, 0x0, 0x0, 0x9f, 0xc0, 0x0, 0x0, 0x0,
    0x0, 0x9f, 0xc0, 0x0, 0x0, 0x0,

    /* U+222C "∬" */
    0x0, 0x0, 0x3f, 0xf3, 0x6, 0xff, 0x0, 0x0,
    0x3f, 0xf3, 0x6, 0xff, 0x0, 0x59, 0x87, 0x78,
    0x98, 0x77, 0x0, 0x9f, 0xc0, 0xc, 0xf9, 0x0,
    0x0, 0x9f, 0xc0, 0xc, 0xf9, 0x0, 0x0, 0x9f,
    0xc0, 0xc, 0xf9, 0x0, 0x0, 0x9f, 0xc0, 0xc,
    0xf9, 0x0, 0x0, 0x9f, 0xc0, 0xc, 0xf9, 0x0,
    0x0, 0x9f, 0xc0, 0xc, 0xf9, 0x0, 0x0, 0x9f,
    0xc0, 0xc, 0xf9, 0x0, 0x0, 0x9f, 0xc0, 0xc,
    0xf9, 0x0, 0x0, 0x9f, 0xc0, 0xc, 0xf9, 0x0,
    0x0, 0x9f, 0xc0, 0xc, 0xf9, 0x0, 0x0, 0x9f,
    0xc0, 0xc, 0xf9, 0x0, 0x66, 0x89, 0x86, 0x68,
    0x95, 0x0, 0xff, 0x60, 0x3f, 0xf3, 0x0, 0x0,
    0xff, 0x60, 0x3f, 0xf3, 0x0, 0x0,

    /* U+222E "∮" */
    0x0, 0x0, 0x0, 0xc, 0xf9, 0x0, 0x0, 0x0,
    0x0, 0xc, 0xf9, 0x0, 0x0, 0x0, 0x19, 0x97,
    0x74, 0x0, 0x0, 0x0, 0x3f, 0xf3, 0x0, 0x0,
    0x0, 0x0, 0x3f, 0xf3, 0x0, 0x0, 0x0, 0x9f,
    0xff, 0xff, 0xf9, 0x0, 0x0, 0x9f, 0xff, 0xff,
    0xf9, 0x0, 0x99, 0x76, 0x8f, 0xf8, 0x67, 0x99,
    0xff, 0x60, 0x3f, 0xf3, 0x6, 0xff, 0xcc, 0x73,
    0x5f, 0xf5, 0x37, 0xcc, 0x0, 0x9f, 0xff, 0xff,
    0xf9, 0x0, 0x0, 0x9f, 0xff, 0xff, 0xf9, 0x0,
    0x0, 0x13, 0x5f, 0xf5, 0x31, 0x0, 0x0, 0x0,
    0x3f, 0xf3, 0x0, 0x0, 0x0, 0x36, 0x79, 0x91,
    0x0, 0x0, 0x0, 0x9f, 0xc0, 0x0, 0x0, 0x0,
    0x0, 0x9f, 0xc0, 0x0, 0x0, 0x0,

    /* U+2234 "∴" */
    0x0, 0x0, 0x3f, 0xf3, 0x0, 0x0, 0x0, 0x0,
    0x3f, 0xf3, 0x0, 0x0, 0x0, 0x0, 0x16, 0x61,
    0x0, 0x0, 0x0, 0x0, 0x0, 0x0, 0x0, 0x0,
    0x0, 0x0, 0x0, 0x0, 0x0, 0x0, 0x0, 0x0,
    0x0, 0x0, 0x0, 0x0, 0x0, 0x0, 0x0, 0x0,
    0x0, 0x0, 0xff, 0x60, 0x0, 0x0, 0x6, 0xff,
    0xff, 0x60, 0x0, 0x0, 0x6, 0xff, 0x77, 0x20,
    0x0, 0x0, 0x2, 0x77,

    /* U+2235 "∵" */
    0xff, 0x60, 0x0, 0x0, 0x6, 0xff, 0xff, 0x60,
    0x0, 0x0, 0x6, 0xff, 0x66, 0x20, 0x0, 0x0,
    0x2, 0x66, 0x0, 0x0, 0x0, 0x0, 0x0, 0x0,
    0x0, 0x0, 0x0, 0x0, 0x0, 0x0, 0x0, 0x0,
    0x0, 0x0, 0x0, 0x0, 0x0, 0x0, 0x0, 0x0,
    0x0, 0x0, 0x0, 0x0, 0x3f, 0xf3, 0x0, 0x0,
    0x0, 0x0, 0x3f, 0xf3, 0x0, 0x0, 0x0, 0x0,
    0x17, 0x71, 0x0, 0x0,

    /* U+2236 "∶" */
    0x7a, 0xaa, 0xa0, 0xbf, 0xff, 0xf1, 0xbf, 0xff,
    0xf1, 0xbf, 0xff, 0xf1, 0xbf, 0xff, 0xf1, 0x23,
    0x33, 0x30, 0x0, 0x0, 0x0, 0x0, 0x0, 0x0,
    0xbf, 0xff, 0xf1, 0xbf, 0xff, 0xf1, 0xbf, 0xff,
    0xf1, 0xbf, 0xff, 0xf1, 0x8c, 0xcc, 0xc0,

    /* U+223D "∽" */
    0x0, 0x0, 0x0, 0x5, 0x63, 0x0, 0x0, 0x0,
    0x0, 0xc, 0xf9, 0x0, 0x0, 0x0, 0x0, 0xc,
    0xf9, 0x0, 0xff, 0x60, 0x3f, 0xf3, 0x6, 0xff,
    0xff, 0x60, 0x3f, 0xf3, 0x6, 0xff, 0xff, 0x60,
    0x3f, 0xf3, 0x6, 0xff, 0xff, 0x60, 0x3f, 0xf3,
    0x6, 0xff, 0xff, 0x60, 0x3f, 0xf3, 0x6, 0xff,
    0xff, 0x60, 0x3f, 0xf3, 0x6, 0xff, 0xff, 0x60,
    0x3f, 0xf3, 0x6, 0xff, 0x0, 0x9f, 0xc0, 0x0,
    0x0, 0x0, 0x0, 0x9f, 0xc0, 0x0, 0x0, 0x0,
    0x0, 0x47, 0x50, 0x0, 0x0, 0x0,

    /* U+2245 "≅" */
    0x0, 0x0, 0x0, 0x0, 0x0, 0x0, 0x0, 0x9f,
    0xc0, 0x0, 0x6, 0xff, 0x0, 0x9f, 0xc0, 0x0,
    0x6, 0xff, 0xaa, 0x76, 0x6a, 0xa2, 0x6, 0xff,
    0xff, 0x60, 0x3f, 0xf3, 0x6, 0xff, 0xff, 0x60,
    0x2c, 0xc5, 0x37, 0xcc, 0xff, 0x60, 0x0, 0xc,
    0xf9, 0x0, 0xff, 0x60, 0x0, 0xc, 0xf9, 0x0,
    0x33, 0x10, 0x0, 0x2, 0x31, 0x0, 0x0, 0x0,
    0x0, 0x0, 0x0, 0x0, 0x33, 0x33, 0x33, 0x33,
    0x33, 0x33, 0xff, 0xff, 0xff, 0xff, 0xff, 0xff,
    0xff, 0xff, 0xff, 0xff, 0xff, 0xff, 0x33, 0x33,
    0x33, 0x33, 0x33, 0x33, 0x0, 0x0, 0x0, 0x0,
    0x0, 0x0, 0x66, 0x66, 0x66, 0x66, 0x66, 0x66,
    0xff, 0xff, 0xff, 0xff, 0xff, 0xff, 0xff, 0xff,
    0xff, 0xff, 0xff, 0xff,

    /* U+2248 "≈" */
    0x0, 0x36, 0x50, 0x0, 0x2, 0x66, 0x0, 0x9f,
    0xc0, 0x0, 0x6, 0xff, 0x0, 0x9f, 0xc0, 0x0,
    0x6, 0xff, 0xff, 0x60, 0x3f, 0xf3, 0x6, 0xff,
    0xff, 0x60, 0x3f, 0xf3, 0x6, 0xff, 0xff, 0x60,
    0x16, 0x69, 0x98, 0x66, 0xff, 0x60, 0x0, 0xc,
    0xf9, 0x0, 0xcc, 0x73, 0x20, 0xa, 0xc8, 0x33,
    0x0, 0x9f, 0xc0, 0x0, 0x6, 0xff, 0x0, 0x9f,
    0xc0, 0x0, 0x6, 0xff, 0xcc, 0x73, 0x5c, 0xc2,
    0x6, 0xff, 0xff, 0x60, 0x3f, 0xf3, 0x6, 0xff,
    0xff, 0x60, 0x19, 0x97, 0x67, 0x99, 0xff, 0x60,
    0x0, 0xc, 0xf9, 0x0, 0xff, 0x60, 0x0, 0xc,
    0xf9, 0x0,

    /* U+2252 "≒" */
    0x0, 0x9f, 0xc0, 0x0, 0x0, 0x0, 0x0, 0x9f,
    0xc0, 0x0, 0x0, 0x0, 0x0, 0x47, 0x50, 0x0,
    0x0, 0x0, 0x0, 0x0, 0x0, 0x0, 0x0, 0x0,
    0x0, 0x0, 0x0, 0x0, 0x0, 0x0, 0xff, 0xff,
    0xff, 0xff, 0xff, 0xff, 0xff, 0xff, 0xff, 0xff,
    0xff, 0xff, 0x66, 0x66, 0x66, 0x66, 0x66, 0x66,
    0x0, 0x0, 0x0, 0x0, 0x0, 0x0, 0x33, 0x33,
    0x33, 0x33, 0x33, 0x33, 0xff, 0xff, 0xff, 0xff,
    0xff, 0xff, 0xff, 0xff, 0xff, 0xff, 0xff, 0xff,
    0x33, 0x33, 0x33, 0x33, 0x33, 0x33, 0x0, 0x0,
    0x0, 0x0, 0x0, 0x0, 0x0, 0x0, 0x0, 0x5,
    0x63, 0x0, 0x0, 0x0, 0x0, 0xc, 0xf9, 0x0,
    0x0, 0x0, 0x0, 0xc, 0xf9, 0x0,

    /* U+2260 "≠" */
    0x0, 0x0, 0x0, 0x5, 0x63, 0x0, 0x0, 0x0,
    0x0, 0xc, 0xf9, 0x0, 0x0, 0x0, 0x0, 0xc,
    0xf9, 0x0, 0xff, 0xff, 0xff, 0xff, 0xff, 0xff,
    0xff, 0xff, 0xff, 0xff, 0xff, 0xff, 0x66, 0x66,
    0x8f, 0xf8, 0x66, 0x66, 0x0, 0x0, 0x3f, 0xf3,
    0x0, 0x0, 0x33, 0x33, 0x5f, 0xf5, 0x33, 0x33,
    0xff, 0xff, 0xff, 0xff, 0xff, 0xff, 0xff, 0xff,
    0xff, 0xff, 0xff, 0xff, 0x33, 0xaf, 0xd3, 0x33,
    0x33, 0x33, 0x0, 0x9f, 0xc0, 0x0, 0x0, 0x0,
    0x0, 0x59, 0x70, 0x0, 0x0, 0x0,

    /* U+2261 "≡" */
    0x66, 0x66, 0x66, 0x66, 0x66, 0x66, 0xff, 0xff,
    0xff, 0xff, 0xff, 0xff, 0xff, 0xff, 0xff, 0xff,
    0xff, 0xff, 0x0, 0x0, 0x0, 0x0, 0x0, 0x0,
    0x0, 0x0, 0x0, 0x0, 0x0, 0x0, 0x77, 0x77,
    0x77, 0x77, 0x77, 0x77, 0xff, 0xff, 0xff, 0xff,
    0xff, 0xff, 0xff, 0xff, 0xff, 0xff, 0xff, 0xff,
    0x0, 0x0, 0x0, 0x0, 0x0, 0x0, 0x0, 0x0,
    0x0, 0x0, 0x0, 0x0, 0xff, 0xff, 0xff, 0xff,
    0xff, 0xff, 0xff, 0xff, 0xff, 0xff, 0xff, 0xff,
    0x77, 0x77, 0x77, 0x77, 0x77, 0x77,

    /* U+2262 "≢" */
    0x0, 0x0, 0x0, 0xa, 0xc7, 0x0, 0x0, 0x0,
    0x0, 0xc, 0xf9, 0x0, 0x66, 0x66, 0x66, 0x6e,
    0xfc, 0x66, 0xff, 0xff, 0xff, 0xff, 0xff, 0xff,
    0xff, 0xff, 0xff, 0xff, 0xff, 0xff, 0x0, 0x0,
    0x3f, 0xf3, 0x0, 0x0, 0x0, 0x0, 0x3f, 0xf3,
    0x0, 0x0, 0x77, 0x77, 0x8f, 0xf8, 0x77, 0x77,
    0xff, 0xff, 0xff, 0xff, 0xff, 0xff, 0xff, 0xff,
    0xff, 0xff, 0xff, 0xff, 0x0, 0x0, 0x3f, 0xf3,
    0x0, 0x0, 0x0, 0x0, 0x3f, 0xf3, 0x0, 0x0,
    0xff, 0xff, 0xff, 0xff, 0xff, 0xff, 0xff, 0xff,
    0xff, 0xff, 0xff, 0xff, 0x77, 0xcf, 0xe7, 0x77,
    0x77, 0x77, 0x0, 0x9f, 0xc0, 0x0, 0x0, 0x0,
    0x0, 0x8d, 0xa0, 0x0, 0x0, 0x0,

    /* U+2264 "≤" */
    0x0, 0x0, 0x0, 0x5, 0x63, 0x0, 0x0, 0x0,
    0x0, 0xc, 0xf9, 0x0, 0x0, 0x0, 0x0, 0xc,
    0xf9, 0x0, 0x0, 0x0, 0x3f, 0xf3, 0x0, 0x0,
    0x0, 0x0, 0x3f, 0xf3, 0x0, 0x0, 0x0, 0x59,
    0x86, 0x61, 0x0, 0x0, 0x0, 0x9f, 0xc0, 0x0,
    0x0, 0x0, 0x33, 0xaf, 0xd3, 0x33, 0x33, 0x33,
    0xff, 0xff, 0xff, 0xff, 0xff, 0xff, 0xff, 0xff,
    0xff, 0xff, 0xff, 0xff, 0x33, 0x33, 0x33, 0x33,
    0x33, 0x33, 0x0, 0x0, 0x0, 0x0, 0x0, 0x0,
    0x66, 0x66, 0x66, 0x66, 0x66, 0x66, 0xff, 0xff,
    0xff, 0xff, 0xff, 0xff, 0xff, 0xff, 0xff, 0xff,
    0xff, 0xff,

    /* U+2265 "≥" */
    0x0, 0x36, 0x50, 0x0, 0x0, 0x0, 0x0, 0x9f,
    0xc0, 0x0, 0x0, 0x0, 0x0, 0x9f, 0xc0, 0x0,
    0x0, 0x0, 0x0, 0x0, 0x3f, 0xf3, 0x0, 0x0,
    0x0, 0x0, 0x3f, 0xf3, 0x0, 0x0, 0x0, 0x0,
    0x16, 0x68, 0x95, 0x0, 0x0, 0x0, 0x0, 0xc,
    0xf9, 0x0, 0x33, 0x33, 0x33, 0x3d, 0xfa, 0x33,
    0xff, 0xff, 0xff, 0xff, 0xff, 0xff, 0xff, 0xff,
    0xff, 0xff, 0xff, 0xff, 0x33, 0x33, 0x33, 0x33,
    0x33, 0x33, 0x0, 0x0, 0x0, 0x0, 0x0, 0x0,
    0x66, 0x66, 0x66, 0x66, 0x66, 0x66, 0xff, 0xff,
    0xff, 0xff, 0xff, 0xff, 0xff, 0xff, 0xff, 0xff,
    0xff, 0xff,

    /* U+226A "≪" */
    0x0, 0x0, 0x3f, 0xf3, 0x6, 0xff, 0x0, 0x0,
    0x3f, 0xf3, 0x6, 0xff, 0x0, 0x59, 0x87, 0x78,
    0x98, 0x77, 0x0, 0x9f, 0xc0, 0xc, 0xf9, 0x0,
    0x0, 0x9f, 0xc0, 0xc, 0xf9, 0x0, 0xff, 0x60,
    0x3f, 0xf3, 0x0, 0x0, 0xff, 0x60, 0x3f, 0xf3,
    0x0, 0x0, 0xff, 0x60, 0x3f, 0xf3, 0x0, 0x0,
    0xff, 0x60, 0x3f, 0xf3, 0x0, 0x0, 0xcc, 0x73,
    0x5c, 0xc5, 0x31, 0x0, 0x0, 0x9f, 0xc0, 0xc,
    0xf9, 0x0, 0x0, 0x9f, 0xc0, 0xc, 0xf9, 0x0,
    0x0, 0x0, 0x3f, 0xf3, 0x6, 0xff, 0x0, 0x0,
    0x3f, 0xf3, 0x6, 0xff, 0x0, 0x0, 0x17, 0x71,
    0x2, 0x77,

    /* U+226B "≫" */
    0xff, 0x60, 0x3f, 0xf3, 0x0, 0x0, 0xff, 0x60,
    0x3f, 0xf3, 0x0, 0x0, 0x77, 0x89, 0x87, 0x78,
    0x95, 0x0, 0x0, 0x9f, 0xc0, 0xc, 0xf9, 0x0,
    0x0, 0x9f, 0xc0, 0xc, 0xf9, 0x0, 0x0, 0x0,
    0x3f, 0xf3, 0x6, 0xff, 0x0, 0x0, 0x3f, 0xf3,
    0x6, 0xff, 0x0, 0x0, 0x3f, 0xf3, 0x6, 0xff,
    0x0, 0x0, 0x3f, 0xf3, 0x6, 0xff, 0x0, 0x13,
    0x5c, 0xc5, 0x37, 0xcc, 0x0, 0x9f, 0xc0, 0xc,
    0xf9, 0x0, 0x0, 0x9f, 0xc0, 0xc, 0xf9, 0x0,
    0xff, 0x60, 0x3f, 0xf3, 0x0, 0x0, 0xff, 0x60,
    0x3f, 0xf3, 0x0, 0x0, 0x77, 0x20, 0x17, 0x71,
    0x0, 0x0,

    /* U+2282 "⊂" */
    0x0, 0x36, 0x66, 0x66, 0x66, 0x66, 0x0, 0x9f,
    0xff, 0xff, 0xff, 0xff, 0x0, 0x9f, 0xff, 0xff,
    0xff, 0xff, 0xff, 0x60, 0x0, 0x0, 0x0, 0x0,
    0xff, 0x60, 0x0, 0x0, 0x0, 0x0, 0xff, 0x60,
    0x0, 0x0, 0x0, 0x0, 0xff, 0x60, 0x0, 0x0,
    0x0, 0x0, 0xff, 0x60, 0x0, 0x0, 0x0, 0x0,
    0xff, 0x60, 0x0, 0x0, 0x0, 0x0, 0xff, 0x60,
    0x0, 0x0, 0x0, 0x0, 0x0, 0x9f, 0xff, 0xff,
    0xff, 0xff, 0x0, 0x9f, 0xff, 0xff, 0xff, 0xff,
    0x0, 0x47, 0x77, 0x77, 0x77, 0x77,

    /* U+2283 "⊃" */
    0x66, 0x66, 0x66, 0x66, 0x63, 0x0, 0xff, 0xff,
    0xff, 0xff, 0xf9, 0x0, 0xff, 0xff, 0xff, 0xff,
    0xf9, 0x0, 0x0, 0x0, 0x0, 0x0, 0x6, 0xff,
    0x0, 0x0, 0x0, 0x0, 0x6, 0xff, 0x0, 0x0,
    0x0, 0x0, 0x6, 0xff, 0x0, 0x0, 0x0, 0x0,
    0x6, 0xff, 0x0, 0x0, 0x0, 0x0, 0x6, 0xff,
    0x0, 0x0, 0x0, 0x0, 0x6, 0xff, 0x0, 0x0,
    0x0, 0x0, 0x6, 0xff, 0xff, 0xff, 0xff, 0xff,
    0xf9, 0x0, 0xff, 0xff, 0xff, 0xff, 0xf9, 0x0,
    0x77, 0x77, 0x77, 0x77, 0x74, 0x0,

    /* U+2284 "⊄" */
    0x0, 0x0, 0x0, 0x0, 0x5, 0xcc, 0x0, 0x0,
    0x0, 0x0, 0x6, 0xff, 0x0, 0x36, 0x66, 0x66,
    0x6a, 0xff, 0x0, 0x9f, 0xff, 0xff, 0xff, 0xff,
    0x0, 0x9f, 0xff, 0xff, 0xff, 0xff, 0xff, 0x60,
    0x0, 0xc, 0xf9, 0x0, 0xff, 0x60, 0x0, 0xc,
    0xf9, 0x0, 0xff, 0x60, 0x19, 0x97, 0x63, 0x0,
    0xff, 0x60, 0x3f, 0xf3, 0x0, 0x0, 0xff, 0x60,
    0x3f, 0xf3, 0x0, 0x0, 0xff, 0x60, 0x3f, 0xf3,
    0x0, 0x0, 0xff, 0x60, 0x3f, 0xf3, 0x0, 0x0,
    0x33, 0x8c, 0xdf, 0xfd, 0xcc, 0xcc, 0x0, 0x9f,
    0xff, 0xff, 0xff, 0xff, 0x0, 0x9f, 0xe9, 0x99,
    0x99, 0x99, 0x0, 0x9f, 0xc0, 0x0, 0x0, 0x0,
    0x0, 0x9f, 0xc0, 0x0, 0x0, 0x0,

    /* U+2285 "⊅" */
    0x0, 0x0, 0x0, 0xa, 0xc7, 0x0, 0x0, 0x0,
    0x0, 0xc, 0xf9, 0x0, 0x66, 0x66, 0x66, 0x6e,
    0xf9, 0x0, 0xff, 0xff, 0xff, 0xff, 0xf9, 0x0,
    0xff, 0xff, 0xff, 0xff, 0xf9, 0x0, 0x0, 0x0,
    0x3f, 0xf3, 0x6, 0xff, 0x0, 0x0, 0x3f, 0xf3,
    0x6, 0xff, 0x0, 0x59, 0x86, 0x61, 0x6, 0xff,
    0x0, 0x9f, 0xc0, 0x0, 0x6, 0xff, 0x0, 0x9f,
    0xc0, 0x0, 0x6, 0xff, 0x0, 0x9f, 0xc0, 0x0,
    0x6, 0xff, 0x0, 0x9f, 0xc0, 0x0, 0x6, 0xff,
    0xcc, 0xef, 0xfc, 0xcc, 0xc8, 0x33, 0xff, 0xff,
    0xff, 0xff, 0xf9, 0x0, 0xff, 0xc9, 0x99, 0x99,
    0x95, 0x0, 0xff, 0x60, 0x0, 0x0, 0x0, 0x0,
    0xff, 0x60, 0x0, 0x0, 0x0, 0x0,

    /* U+2286 "⊆" */
    0x0, 0x36, 0x66, 0x66, 0x66, 0x66, 0x0, 0x9f,
    0xff, 0xff, 0xff, 0xff, 0x0, 0x9f, 0xff, 0xff,
    0xff, 0xff, 0xff, 0x60, 0x0, 0x0, 0x0, 0x0,
    0xff, 0x60, 0x0, 0x0, 0x0, 0x0, 0xff, 0x60,
    0x0, 0x0, 0x0, 0x0, 0xff, 0x60, 0x0, 0x0,
    0x0, 0x0, 0xcc, 0x73, 0x33, 0x33, 0x33, 0x33,
    0x0, 0x9f, 0xff, 0xff, 0xff, 0xff, 0x0, 0x9f,
    0xff, 0xff, 0xff, 0xff, 0x0, 0x13, 0x33, 0x33,
    0x33, 0x33, 0x0, 0x0, 0x0, 0x0, 0x0, 0x0,
    0x66, 0x66, 0x66, 0x66, 0x66, 0x66, 0xff, 0xff,
    0xff, 0xff, 0xff, 0xff, 0xff, 0xff, 0xff, 0xff,
    0xff, 0xff,

    /* U+2287 "⊇" */
    0x66, 0x66, 0x66, 0x66, 0x63, 0x0, 0xff, 0xff,
    0xff, 0xff, 0xf9, 0x0, 0xff, 0xff, 0xff, 0xff,
    0xf9, 0x0, 0x0, 0x0, 0x0, 0x0, 0x6, 0xff,
    0x0, 0x0, 0x0, 0x0, 0x6, 0xff, 0x0, 0x0,
    0x0, 0x0, 0x6, 0xff, 0x0, 0x0, 0x0, 0x0,
    0x6, 0xff, 0x33, 0x33, 0x33, 0x33, 0x37, 0xcc,
    0xff, 0xff, 0xff, 0xff, 0xf9, 0x0, 0xff, 0xff,
    0xff, 0xff, 0xf9, 0x0, 0x33, 0x33, 0x33, 0x33,
    0x31, 0x0, 0x0, 0x0, 0x0, 0x0, 0x0, 0x0,
    0x66, 0x66, 0x66, 0x66, 0x66, 0x66, 0xff, 0xff,
    0xff, 0xff, 0xff, 0xff, 0xff, 0xff, 0xff, 0xff,
    0xff, 0xff,

    /* U+2288 "⊈" */
    0x0, 0x0, 0x0, 0x0, 0x5, 0xcc, 0x0, 0x0,
    0x0, 0x0, 0x6, 0xff, 0x0, 0x36, 0x66, 0x66,
    0x6a, 0xff, 0x0, 0x9f, 0xff, 0xff, 0xff, 0xff,
    0x0, 0x9f, 0xff, 0xff, 0xff, 0xff, 0xff, 0x60,
    0x0, 0xc, 0xf9, 0x0, 0xff, 0x60, 0x0, 0xc,
    0xf9, 0x0, 0xff, 0x60, 0x19, 0x97, 0x63, 0x0,
    0xff, 0x60, 0x3f, 0xf3, 0x0, 0x0, 0xcc, 0x73,
    0x5f, 0xf5, 0x33, 0x33, 0x0, 0x9f, 0xff, 0xff,
    0xff, 0xff, 0x0, 0x9f, 0xff, 0xff, 0xff, 0xff,
    0x0, 0x13, 0x33, 0x33, 0x33, 0x33, 0x0, 0x0,
    0x0, 0x0, 0x0, 0x0, 0x66, 0x66, 0x66, 0x66,
    0x66, 0x66, 0xff, 0xff, 0xff, 0xff, 0xff, 0xff,
    0xff, 0xff, 0xff, 0xff, 0xff, 0xff,

    /* U+2289 "⊉" */
    0x0, 0x0, 0x0, 0xa, 0xc7, 0x0, 0x0, 0x0,
    0x0, 0xc, 0xf9, 0x0, 0x66, 0x66, 0x66, 0x6e,
    0xf9, 0x0, 0xff, 0xff, 0xff, 0xff, 0xf9, 0x0,
    0xff, 0xff, 0xff, 0xff, 0xf9, 0x0, 0x0, 0x0,
    0x3f, 0xf3, 0x6, 0xff, 0x0, 0x0, 0x3f, 0xf3,
    0x6, 0xff, 0x0, 0x59, 0x86, 0x61, 0x6, 0xff,
    0x0, 0x9f, 0xc0, 0x0, 0x6, 0xff, 0x33, 0xaf,
    0xd3, 0x33, 0x37, 0xcc, 0xff, 0xff, 0xff, 0xff,
    0xf9, 0x0, 0xff, 0xff, 0xff, 0xff, 0xf9, 0x0,
    0x33, 0x33, 0x33, 0x33, 0x31, 0x0, 0x0, 0x0,
    0x0, 0x0, 0x0, 0x0, 0x66, 0x66, 0x66, 0x66,
    0x66, 0x66, 0xff, 0xff, 0xff, 0xff, 0xff, 0xff,
    0xff, 0xff, 0xff, 0xff, 0xff, 0xff,

    /* U+2295 "⊕" */
    0x0, 0x36, 0x66, 0x66, 0x63, 0x0, 0x0, 0x9f,
    0xff, 0xff, 0xf9, 0x0, 0x0, 0x9f, 0xff, 0xff,
    0xf9, 0x0, 0xff, 0x60, 0x3f, 0xf3, 0x6, 0xff,
    0xff, 0x60, 0x3f, 0xf3, 0x6, 0xff, 0xff, 0xca,
    0xbf, 0xfb, 0xac, 0xff, 0xff, 0xff, 0xff, 0xff,
    0xff, 0xff, 0xff, 0xdb, 0xcf, 0xfc, 0xbd, 0xff,
    0xff, 0x60, 0x3f, 0xf3, 0x6, 0xff, 0xff, 0x60,
    0x3f, 0xf3, 0x6, 0xff, 0x0, 0x9f, 0xff, 0xff,
    0xf9, 0x0, 0x0, 0x9f, 0xff, 0xff, 0xf9, 0x0,
    0x0, 0x47, 0x77, 0x77, 0x74, 0x0,

    /* U+2296 "⊖" */
    0x0, 0x36, 0x66, 0x66, 0x63, 0x0, 0x0, 0x9f,
    0xff, 0xff, 0xf9, 0x0, 0x0, 0x9f, 0xff, 0xff,
    0xf9, 0x0, 0xdd, 0x50, 0x0, 0x0, 0x5, 0xdd,
    0xff, 0x60, 0x0, 0x0, 0x6, 0xff, 0xff, 0xa7,
    0x77, 0x77, 0x7a, 0xff, 0xff, 0xff, 0xff, 0xff,
    0xff, 0xff, 0xff, 0xff, 0xff, 0xff, 0xff, 0xff,
    0xff, 0x60, 0x0, 0x0, 0x6, 0xff, 0xff, 0x60,
    0x0, 0x0, 0x6, 0xff, 0x55, 0xbf, 0xff, 0xff,
    0xfb, 0x55, 0x0, 0x9f, 0xff, 0xff, 0xf9, 0x0,
    0x0, 0x47, 0x77, 0x77, 0x74, 0x0,

    /* U+2297 "⊗" */
    0x0, 0x36, 0x66, 0x66, 0x63, 0x0, 0x0, 0x9f,
    0xff, 0xff, 0xf9, 0x0, 0x0, 0x9f, 0xff, 0xff,
    0xf9, 0x0, 0xff, 0xff, 0xc0, 0xc, 0xff, 0xff,
    0xff, 0xff, 0xc0, 0xc, 0xff, 0xff, 0xff, 0xa6,
    0x79, 0x97, 0x6a, 0xff, 0xff, 0x60, 0x3f, 0xf3,
    0x6, 0xff, 0xff, 0x95, 0x6a, 0xa6, 0x59, 0xff,
    0xff, 0xff, 0xc0, 0xc, 0xff, 0xff, 0xff, 0xff,
    0xc0, 0xc, 0xff, 0xff, 0x0, 0x9f, 0xff, 0xff,
    0xf9, 0x0, 0x0, 0x9f, 0xff, 0xff, 0xf9, 0x0,
    0x0, 0x47, 0x77, 0x77, 0x74, 0x0,

    /* U+2298 "⊘" */
    0x0, 0x36, 0x66, 0x66, 0x63, 0x0, 0x0, 0x9f,
    0xff, 0xff, 0xf9, 0x0, 0x0, 0x9f, 0xff, 0xff,
    0xf9, 0x0, 0xff, 0x60, 0x0, 0xc, 0xff, 0xff,
    0xff, 0x60, 0x0, 0xc, 0xff, 0xff, 0xff, 0x60,
    0x19, 0x97, 0x6a, 0xff, 0xff, 0x60, 0x3f, 0xf3,
    0x6, 0xff, 0xff, 0x95, 0x6a, 0xa2, 0x6, 0xff,
    0xff, 0xff, 0xc0, 0x0, 0x6, 0xff, 0xff, 0xff,
    0xc0, 0x0, 0x6, 0xff, 0x0, 0x9f, 0xff, 0xff,
    0xf9, 0x0, 0x0, 0x9f, 0xff, 0xff, 0xf9, 0x0,
    0x0, 0x47, 0x77, 0x77, 0x74, 0x0,

    /* U+22A5 "⊥" */
    0x0, 0x0, 0x19, 0x91, 0x0, 0x0, 0x0, 0x0,
    0x3f, 0xf3, 0x0, 0x0, 0x0, 0x0, 0x3f, 0xf3,
    0x0, 0x0, 0x0, 0x0, 0x3f, 0xf3, 0x0, 0x0,
    0x0, 0x0, 0x3f, 0xf3, 0x0, 0x0, 0x0, 0x0,
    0x3f, 0xf3, 0x0, 0x0, 0x0, 0x0, 0x3f, 0xf3,
    0x0, 0x0, 0x0, 0x0, 0x3f, 0xf3, 0x0, 0x0,
    0x0, 0x0, 0x3f, 0xf3, 0x0, 0x0, 0x0, 0x0,
    0x3f, 0xf3, 0x0, 0x0, 0xff, 0xff, 0xff, 0xff,
    0xff, 0xff, 0xff, 0xff, 0xff, 0xff, 0xff, 0xff,
    0x77, 0x77, 0x77, 0x77, 0x77, 0x77,

    /* U+22C2 "⋂" */
    0x99, 0x30, 0x0, 0x0, 0x3, 0x99, 0xff, 0x60,
    0x0, 0x0, 0x6, 0xff, 0xff, 0x60, 0x0, 0x0,
    0x6, 0xff, 0xff, 0x60, 0x0, 0x0, 0x6, 0xff,
    0xff, 0x60, 0x0, 0x0, 0x6, 0xff, 0xff, 0x60,
    0x0, 0x0, 0x6, 0xff, 0xff, 0x60, 0x0, 0x0,
    0x6, 0xff, 0xff, 0x60, 0x0, 0x0, 0x6, 0xff,
    0xff, 0x60, 0x0, 0x0, 0x6, 0xff, 0xff, 0x60,
    0x0, 0x0, 0x6, 0xff, 0x0, 0x9f, 0xff, 0xff,
    0xf9, 0x0, 0x0, 0x9f, 0xff, 0xff, 0xf9, 0x0,
    0x0, 0x47, 0x77, 0x77, 0x74, 0x0,

    /* U+22C3 "⋃" */
    0x0, 0x36, 0x66, 0x66, 0x63, 0x0, 0x0, 0x9f,
    0xff, 0xff, 0xf9, 0x0, 0x0, 0x9f, 0xff, 0xff,
    0xf9, 0x0, 0xff, 0x60, 0x0, 0x0, 0x6, 0xff,
    0xff, 0x60, 0x0, 0x0, 0x6, 0xff, 0xff, 0x60,
    0x0, 0x0, 0x6, 0xff, 0xff, 0x60, 0x0, 0x0,
    0x6, 0xff, 0xff, 0x60, 0x0, 0x0, 0x6, 0xff,
    0xff, 0x60, 0x0, 0x0, 0x6, 0xff, 0xff, 0x60,
    0x0, 0x0, 0x6, 0xff, 0xff, 0x60, 0x0, 0x0,
    0x6, 0xff, 0xff, 0x60, 0x0, 0x0, 0x6, 0xff,
    0x99, 0x30, 0x0, 0x0, 0x3, 0x99,

    /* U+22FF "⋿" */
    0xff, 0xff, 0xff, 0xff, 0xf9, 0xff, 0xff, 0xff,
    0xff, 0xf9, 0xff, 0xa6, 0x66, 0x66, 0x63, 0xff,
    0x60, 0x0, 0x0, 0x0, 0xff, 0x83, 0x33, 0x30,
    0x0, 0xff, 0xff, 0xff, 0xf3, 0x0, 0xff, 0xff,
    0xff, 0xf3, 0x0, 0xff, 0x83, 0x33, 0x30, 0x0,
    0xff, 0x60, 0x0, 0x0, 0x0, 0xff, 0xa6, 0x66,
    0x66, 0x63, 0xff, 0xff, 0xff, 0xff, 0xf9, 0xff,
    0xff, 0xff, 0xff, 0xf9,

    /* U+25A0 "■" */
    0x33, 0x33, 0x33, 0x33, 0x33, 0x33, 0xff, 0xff,
    0xff, 0xff, 0xff, 0xff, 0xff, 0xff, 0xff, 0xff,
    0xff, 0xff, 0xff, 0xff, 0xff, 0xff, 0xff, 0xff,
    0xff, 0xff, 0xff, 0xff, 0xff, 0xff, 0xff, 0xff,
    0xff, 0xff, 0xff, 0xff, 0xff, 0xff, 0xff, 0xff,
    0xff, 0xff, 0xff, 0xff, 0xff, 0xff, 0xff, 0xff,
    0xff, 0xff, 0xff, 0xff, 0xff, 0xff, 0xff, 0xff,
    0xff, 0xff, 0xff, 0xff, 0xff, 0xff, 0xff, 0xff,
    0xff, 0xff, 0xff, 0xff, 0xff, 0xff, 0xff, 0xff,
    0xdd, 0xdd, 0xdd, 0xdd, 0xdd, 0xdd,

    /* U+25A1 "□" */
    0x66, 0x66, 0x66, 0x66, 0x66, 0x66, 0xff, 0xff,
    0xff, 0xff, 0xff, 0xff, 0xff, 0xff, 0xff, 0xff,
    0xff, 0xff, 0xff, 0x60, 0x0, 0x0, 0x6, 0xff,
    0xff, 0x60, 0x0, 0x0, 0x6, 0xff, 0xff, 0x60,
    0x0, 0x0, 0x6, 0xff, 0xff, 0x60, 0x0, 0x0,
    0x6, 0xff, 0xff, 0x60, 0x0, 0x0, 0x6, 0xff,
    0xff, 0x60, 0x0, 0x0, 0x6, 0xff, 0xff, 0x60,
    0x0, 0x0, 0x6, 0xff, 0xff, 0xff, 0xff, 0xff,
    0xff, 0xff, 0xff, 0xff, 0xff, 0xff, 0xff, 0xff,
    0x77, 0x77, 0x77, 0x77, 0x77, 0x77,

    /* U+25B2 "▲" */
    0x0, 0x0, 0x3, 0x30, 0x0, 0x0, 0x0, 0x0,
    0x3f, 0xf3, 0x0, 0x0, 0x0, 0x0, 0x3f, 0xf3,
    0x0, 0x0, 0x0, 0x7c, 0xdf, 0xfd, 0xc7, 0x0,
    0x0, 0x9f, 0xff, 0xff, 0xf9, 0x0, 0x66, 0xbf,
    0xff, 0xff, 0xfb, 0x66, 0xff, 0xff, 0xff, 0xff,
    0xff, 0xff, 0xff, 0xff, 0xff, 0xff, 0xff, 0xff,
    0xff, 0xff, 0xff, 0xff, 0xff, 0xff, 0xff, 0xff,
    0xff, 0xff, 0xff, 0xff, 0xff, 0xff, 0xff, 0xff,
    0xff, 0xff, 0xff, 0xff, 0xff, 0xff, 0xff, 0xff,
    0xdd, 0xdd, 0xdd, 0xdd, 0xdd, 0xdd,

    /* U+25B6 "▶" */
    0xcc, 0xcc, 0xa0, 0x0, 0x0, 0x0, 0xff, 0xff,
    0xc0, 0x0, 0x0, 0x0, 0xff, 0xff, 0xe6, 0x61,
    0x0, 0x0, 0xff, 0xff, 0xff, 0xf3, 0x0, 0x0,
    0xff, 0xff, 0xff, 0xf3, 0x0, 0x0, 0xff, 0xff,
    0xff, 0xff, 0xf9, 0x0, 0xff, 0xff, 0xff, 0xff,
    0xf9, 0x0, 0xff, 0xff, 0xff, 0xff, 0xfd, 0x99,
    0xff, 0xff, 0xff, 0xff, 0xff, 0xff, 0xff, 0xff,
    0xff, 0xff, 0xfe, 0xcc, 0xff, 0xff, 0xff, 0xff,
    0xf9, 0x0, 0xff, 0xff, 0xff, 0xff, 0xf9, 0x0,
    0xff, 0xff, 0xff, 0xf5, 0x31, 0x0, 0xff, 0xff,
    0xff, 0xf3, 0x0, 0x0, 0xff, 0xff, 0xe9, 0x91,
    0x0, 0x0, 0xff, 0xff, 0xc0, 0x0, 0x0, 0x0,
    0xff, 0xff, 0xc0, 0x0, 0x0, 0x0,

    /* U+25B7 "▷" */
    0xcc, 0x50, 0x0, 0x0, 0x0, 0xff, 0x60, 0x0,
    0x0, 0x0, 0xff, 0xa6, 0x40, 0x0, 0x0, 0xff,
    0xff, 0xc0, 0x0, 0x0, 0xff, 0xff, 0xc0, 0x0,
    0x0, 0xff, 0x60, 0x3f, 0xf3, 0x0, 0xff, 0x60,
    0x3f, 0xf3, 0x0, 0xff, 0x60, 0x16, 0x68, 0x95,
    0xff, 0x60, 0x0, 0xc, 0xf9, 0xff, 0x60, 0x3,
    0x3a, 0xc7, 0xff, 0x60, 0x3f, 0xf3, 0x0, 0xff,
    0x60, 0x3f, 0xf3, 0x0, 0xff, 0xec, 0xa3, 0x30,
    0x0, 0xff, 0xff, 0xc0, 0x0, 0x0, 0xff, 0xc9,
    0x70, 0x0, 0x0, 0xff, 0x60, 0x0, 0x0, 0x0,
    0xff, 0x60, 0x0, 0x0, 0x0,

    /* U+25B8 "▸" */

    /* U+25BC "▼" */
    0x44, 0x44, 0x44, 0x44, 0x44, 0x44, 0xff, 0xff,
    0xff, 0xff, 0xff, 0xff, 0xff, 0xff, 0xff, 0xff,
    0xff, 0xff, 0xff, 0xff, 0xff, 0xff, 0xff, 0xff,
    0xff, 0xff, 0xff, 0xff, 0xff, 0xff, 0xff, 0xff,
    0xff, 0xff, 0xff, 0xff, 0xff, 0xff, 0xff, 0xff,
    0xff, 0xff, 0xff, 0xff, 0xff, 0xff, 0xff, 0xff,
    0x0, 0x9f, 0xff, 0xff, 0xf9, 0x0, 0x0, 0x9f,
    0xff, 0xff, 0xf9, 0x0, 0x0, 0x35, 0x7f, 0xf7,
    0x53, 0x0, 0x0, 0x0, 0x3f, 0xf3, 0x0, 0x0,
    0x0, 0x0, 0x2c, 0xc2, 0x0, 0x0,

    /* U+25BD "▽" */
    0xff, 0xff, 0xff, 0xff, 0xff, 0xff, 0xff, 0xff,
    0xff, 0xff, 0xff, 0xff, 0xff, 0xa7, 0x77, 0x77,
    0x7a, 0xff, 0xff, 0x60, 0x0, 0x0, 0x6, 0xff,
    0xff, 0x60, 0x0, 0x0, 0x6, 0xff, 0xff, 0x60,
    0x0, 0x0, 0x6, 0xff, 0xff, 0x60, 0x0, 0x0,
    0x6, 0xff, 0xff, 0x60, 0x0, 0x0, 0x6, 0xff,
    0xff, 0x60, 0x0, 0x0, 0x6, 0xff, 0xaa, 0x75,
    0x40, 0x4, 0x57, 0xaa, 0x0, 0x9f, 0xc0, 0xc,
    0xf9, 0x0, 0x0, 0x9f, 0xc0, 0xc, 0xf9, 0x0,
    0x0, 0x9f, 0xc0, 0xc, 0xf9, 0x0, 0x0, 0x9f,
    0xc0, 0xc, 0xf9, 0x0, 0x0, 0x59, 0x86, 0x68,
    0x95, 0x0, 0x0, 0x0, 0x3f, 0xf3, 0x0, 0x0,
    0x0, 0x0, 0x3f, 0xf3, 0x0, 0x0,

    /* U+25C0 "◀" */
    0x0, 0x0, 0x0, 0xa, 0xcc, 0xcc, 0x0, 0x0,
    0x0, 0xc, 0xff, 0xff, 0x0, 0x0, 0x16, 0x6e,
    0xff, 0xff, 0x0, 0x0, 0x3f, 0xff, 0xff, 0xff,
    0x0, 0x0, 0x3f, 0xff, 0xff, 0xff, 0x0, 0x9f,
    0xff, 0xff, 0xff, 0xff, 0x0, 0x9f, 0xff, 0xff,
    0xff, 0xff, 0x99, 0xdf, 0xff, 0xff, 0xff, 0xff,
    0xff, 0xff, 0xff, 0xff, 0xff, 0xff, 0xcc, 0xef,
    0xff, 0xff, 0xff, 0xff, 0x0, 0x9f, 0xff, 0xff,
    0xff, 0xff, 0x0, 0x9f, 0xff, 0xff, 0xff, 0xff,
    0x0, 0x13, 0x5f, 0xff, 0xff, 0xff, 0x0, 0x0,
    0x3f, 0xff, 0xff, 0xff, 0x0, 0x0, 0x19, 0x9e,
    0xff, 0xff, 0x0, 0x0, 0x0, 0xc, 0xff, 0xff,
    0x0, 0x0, 0x0, 0xc, 0xff, 0xff,

    /* U+25C6 "◆" */
    0x0, 0x0, 0x16, 0x61, 0x0, 0x0, 0x0, 0x0,
    0x3f, 0xf3, 0x0, 0x0, 0x0, 0x0, 0x3f, 0xf3,
    0x0, 0x0, 0x0, 0x9f, 0xff, 0xff, 0xf9, 0x0,
    0x0, 0x9f, 0xff, 0xff, 0xf9, 0x0, 0x99, 0xdf,
    0xff, 0xff, 0xfd, 0x99, 0xff, 0xff, 0xff, 0xff,
    0xff, 0xff, 0xff, 0xff, 0xff, 0xff, 0xff, 0xff,
    0xff, 0xff, 0xff, 0xff, 0xff, 0xff, 0xff, 0xff,
    0xff, 0xff, 0xff, 0xff, 0x33, 0xaf, 0xff, 0xff,
    0xfa, 0x33, 0x0, 0x9f, 0xff, 0xff, 0xf9, 0x0,
    0x0, 0x59, 0xaf, 0xfa, 0x95, 0x0, 0x0, 0x0,
    0x3f, 0xf3, 0x0, 0x0, 0x0, 0x0, 0x3f, 0xf3,
    0x0, 0x0,

    /* U+25C7 "◇" */
    0x0, 0x0, 0x16, 0x61, 0x0, 0x0, 0x0, 0x0,
    0x3f, 0xf3, 0x0, 0x0, 0x0, 0x0, 0x3f, 0xf3,
    0x0, 0x0, 0x0, 0x9f, 0xc0, 0xc, 0xf9, 0x0,
    0x0, 0x9f, 0xc0, 0xc, 0xf9, 0x0, 0xcc, 0x74,
    0x30, 0x3, 0x47, 0xcc, 0xff, 0x60, 0x0, 0x0,
    0x6, 0xff, 0xff, 0x60, 0x0, 0x0, 0x6, 0xff,
    0xff, 0x60, 0x0, 0x0, 0x6, 0xff, 0xff, 0x60,
    0x0, 0x0, 0x6, 0xff, 0x0, 0x9f, 0xc0, 0xc,
    0xf9, 0x0, 0x0, 0x9f, 0xc0, 0xc, 0xf9, 0x0,
    0x0, 0x59, 0x86, 0x68, 0x95, 0x0, 0x0, 0x0,
    0x3f, 0xf3, 0x0, 0x0, 0x0, 0x0, 0x3f, 0xf3,
    0x0, 0x0,

    /* U+25CB "○" */
    0x0, 0x36, 0x66, 0x66, 0x63, 0x0, 0x0, 0x9f,
    0xff, 0xff, 0xf9, 0x0, 0x0, 0x9f, 0xff, 0xff,
    0xf9, 0x0, 0xff, 0x60, 0x0, 0x0, 0x6, 0xff,
    0xff, 0x60, 0x0, 0x0, 0x6, 0xff, 0xff, 0x60,
    0x0, 0x0, 0x6, 0xff, 0xff, 0x60, 0x0, 0x0,
    0x6, 0xff, 0xff, 0x60, 0x0, 0x0, 0x6, 0xff,
    0xff, 0x60, 0x0, 0x0, 0x6, 0xff, 0xff, 0x60,
    0x0, 0x0, 0x6, 0xff, 0x0, 0x9f, 0xff, 0xff,
    0xf9, 0x0, 0x0, 0x9f, 0xff, 0xff, 0xf9, 0x0,
    0x0, 0x47, 0x77, 0x77, 0x74, 0x0,

    /* U+25CF "●" */
    0x0, 0x13, 0x33, 0x33, 0x31, 0x0, 0x0, 0x9f,
    0xff, 0xff, 0xf9, 0x0, 0x0, 0x9f, 0xff, 0xff,
    0xf9, 0x0, 0xcc, 0xef, 0xff, 0xff, 0xfe, 0xcc,
    0xff, 0xff, 0xff, 0xff, 0xff, 0xff, 0xff, 0xff,
    0xff, 0xff, 0xff, 0xff, 0xff, 0xff, 0xff, 0xff,
    0xff, 0xff, 0xff, 0xff, 0xff, 0xff, 0xff, 0xff,
    0xff, 0xff, 0xff, 0xff, 0xff, 0xff, 0xff, 0xff,
    0xff, 0xff, 0xff, 0xff, 0x66, 0xcf, 0xff, 0xff,
    0xfc, 0x66, 0x0, 0x9f, 0xff, 0xff, 0xf9, 0x0,
    0x0, 0x7d, 0xdd, 0xdd, 0xd7, 0x0,

    /* U+25D8 "◘" */
    0x7f, 0xff, 0xff, 0xfe, 0x7f, 0xff, 0xff, 0xfe,
    0x7f, 0xf6, 0x6a, 0xfe, 0x7f, 0xe0, 0x7, 0xfe,
    0x7f, 0xf3, 0x39, 0xfe, 0x7f, 0xff, 0xff, 0xfe,
    0x7f, 0xff, 0xff, 0xfe, 0x13, 0x33, 0x33, 0x32,

    /* U+25D9 "◙" */
    0x66, 0x66, 0x66, 0x66, 0x66, 0x66, 0xff, 0xff,
    0xff, 0xff, 0xff, 0xff, 0xff, 0xff, 0xff, 0xff,
    0xff, 0xff, 0xff, 0xff, 0xc0, 0xc, 0xff, 0xff,
    0xff, 0xff, 0xc0, 0xc, 0xff, 0xff, 0xff, 0xa6,
    0x67, 0x76, 0x6a, 0xff, 0xff, 0x60, 0x3f, 0xf3,
    0x6, 0xff, 0xff, 0x95, 0x7f, 0xf7, 0x59, 0xff,
    0xff, 0xff, 0xc0, 0xc, 0xff, 0xff, 0xff, 0xff,
    0xc0, 0xc, 0xff, 0xff, 0xff, 0xff, 0xff, 0xff,
    0xff, 0xff, 0xff, 0xff, 0xff, 0xff, 0xff, 0xff,
    0x77, 0x77, 0x77, 0x77, 0x77, 0x77,

    /* U+25E6 "◦" */

    /* U+294C "⥌" */
    0x0, 0x0, 0x2c, 0xc2, 0x0, 0x0, 0x0, 0x0,
    0x3f, 0xf3, 0x0, 0x0, 0x0, 0x0, 0x3f, 0xf8,
    0x63, 0x0, 0x0, 0x0, 0x3f, 0xff, 0xf9, 0x0,
    0x0, 0x0, 0x3f, 0xff, 0xf9, 0x0, 0x0, 0x0,
    0x3f, 0xf3, 0x6, 0xff, 0x0, 0x0, 0x3f, 0xf3,
    0x6, 0xff, 0x0, 0x0, 0x3f, 0xf3, 0x2, 0x66,
    0x0, 0x0, 0x3f, 0xf3, 0x0, 0x0, 0x33, 0x10,
    0x3f, 0xf3, 0x0, 0x0, 0xff, 0x60, 0x3f, 0xf3,
    0x0, 0x0, 0xff, 0x60, 0x3f, 0xf3, 0x0, 0x0,
    0x33, 0x8c, 0xdf, 0xf3, 0x0, 0x0, 0x0, 0x9f,
    0xff, 0xf3, 0x0, 0x0, 0x0, 0x59, 0xaf, 0xf3,
    0x0, 0x0, 0x0, 0x0, 0x3f, 0xf3, 0x0, 0x0,
    0x0, 0x0, 0x3f, 0xf3, 0x0, 0x0,

    /* U+2AA4 "⪤" */
    0x0, 0x36, 0x40, 0x5, 0x63, 0x0, 0x0, 0x9f,
    0xc0, 0xe, 0xf7, 0x0, 0x0, 0x9f, 0xc0, 0xe,
    0xf7, 0x0, 0x0, 0x9f, 0xff, 0xff, 0xf7, 0x0,
    0x0, 0x9f, 0xff, 0xff, 0xf7, 0x0, 0x99, 0x76,
    0x66, 0x66, 0x68, 0x98, 0xff, 0x60, 0x0, 0x0,
    0x8, 0xfe, 0xcc, 0x73, 0x33, 0x33, 0x38, 0xcb,
    0x0, 0x9f, 0xff, 0xff, 0xf7, 0x0, 0x0, 0x9f,
    0xff, 0xff, 0xf7, 0x0, 0x0, 0x9f, 0xc3, 0x3f,
    0xf7, 0x0, 0x0, 0x9f, 0xc0, 0xe, 0xf7, 0x0,
    0x0, 0x59, 0x70, 0x8, 0x94, 0x0
};


/*---------------------
 *  GLYPH DESCRIPTION
 *--------------------*/

static const lv_font_fmt_txt_glyph_dsc_t glyph_dsc[] = {
    {.bitmap_index = 0, .adv_w = 0, .box_w = 0, .box_h = 0, .ofs_x = 0, .ofs_y = 0} /* id = 0 reserved */,
    {.bitmap_index = 0, .adv_w = 230, .box_w = 4, .box_h = 17, .ofs_x = 4, .ofs_y = 0},
    {.bitmap_index = 34, .adv_w = 230, .box_w = 8, .box_h = 8, .ofs_x = 2, .ofs_y = 9},
    {.bitmap_index = 66, .adv_w = 230, .box_w = 12, .box_h = 17, .ofs_x = 0, .ofs_y = 0},
    {.bitmap_index = 168, .adv_w = 230, .box_w = 12, .box_h = 17, .ofs_x = 0, .ofs_y = 0},
    {.bitmap_index = 270, .adv_w = 230, .box_w = 12, .box_h = 17, .ofs_x = 0, .ofs_y = 0},
    {.bitmap_index = 372, .adv_w = 230, .box_w = 12, .box_h = 17, .ofs_x = 0, .ofs_y = 0},
    {.bitmap_index = 474, .adv_w = 230, .box_w = 6, .box_h = 8, .ofs_x = 2, .ofs_y = 9},
    {.bitmap_index = 498, .adv_w = 230, .box_w = 8, .box_h = 17, .ofs_x = 2, .ofs_y = 0},
    {.bitmap_index = 566, .adv_w = 230, .box_w = 8, .box_h = 17, .ofs_x = 2, .ofs_y = 0},
    {.bitmap_index = 634, .adv_w = 230, .box_w = 12, .box_h = 15, .ofs_x = 0, .ofs_y = 0},
    {.bitmap_index = 724, .adv_w = 230, .box_w = 12, .box_h = 12, .ofs_x = 0, .ofs_y = 2},
    {.bitmap_index = 796, .adv_w = 230, .box_w = 6, .box_h = 7, .ofs_x = 2, .ofs_y = 0},
    {.bitmap_index = 817, .adv_w = 230, .box_w = 12, .box_h = 3, .ofs_x = 0, .ofs_y = 7},
    {.bitmap_index = 835, .adv_w = 230, .box_w = 6, .box_h = 5, .ofs_x = 2, .ofs_y = 0},
    {.bitmap_index = 850, .adv_w = 230, .box_w = 12, .box_h = 13, .ofs_x = 0, .ofs_y = 2},
    {.bitmap_index = 928, .adv_w = 230, .box_w = 12, .box_h = 17, .ofs_x = 0, .ofs_y = 0},
    {.bitmap_index = 1030, .adv_w = 230, .box_w = 8, .box_h = 17, .ofs_x = 2, .ofs_y = 0},
    {.bitmap_index = 1098, .adv_w = 230, .box_w = 12, .box_h = 17, .ofs_x = 0, .ofs_y = 0},
    {.bitmap_index = 1200, .adv_w = 230, .box_w = 12, .box_h = 17, .ofs_x = 0, .ofs_y = 0},
    {.bitmap_index = 1302, .adv_w = 230, .box_w = 12, .box_h = 17, .ofs_x = 0, .ofs_y = 0},
    {.bitmap_index = 1404, .adv_w = 230, .box_w = 12, .box_h = 17, .ofs_x = 0, .ofs_y = 0},
    {.bitmap_index = 1506, .adv_w = 230, .box_w = 12, .box_h = 17, .ofs_x = 0, .ofs_y = 0},
    {.bitmap_index = 1608, .adv_w = 230, .box_w = 12, .box_h = 17, .ofs_x = 0, .ofs_y = 0},
    {.bitmap_index = 1710, .adv_w = 230, .box_w = 12, .box_h = 17, .ofs_x = 0, .ofs_y = 0},
    {.bitmap_index = 1812, .adv_w = 230, .box_w = 12, .box_h = 17, .ofs_x = 0, .ofs_y = 0},
    {.bitmap_index = 1914, .adv_w = 230, .box_w = 6, .box_h = 12, .ofs_x = 2, .ofs_y = 2},
    {.bitmap_index = 1950, .adv_w = 230, .box_w = 6, .box_h = 14, .ofs_x = 2, .ofs_y = 0},
    {.bitmap_index = 1992, .adv_w = 230, .box_w = 10, .box_h = 17, .ofs_x = 0, .ofs_y = 0},
    {.bitmap_index = 2077, .adv_w = 230, .box_w = 12, .box_h = 8, .ofs_x = 0, .ofs_y = 4},
    {.bitmap_index = 2125, .adv_w = 230, .box_w = 10, .box_h = 17, .ofs_x = 2, .ofs_y = 0},
    {.bitmap_index = 2210, .adv_w = 230, .box_w = 12, .box_h = 17, .ofs_x = 0, .ofs_y = 0},
    {.bitmap_index = 2312, .adv_w = 230, .box_w = 12, .box_h = 17, .ofs_x = 0, .ofs_y = 0},
    {.bitmap_index = 2414, .adv_w = 230, .box_w = 12, .box_h = 17, .ofs_x = 0, .ofs_y = 0},
    {.bitmap_index = 2516, .adv_w = 230, .box_w = 12, .box_h = 17, .ofs_x = 0, .ofs_y = 0},
    {.bitmap_index = 2618, .adv_w = 230, .box_w = 12, .box_h = 17, .ofs_x = 0, .ofs_y = 0},
    {.bitmap_index = 2720, .adv_w = 230, .box_w = 12, .box_h = 17, .ofs_x = 0, .ofs_y = 0},
    {.bitmap_index = 2822, .adv_w = 230, .box_w = 12, .box_h = 17, .ofs_x = 0, .ofs_y = 0},
    {.bitmap_index = 2924, .adv_w = 230, .box_w = 12, .box_h = 17, .ofs_x = 0, .ofs_y = 0},
    {.bitmap_index = 3026, .adv_w = 230, .box_w = 12, .box_h = 17, .ofs_x = 0, .ofs_y = 0},
    {.bitmap_index = 3128, .adv_w = 230, .box_w = 12, .box_h = 17, .ofs_x = 0, .ofs_y = 0},
    {.bitmap_index = 3230, .adv_w = 230, .box_w = 8, .box_h = 17, .ofs_x = 2, .ofs_y = 0},
    {.bitmap_index = 3298, .adv_w = 230, .box_w = 12, .box_h = 17, .ofs_x = 0, .ofs_y = 0},
    {.bitmap_index = 3400, .adv_w = 230, .box_w = 12, .box_h = 17, .ofs_x = 0, .ofs_y = 0},
    {.bitmap_index = 3502, .adv_w = 230, .box_w = 12, .box_h = 17, .ofs_x = 0, .ofs_y = 0},
    {.bitmap_index = 3604, .adv_w = 230, .box_w = 12, .box_h = 17, .ofs_x = 0, .ofs_y = 0},
    {.bitmap_index = 3706, .adv_w = 230, .box_w = 12, .box_h = 17, .ofs_x = 0, .ofs_y = 0},
    {.bitmap_index = 3808, .adv_w = 230, .box_w = 12, .box_h = 17, .ofs_x = 0, .ofs_y = 0},
    {.bitmap_index = 3910, .adv_w = 230, .box_w = 12, .box_h = 17, .ofs_x = 0, .ofs_y = 0},
    {.bitmap_index = 4012, .adv_w = 230, .box_w = 12, .box_h = 17, .ofs_x = 0, .ofs_y = 0},
    {.bitmap_index = 4114, .adv_w = 230, .box_w = 12, .box_h = 17, .ofs_x = 0, .ofs_y = 0},
    {.bitmap_index = 4216, .adv_w = 230, .box_w = 12, .box_h = 17, .ofs_x = 0, .ofs_y = 0},
    {.bitmap_index = 4318, .adv_w = 230, .box_w = 12, .box_h = 17, .ofs_x = 0, .ofs_y = 0},
    {.bitmap_index = 4420, .adv_w = 230, .box_w = 12, .box_h = 17, .ofs_x = 0, .ofs_y = 0},
    {.bitmap_index = 4522, .adv_w = 230, .box_w = 12, .box_h = 17, .ofs_x = 0, .ofs_y = 0},
    {.bitmap_index = 4624, .adv_w = 230, .box_w = 12, .box_h = 17, .ofs_x = 0, .ofs_y = 0},
    {.bitmap_index = 4726, .adv_w = 230, .box_w = 12, .box_h = 17, .ofs_x = 0, .ofs_y = 0},
    {.bitmap_index = 4828, .adv_w = 230, .box_w = 12, .box_h = 17, .ofs_x = 0, .ofs_y = 0},
    {.bitmap_index = 4930, .adv_w = 230, .box_w = 12, .box_h = 17, .ofs_x = 0, .ofs_y = 0},
    {.bitmap_index = 5032, .adv_w = 230, .box_w = 8, .box_h = 17, .ofs_x = 2, .ofs_y = 0},
    {.bitmap_index = 5100, .adv_w = 230, .box_w = 12, .box_h = 13, .ofs_x = 0, .ofs_y = 2},
    {.bitmap_index = 5178, .adv_w = 230, .box_w = 8, .box_h = 17, .ofs_x = 2, .ofs_y = 0},
    {.bitmap_index = 5246, .adv_w = 38, .box_w = 0, .box_h = 0, .ofs_x = 0, .ofs_y = 0},
    {.bitmap_index = 5246, .adv_w = 230, .box_w = 12, .box_h = 3, .ofs_x = 0, .ofs_y = 0},
    {.bitmap_index = 5264, .adv_w = 230, .box_w = 8, .box_h = 8, .ofs_x = 2, .ofs_y = 10},
    {.bitmap_index = 5296, .adv_w = 230, .box_w = 8, .box_h = 12, .ofs_x = 0, .ofs_y = 0},
    {.bitmap_index = 5344, .adv_w = 230, .box_w = 8, .box_h = 12, .ofs_x = 0, .ofs_y = 0},
    {.bitmap_index = 5392, .adv_w = 230, .box_w = 8, .box_h = 12, .ofs_x = 0, .ofs_y = 0},
    {.bitmap_index = 5440, .adv_w = 230, .box_w = 8, .box_h = 12, .ofs_x = 0, .ofs_y = 0},
    {.bitmap_index = 5488, .adv_w = 230, .box_w = 8, .box_h = 12, .ofs_x = 0, .ofs_y = 0},
    {.bitmap_index = 5536, .adv_w = 230, .box_w = 8, .box_h = 12, .ofs_x = 0, .ofs_y = 0},
    {.bitmap_index = 5584, .adv_w = 230, .box_w = 8, .box_h = 12, .ofs_x = 0, .ofs_y = 0},
    {.bitmap_index = 5632, .adv_w = 230, .box_w = 8, .box_h = 12, .ofs_x = 0, .ofs_y = 0},
    {.bitmap_index = 5680, .adv_w = 230, .box_w = 8, .box_h = 12, .ofs_x = 0, .ofs_y = 0},
    {.bitmap_index = 5728, .adv_w = 230, .box_w = 8, .box_h = 12, .ofs_x = 0, .ofs_y = 0},
    {.bitmap_index = 5776, .adv_w = 230, .box_w = 8, .box_h = 12, .ofs_x = 0, .ofs_y = 0},
    {.bitmap_index = 5824, .adv_w = 230, .box_w = 8, .box_h = 12, .ofs_x = 0, .ofs_y = 0},
    {.bitmap_index = 5872, .adv_w = 230, .box_w = 12, .box_h = 12, .ofs_x = 0, .ofs_y = 0},
    {.bitmap_index = 5944, .adv_w = 230, .box_w = 10, .box_h = 12, .ofs_x = 0, .ofs_y = 0},
    {.bitmap_index = 6004, .adv_w = 230, .box_w = 8, .box_h = 12, .ofs_x = 0, .ofs_y = 0},
    {.bitmap_index = 6052, .adv_w = 230, .box_w = 8, .box_h = 12, .ofs_x = 0, .ofs_y = 0},
    {.bitmap_index = 6100, .adv_w = 230, .box_w = 8, .box_h = 12, .ofs_x = 0, .ofs_y = 0},
    {.bitmap_index = 6148, .adv_w = 230, .box_w = 8, .box_h = 12, .ofs_x = 0, .ofs_y = 0},
    {.bitmap_index = 6196, .adv_w = 230, .box_w = 8, .box_h = 12, .ofs_x = 0, .ofs_y = 0},
    {.bitmap_index = 6244, .adv_w = 230, .box_w = 8, .box_h = 12, .ofs_x = 0, .ofs_y = 0},
    {.bitmap_index = 6292, .adv_w = 230, .box_w = 8, .box_h = 12, .ofs_x = 0, .ofs_y = 0},
    {.bitmap_index = 6340, .adv_w = 230, .box_w = 8, .box_h = 12, .ofs_x = 0, .ofs_y = 0},
    {.bitmap_index = 6388, .adv_w = 230, .box_w = 12, .box_h = 12, .ofs_x = 0, .ofs_y = 0},
    {.bitmap_index = 6460, .adv_w = 230, .box_w = 8, .box_h = 12, .ofs_x = 0, .ofs_y = 0},
    {.bitmap_index = 6508, .adv_w = 230, .box_w = 8, .box_h = 12, .ofs_x = 0, .ofs_y = 0},
    {.bitmap_index = 6556, .adv_w = 230, .box_w = 8, .box_h = 12, .ofs_x = 0, .ofs_y = 0},
    {.bitmap_index = 6604, .adv_w = 230, .box_w = 8, .box_h = 17, .ofs_x = 0, .ofs_y = 0},
    {.bitmap_index = 6672, .adv_w = 230, .box_w = 4, .box_h = 17, .ofs_x = 4, .ofs_y = 0},
    {.bitmap_index = 6706, .adv_w = 230, .box_w = 8, .box_h = 17, .ofs_x = 4, .ofs_y = 0},
    {.bitmap_index = 6774, .adv_w = 230, .box_w = 12, .box_h = 7, .ofs_x = 0, .ofs_y = 5},
    {.bitmap_index = 6816, .adv_w = 230, .box_w = 12, .box_h = 6, .ofs_x = 0, .ofs_y = 9},
    {.bitmap_index = 6852, .adv_w = 230, .box_w = 8, .box_h = 8, .ofs_x = 0, .ofs_y = 10},
    {.bitmap_index = 6884, .adv_w = 230, .box_w = 12, .box_h = 17, .ofs_x = 0, .ofs_y = 0},
    {.bitmap_index = 6986, .adv_w = 230, .box_w = 8, .box_h = 12, .ofs_x = 2, .ofs_y = 5},
    {.bitmap_index = 7034, .adv_w = 230, .box_w = 8, .box_h = 12, .ofs_x = 2, .ofs_y = 5},
    {.bitmap_index = 7082, .adv_w = 230, .box_w = 8, .box_h = 8, .ofs_x = 2, .ofs_y = 10},
    {.bitmap_index = 7114, .adv_w = 230, .box_w = 4, .box_h = 3, .ofs_x = 4, .ofs_y = 7},
    {.bitmap_index = 7120, .adv_w = 230, .box_w = 8, .box_h = 12, .ofs_x = 2, .ofs_y = 5},
    {.bitmap_index = 7168, .adv_w = 230, .box_w = 12, .box_h = 17, .ofs_x = 0, .ofs_y = 0},
    {.bitmap_index = 7270, .adv_w = 230, .box_w = 12, .box_h = 15, .ofs_x = 0, .ofs_y = 2},
    {.bitmap_index = 7360, .adv_w = 230, .box_w = 12, .box_h = 17, .ofs_x = 0, .ofs_y = 0},
    {.bitmap_index = 7462, .adv_w = 230, .box_w = 12, .box_h = 17, .ofs_x = 0, .ofs_y = 0},
    {.bitmap_index = 7564, .adv_w = 230, .box_w = 12, .box_h = 17, .ofs_x = 0, .ofs_y = 0},
    {.bitmap_index = 7666, .adv_w = 230, .box_w = 12, .box_h = 17, .ofs_x = 0, .ofs_y = 0},
    {.bitmap_index = 7768, .adv_w = 230, .box_w = 12, .box_h = 17, .ofs_x = 0, .ofs_y = 0},
    {.bitmap_index = 7870, .adv_w = 230, .box_w = 12, .box_h = 17, .ofs_x = 0, .ofs_y = 0},
    {.bitmap_index = 7972, .adv_w = 230, .box_w = 12, .box_h = 17, .ofs_x = 0, .ofs_y = 0},
    {.bitmap_index = 8074, .adv_w = 230, .box_w = 12, .box_h = 17, .ofs_x = 0, .ofs_y = 0},
    {.bitmap_index = 8176, .adv_w = 230, .box_w = 12, .box_h = 17, .ofs_x = 0, .ofs_y = 0},
    {.bitmap_index = 8278, .adv_w = 230, .box_w = 12, .box_h = 17, .ofs_x = 0, .ofs_y = 0},
    {.bitmap_index = 8380, .adv_w = 230, .box_w = 12, .box_h = 17, .ofs_x = 0, .ofs_y = 0},
    {.bitmap_index = 8482, .adv_w = 230, .box_w = 12, .box_h = 17, .ofs_x = 0, .ofs_y = 0},
    {.bitmap_index = 8584, .adv_w = 230, .box_w = 12, .box_h = 17, .ofs_x = 0, .ofs_y = 0},
    {.bitmap_index = 8686, .adv_w = 230, .box_w = 8, .box_h = 17, .ofs_x = 2, .ofs_y = 0},
    {.bitmap_index = 8754, .adv_w = 230, .box_w = 8, .box_h = 17, .ofs_x = 2, .ofs_y = 0},
    {.bitmap_index = 8822, .adv_w = 230, .box_w = 8, .box_h = 17, .ofs_x = 2, .ofs_y = 0},
    {.bitmap_index = 8890, .adv_w = 230, .box_w = 8, .box_h = 17, .ofs_x = 2, .ofs_y = 0},
    {.bitmap_index = 8958, .adv_w = 230, .box_w = 12, .box_h = 17, .ofs_x = 0, .ofs_y = 0},
    {.bitmap_index = 9060, .adv_w = 230, .box_w = 12, .box_h = 17, .ofs_x = 0, .ofs_y = 0},
    {.bitmap_index = 9162, .adv_w = 230, .box_w = 12, .box_h = 17, .ofs_x = 0, .ofs_y = 0},
    {.bitmap_index = 9264, .adv_w = 230, .box_w = 12, .box_h = 17, .ofs_x = 0, .ofs_y = 0},
    {.bitmap_index = 9366, .adv_w = 230, .box_w = 12, .box_h = 17, .ofs_x = 0, .ofs_y = 0},
    {.bitmap_index = 9468, .adv_w = 230, .box_w = 12, .box_h = 17, .ofs_x = 0, .ofs_y = 0},
    {.bitmap_index = 9570, .adv_w = 230, .box_w = 12, .box_h = 17, .ofs_x = 0, .ofs_y = 0},
    {.bitmap_index = 9672, .adv_w = 230, .box_w = 12, .box_h = 13, .ofs_x = 0, .ofs_y = 2},
    {.bitmap_index = 9750, .adv_w = 230, .box_w = 12, .box_h = 17, .ofs_x = 0, .ofs_y = 0},
    {.bitmap_index = 9852, .adv_w = 230, .box_w = 12, .box_h = 17, .ofs_x = 0, .ofs_y = 0},
    {.bitmap_index = 9954, .adv_w = 230, .box_w = 12, .box_h = 17, .ofs_x = 0, .ofs_y = 0},
    {.bitmap_index = 10056, .adv_w = 230, .box_w = 12, .box_h = 17, .ofs_x = 0, .ofs_y = 0},
    {.bitmap_index = 10158, .adv_w = 230, .box_w = 12, .box_h = 17, .ofs_x = 0, .ofs_y = 0},
    {.bitmap_index = 10260, .adv_w = 230, .box_w = 12, .box_h = 17, .ofs_x = 0, .ofs_y = 0},
    {.bitmap_index = 10362, .adv_w = 230, .box_w = 12, .box_h = 17, .ofs_x = 0, .ofs_y = 0},
    {.bitmap_index = 10464, .adv_w = 230, .box_w = 12, .box_h = 17, .ofs_x = 0, .ofs_y = 0},
    {.bitmap_index = 10566, .adv_w = 230, .box_w = 12, .box_h = 17, .ofs_x = 0, .ofs_y = 0},
    {.bitmap_index = 10668, .adv_w = 230, .box_w = 12, .box_h = 17, .ofs_x = 0, .ofs_y = 0},
    {.bitmap_index = 10770, .adv_w = 230, .box_w = 12, .box_h = 17, .ofs_x = 0, .ofs_y = 0},
    {.bitmap_index = 10872, .adv_w = 230, .box_w = 12, .box_h = 17, .ofs_x = 0, .ofs_y = 0},
    {.bitmap_index = 10974, .adv_w = 230, .box_w = 12, .box_h = 17, .ofs_x = 0, .ofs_y = 0},
    {.bitmap_index = 11076, .adv_w = 230, .box_w = 12, .box_h = 17, .ofs_x = 0, .ofs_y = 0},
    {.bitmap_index = 11178, .adv_w = 230, .box_w = 12, .box_h = 12, .ofs_x = 0, .ofs_y = 0},
    {.bitmap_index = 11250, .adv_w = 192, .box_w = 10, .box_h = 15, .ofs_x = 0, .ofs_y = 0},
    {.bitmap_index = 11325, .adv_w = 230, .box_w = 12, .box_h = 17, .ofs_x = 0, .ofs_y = 0},
    {.bitmap_index = 11427, .adv_w = 230, .box_w = 12, .box_h = 17, .ofs_x = 0, .ofs_y = 0},
    {.bitmap_index = 11529, .adv_w = 230, .box_w = 12, .box_h = 17, .ofs_x = 0, .ofs_y = 0},
    {.bitmap_index = 11631, .adv_w = 230, .box_w = 12, .box_h = 17, .ofs_x = 0, .ofs_y = 0},
    {.bitmap_index = 11733, .adv_w = 230, .box_w = 8, .box_h = 17, .ofs_x = 2, .ofs_y = 0},
    {.bitmap_index = 11801, .adv_w = 230, .box_w = 8, .box_h = 17, .ofs_x = 2, .ofs_y = 0},
    {.bitmap_index = 11869, .adv_w = 230, .box_w = 8, .box_h = 17, .ofs_x = 2, .ofs_y = 0},
    {.bitmap_index = 11937, .adv_w = 230, .box_w = 8, .box_h = 15, .ofs_x = 2, .ofs_y = 0},
    {.bitmap_index = 11997, .adv_w = 230, .box_w = 12, .box_h = 17, .ofs_x = 0, .ofs_y = 0},
    {.bitmap_index = 12099, .adv_w = 230, .box_w = 12, .box_h = 17, .ofs_x = 0, .ofs_y = 0},
    {.bitmap_index = 12201, .adv_w = 230, .box_w = 12, .box_h = 17, .ofs_x = 0, .ofs_y = 0},
    {.bitmap_index = 12303, .adv_w = 230, .box_w = 12, .box_h = 17, .ofs_x = 0, .ofs_y = 0},
    {.bitmap_index = 12405, .adv_w = 230, .box_w = 12, .box_h = 17, .ofs_x = 0, .ofs_y = 0},
    {.bitmap_index = 12507, .adv_w = 230, .box_w = 12, .box_h = 17, .ofs_x = 0, .ofs_y = 0},
    {.bitmap_index = 12609, .adv_w = 230, .box_w = 12, .box_h = 15, .ofs_x = 0, .ofs_y = 0},
    {.bitmap_index = 12699, .adv_w = 230, .box_w = 12, .box_h = 12, .ofs_x = 0, .ofs_y = 2},
    {.bitmap_index = 12771, .adv_w = 230, .box_w = 12, .box_h = 12, .ofs_x = 0, .ofs_y = 0},
    {.bitmap_index = 12843, .adv_w = 230, .box_w = 12, .box_h = 17, .ofs_x = 0, .ofs_y = 0},
    {.bitmap_index = 12945, .adv_w = 230, .box_w = 12, .box_h = 17, .ofs_x = 0, .ofs_y = 0},
    {.bitmap_index = 13047, .adv_w = 230, .box_w = 12, .box_h = 17, .ofs_x = 0, .ofs_y = 0},
    {.bitmap_index = 13149, .adv_w = 230, .box_w = 12, .box_h = 15, .ofs_x = 0, .ofs_y = 0},
    {.bitmap_index = 13239, .adv_w = 230, .box_w = 12, .box_h = 17, .ofs_x = 0, .ofs_y = 0},
    {.bitmap_index = 13341, .adv_w = 230, .box_w = 12, .box_h = 15, .ofs_x = 0, .ofs_y = 0},
    {.bitmap_index = 13431, .adv_w = 230, .box_w = 12, .box_h = 17, .ofs_x = 0, .ofs_y = 0},
    {.bitmap_index = 13533, .adv_w = 230, .box_w = 12, .box_h = 17, .ofs_x = 0, .ofs_y = 0},
    {.bitmap_index = 13635, .adv_w = 230, .box_w = 12, .box_h = 17, .ofs_x = 0, .ofs_y = 0},
    {.bitmap_index = 13737, .adv_w = 230, .box_w = 12, .box_h = 17, .ofs_x = 0, .ofs_y = 0},
    {.bitmap_index = 13839, .adv_w = 230, .box_w = 12, .box_h = 14, .ofs_x = 0, .ofs_y = 0},
    {.bitmap_index = 13923, .adv_w = 230, .box_w = 12, .box_h = 17, .ofs_x = 0, .ofs_y = 0},
    {.bitmap_index = 14025, .adv_w = 230, .box_w = 12, .box_h = 17, .ofs_x = 0, .ofs_y = 0},
    {.bitmap_index = 14127, .adv_w = 230, .box_w = 12, .box_h = 17, .ofs_x = 0, .ofs_y = 0},
    {.bitmap_index = 14229, .adv_w = 230, .box_w = 12, .box_h = 17, .ofs_x = 0, .ofs_y = 0},
    {.bitmap_index = 14331, .adv_w = 230, .box_w = 8, .box_h = 17, .ofs_x = 2, .ofs_y = 0},
    {.bitmap_index = 14399, .adv_w = 230, .box_w = 12, .box_h = 17, .ofs_x = 0, .ofs_y = 0},
    {.bitmap_index = 14501, .adv_w = 230, .box_w = 12, .box_h = 17, .ofs_x = 0, .ofs_y = 0},
    {.bitmap_index = 14603, .adv_w = 230, .box_w = 12, .box_h = 17, .ofs_x = 0, .ofs_y = 0},
    {.bitmap_index = 14705, .adv_w = 230, .box_w = 12, .box_h = 17, .ofs_x = 0, .ofs_y = 0},
    {.bitmap_index = 14807, .adv_w = 230, .box_w = 12, .box_h = 17, .ofs_x = 0, .ofs_y = 0},
    {.bitmap_index = 14909, .adv_w = 230, .box_w = 12, .box_h = 17, .ofs_x = 0, .ofs_y = 0},
    {.bitmap_index = 15011, .adv_w = 230, .box_w = 12, .box_h = 17, .ofs_x = 0, .ofs_y = 0},
    {.bitmap_index = 15113, .adv_w = 230, .box_w = 12, .box_h = 17, .ofs_x = 0, .ofs_y = 0},
    {.bitmap_index = 15215, .adv_w = 230, .box_w = 12, .box_h = 17, .ofs_x = 0, .ofs_y = 0},
    {.bitmap_index = 15317, .adv_w = 230, .box_w = 12, .box_h = 17, .ofs_x = 0, .ofs_y = 0},
    {.bitmap_index = 15419, .adv_w = 230, .box_w = 12, .box_h = 17, .ofs_x = 0, .ofs_y = 0},
    {.bitmap_index = 15521, .adv_w = 230, .box_w = 12, .box_h = 17, .ofs_x = 0, .ofs_y = 0},
    {.bitmap_index = 15623, .adv_w = 230, .box_w = 12, .box_h = 17, .ofs_x = 0, .ofs_y = 0},
    {.bitmap_index = 15725, .adv_w = 230, .box_w = 12, .box_h = 17, .ofs_x = 0, .ofs_y = 0},
    {.bitmap_index = 15827, .adv_w = 230, .box_w = 12, .box_h = 17, .ofs_x = 0, .ofs_y = 0},
    {.bitmap_index = 15929, .adv_w = 230, .box_w = 12, .box_h = 12, .ofs_x = 0, .ofs_y = 0},
    {.bitmap_index = 16001, .adv_w = 230, .box_w = 12, .box_h = 14, .ofs_x = 0, .ofs_y = 0},
    {.bitmap_index = 16085, .adv_w = 230, .box_w = 12, .box_h = 12, .ofs_x = 0, .ofs_y = 0},
    {.bitmap_index = 16157, .adv_w = 230, .box_w = 10, .box_h = 14, .ofs_x = 0, .ofs_y = 0},
    {.bitmap_index = 16227, .adv_w = 230, .box_w = 10, .box_h = 12, .ofs_x = 0, .ofs_y = 0},
    {.bitmap_index = 16287, .adv_w = 230, .box_w = 12, .box_h = 14, .ofs_x = 0, .ofs_y = 0},
    {.bitmap_index = 16371, .adv_w = 230, .box_w = 12, .box_h = 14, .ofs_x = 0, .ofs_y = 0},
    {.bitmap_index = 16455, .adv_w = 230, .box_w = 10, .box_h = 14, .ofs_x = 0, .ofs_y = 0},
    {.bitmap_index = 16525, .adv_w = 230, .box_w = 10, .box_h = 12, .ofs_x = 2, .ofs_y = 0},
    {.bitmap_index = 16585, .adv_w = 230, .box_w = 10, .box_h = 12, .ofs_x = 2, .ofs_y = 0},
    {.bitmap_index = 16645, .adv_w = 230, .box_w = 12, .box_h = 14, .ofs_x = 0, .ofs_y = 0},
    {.bitmap_index = 16729, .adv_w = 230, .box_w = 12, .box_h = 12, .ofs_x = 0, .ofs_y = 0},
    {.bitmap_index = 16801, .adv_w = 230, .box_w = 12, .box_h = 12, .ofs_x = 0, .ofs_y = 0},
    {.bitmap_index = 16873, .adv_w = 230, .box_w = 12, .box_h = 17, .ofs_x = 0, .ofs_y = 0},
    {.bitmap_index = 16975, .adv_w = 230, .box_w = 12, .box_h = 12, .ofs_x = 0, .ofs_y = 0},
    {.bitmap_index = 17047, .adv_w = 230, .box_w = 12, .box_h = 12, .ofs_x = 0, .ofs_y = 0},
    {.bitmap_index = 17119, .adv_w = 230, .box_w = 12, .box_h = 14, .ofs_x = 0, .ofs_y = 0},
    {.bitmap_index = 17203, .adv_w = 230, .box_w = 12, .box_h = 14, .ofs_x = 0, .ofs_y = 0},
    {.bitmap_index = 17287, .adv_w = 230, .box_w = 12, .box_h = 17, .ofs_x = 0, .ofs_y = 0},
    {.bitmap_index = 17389, .adv_w = 230, .box_w = 12, .box_h = 12, .ofs_x = 0, .ofs_y = 0},
    {.bitmap_index = 17461, .adv_w = 230, .box_w = 12, .box_h = 12, .ofs_x = 0, .ofs_y = 0},
    {.bitmap_index = 17533, .adv_w = 230, .box_w = 12, .box_h = 14, .ofs_x = 0, .ofs_y = 0},
    {.bitmap_index = 17617, .adv_w = 230, .box_w = 12, .box_h = 12, .ofs_x = 0, .ofs_y = 0},
    {.bitmap_index = 17689, .adv_w = 230, .box_w = 12, .box_h = 14, .ofs_x = 0, .ofs_y = 0},
    {.bitmap_index = 17773, .adv_w = 230, .box_w = 12, .box_h = 12, .ofs_x = 0, .ofs_y = 0},
    {.bitmap_index = 17845, .adv_w = 230, .box_w = 6, .box_h = 8, .ofs_x = 2, .ofs_y = 9},
    {.bitmap_index = 17869, .adv_w = 230, .box_w = 6, .box_h = 8, .ofs_x = 2, .ofs_y = 9},
    {.bitmap_index = 17893, .adv_w = 230, .box_w = 12, .box_h = 8, .ofs_x = 0, .ofs_y = 9},
    {.bitmap_index = 17941, .adv_w = 230, .box_w = 12, .box_h = 8, .ofs_x = 0, .ofs_y = 9},
    {.bitmap_index = 17989, .adv_w = 230, .box_w = 5, .box_h = 5, .ofs_x = 0, .ofs_y = 5},
    {.bitmap_index = 18002, .adv_w = 230, .box_w = 8, .box_h = 12, .ofs_x = 2, .ofs_y = 2},
    {.bitmap_index = 18050, .adv_w = 230, .box_w = 12, .box_h = 3, .ofs_x = 0, .ofs_y = 0},
    {.bitmap_index = 18068, .adv_w = 230, .box_w = 12, .box_h = 8, .ofs_x = 0, .ofs_y = 9},
    {.bitmap_index = 18116, .adv_w = 230, .box_w = 10, .box_h = 17, .ofs_x = 0, .ofs_y = 0},
    {.bitmap_index = 18201, .adv_w = 230, .box_w = 10, .box_h = 17, .ofs_x = 2, .ofs_y = 0},
    {.bitmap_index = 18286, .adv_w = 230, .box_w = 12, .box_h = 17, .ofs_x = 0, .ofs_y = 0},
    {.bitmap_index = 18388, .adv_w = 38, .box_w = 0, .box_h = 0, .ofs_x = 0, .ofs_y = 0},
    {.bitmap_index = 18388, .adv_w = 230, .box_w = 8, .box_h = 12, .ofs_x = 2, .ofs_y = 5},
    {.bitmap_index = 18436, .adv_w = 230, .box_w = 8, .box_h = 12, .ofs_x = 2, .ofs_y = 5},
    {.bitmap_index = 18484, .adv_w = 230, .box_w = 8, .box_h = 12, .ofs_x = 2, .ofs_y = 5},
    {.bitmap_index = 18532, .adv_w = 230, .box_w = 8, .box_h = 12, .ofs_x = 2, .ofs_y = 5},
    {.bitmap_index = 18580, .adv_w = 230, .box_w = 8, .box_h = 12, .ofs_x = 2, .ofs_y = 5},
    {.bitmap_index = 18628, .adv_w = 230, .box_w = 8, .box_h = 12, .ofs_x = 2, .ofs_y = 5},
    {.bitmap_index = 18676, .adv_w = 230, .box_w = 8, .box_h = 12, .ofs_x = 2, .ofs_y = 5},
    {.bitmap_index = 18724, .adv_w = 230, .box_w = 12, .box_h = 12, .ofs_x = 0, .ofs_y = 5},
    {.bitmap_index = 18796, .adv_w = 230, .box_w = 12, .box_h = 3, .ofs_x = 0, .ofs_y = 10},
    {.bitmap_index = 18814, .adv_w = 230, .box_w = 8, .box_h = 12, .ofs_x = 2, .ofs_y = 0},
    {.bitmap_index = 18862, .adv_w = 230, .box_w = 8, .box_h = 12, .ofs_x = 2, .ofs_y = 0},
    {.bitmap_index = 18910, .adv_w = 230, .box_w = 8, .box_h = 12, .ofs_x = 2, .ofs_y = 0},
    {.bitmap_index = 18958, .adv_w = 230, .box_w = 8, .box_h = 12, .ofs_x = 2, .ofs_y = 0},
    {.bitmap_index = 19006, .adv_w = 230, .box_w = 8, .box_h = 12, .ofs_x = 2, .ofs_y = 0},
    {.bitmap_index = 19054, .adv_w = 230, .box_w = 8, .box_h = 12, .ofs_x = 2, .ofs_y = 0},
    {.bitmap_index = 19102, .adv_w = 230, .box_w = 8, .box_h = 12, .ofs_x = 2, .ofs_y = 0},
    {.bitmap_index = 19150, .adv_w = 230, .box_w = 8, .box_h = 12, .ofs_x = 2, .ofs_y = 0},
    {.bitmap_index = 19198, .adv_w = 230, .box_w = 8, .box_h = 12, .ofs_x = 2, .ofs_y = 0},
    {.bitmap_index = 19246, .adv_w = 230, .box_w = 8, .box_h = 12, .ofs_x = 2, .ofs_y = 0},
    {.bitmap_index = 19294, .adv_w = 230, .box_w = 12, .box_h = 12, .ofs_x = 0, .ofs_y = 0},
    {.bitmap_index = 19366, .adv_w = 230, .box_w = 12, .box_h = 3, .ofs_x = 0, .ofs_y = 5},
    {.bitmap_index = 19384, .adv_w = 230, .box_w = 12, .box_h = 15, .ofs_x = 0, .ofs_y = 0},
    {.bitmap_index = 19474, .adv_w = 230, .box_w = 10, .box_h = 17, .ofs_x = 0, .ofs_y = 0},
    {.bitmap_index = 19559, .adv_w = 230, .box_w = 12, .box_h = 13, .ofs_x = 0, .ofs_y = 2},
    {.bitmap_index = 19637, .adv_w = 230, .box_w = 12, .box_h = 17, .ofs_x = 0, .ofs_y = 0},
    {.bitmap_index = 19739, .adv_w = 230, .box_w = 12, .box_h = 13, .ofs_x = 0, .ofs_y = 2},
    {.bitmap_index = 19817, .adv_w = 230, .box_w = 12, .box_h = 17, .ofs_x = 0, .ofs_y = 0},
    {.bitmap_index = 19919, .adv_w = 230, .box_w = 12, .box_h = 13, .ofs_x = 0, .ofs_y = 4},
    {.bitmap_index = 19997, .adv_w = 230, .box_w = 12, .box_h = 13, .ofs_x = 0, .ofs_y = 4},
    {.bitmap_index = 20075, .adv_w = 230, .box_w = 12, .box_h = 12, .ofs_x = 0, .ofs_y = 0},
    {.bitmap_index = 20147, .adv_w = 230, .box_w = 12, .box_h = 12, .ofs_x = 0, .ofs_y = 0},
    {.bitmap_index = 20219, .adv_w = 230, .box_w = 12, .box_h = 17, .ofs_x = 0, .ofs_y = 0},
    {.bitmap_index = 20321, .adv_w = 230, .box_w = 12, .box_h = 13, .ofs_x = 0, .ofs_y = 2},
    {.bitmap_index = 20399, .adv_w = 230, .box_w = 12, .box_h = 13, .ofs_x = 0, .ofs_y = 2},
    {.bitmap_index = 20477, .adv_w = 230, .box_w = 13, .box_h = 17, .ofs_x = 0, .ofs_y = 0},
    {.bitmap_index = 20588, .adv_w = 230, .box_w = 12, .box_h = 17, .ofs_x = 0, .ofs_y = 0},
    {.bitmap_index = 20690, .adv_w = 230, .box_w = 12, .box_h = 17, .ofs_x = 0, .ofs_y = 0},
    {.bitmap_index = 20792, .adv_w = 230, .box_w = 12, .box_h = 13, .ofs_x = 0, .ofs_y = 2},
    {.bitmap_index = 20870, .adv_w = 230, .box_w = 12, .box_h = 17, .ofs_x = 0, .ofs_y = 0},
    {.bitmap_index = 20972, .adv_w = 230, .box_w = 12, .box_h = 13, .ofs_x = 0, .ofs_y = 2},
    {.bitmap_index = 21050, .adv_w = 230, .box_w = 12, .box_h = 17, .ofs_x = 0, .ofs_y = 0},
    {.bitmap_index = 21152, .adv_w = 230, .box_w = 12, .box_h = 17, .ofs_x = 0, .ofs_y = 0},
    {.bitmap_index = 21254, .adv_w = 230, .box_w = 12, .box_h = 3, .ofs_x = 0, .ofs_y = 7},
    {.bitmap_index = 21272, .adv_w = 230, .box_w = 12, .box_h = 17, .ofs_x = 0, .ofs_y = 0},
    {.bitmap_index = 21374, .adv_w = 230, .box_w = 12, .box_h = 13, .ofs_x = 0, .ofs_y = 2},
    {.bitmap_index = 21452, .adv_w = 192, .box_w = 8, .box_h = 8, .ofs_x = 2, .ofs_y = 4},
    {.bitmap_index = 21484, .adv_w = 230, .box_w = 12, .box_h = 17, .ofs_x = 0, .ofs_y = 0},
    {.bitmap_index = 21586, .adv_w = 230, .box_w = 12, .box_h = 13, .ofs_x = 0, .ofs_y = 2},
    {.bitmap_index = 21664, .adv_w = 230, .box_w = 12, .box_h = 13, .ofs_x = 0, .ofs_y = 2},
    {.bitmap_index = 21742, .adv_w = 230, .box_w = 12, .box_h = 13, .ofs_x = 0, .ofs_y = 2},
    {.bitmap_index = 21820, .adv_w = 230, .box_w = 12, .box_h = 13, .ofs_x = 0, .ofs_y = 2},
    {.bitmap_index = 21898, .adv_w = 230, .box_w = 12, .box_h = 13, .ofs_x = 0, .ofs_y = 2},
    {.bitmap_index = 21976, .adv_w = 230, .box_w = 8, .box_h = 17, .ofs_x = 2, .ofs_y = 0},
    {.bitmap_index = 22044, .adv_w = 230, .box_w = 13, .box_h = 17, .ofs_x = 0, .ofs_y = 0},
    {.bitmap_index = 22155, .adv_w = 230, .box_w = 12, .box_h = 13, .ofs_x = 0, .ofs_y = 2},
    {.bitmap_index = 22233, .adv_w = 230, .box_w = 12, .box_h = 13, .ofs_x = 0, .ofs_y = 2},
    {.bitmap_index = 22311, .adv_w = 230, .box_w = 12, .box_h = 17, .ofs_x = 0, .ofs_y = 0},
    {.bitmap_index = 22413, .adv_w = 230, .box_w = 12, .box_h = 17, .ofs_x = 0, .ofs_y = 0},
    {.bitmap_index = 22515, .adv_w = 230, .box_w = 12, .box_h = 17, .ofs_x = 0, .ofs_y = 0},
    {.bitmap_index = 22617, .adv_w = 230, .box_w = 12, .box_h = 10, .ofs_x = 0, .ofs_y = 2},
    {.bitmap_index = 22677, .adv_w = 230, .box_w = 12, .box_h = 10, .ofs_x = 0, .ofs_y = 2},
    {.bitmap_index = 22737, .adv_w = 230, .box_w = 6, .box_h = 13, .ofs_x = 2, .ofs_y = 2},
    {.bitmap_index = 22776, .adv_w = 230, .box_w = 12, .box_h = 13, .ofs_x = 0, .ofs_y = 2},
    {.bitmap_index = 22854, .adv_w = 230, .box_w = 12, .box_h = 18, .ofs_x = 0, .ofs_y = 0},
    {.bitmap_index = 22962, .adv_w = 230, .box_w = 12, .box_h = 15, .ofs_x = 0, .ofs_y = 0},
    {.bitmap_index = 23052, .adv_w = 230, .box_w = 12, .box_h = 17, .ofs_x = 0, .ofs_y = 0},
    {.bitmap_index = 23154, .adv_w = 230, .box_w = 12, .box_h = 13, .ofs_x = 0, .ofs_y = 2},
    {.bitmap_index = 23232, .adv_w = 230, .box_w = 12, .box_h = 13, .ofs_x = 0, .ofs_y = 2},
    {.bitmap_index = 23310, .adv_w = 230, .box_w = 12, .box_h = 17, .ofs_x = 0, .ofs_y = 0},
    {.bitmap_index = 23412, .adv_w = 230, .box_w = 12, .box_h = 15, .ofs_x = 0, .ofs_y = 0},
    {.bitmap_index = 23502, .adv_w = 230, .box_w = 12, .box_h = 15, .ofs_x = 0, .ofs_y = 0},
    {.bitmap_index = 23592, .adv_w = 230, .box_w = 12, .box_h = 15, .ofs_x = 0, .ofs_y = 2},
    {.bitmap_index = 23682, .adv_w = 230, .box_w = 12, .box_h = 15, .ofs_x = 0, .ofs_y = 2},
    {.bitmap_index = 23772, .adv_w = 230, .box_w = 12, .box_h = 13, .ofs_x = 0, .ofs_y = 2},
    {.bitmap_index = 23850, .adv_w = 230, .box_w = 12, .box_h = 13, .ofs_x = 0, .ofs_y = 2},
    {.bitmap_index = 23928, .adv_w = 230, .box_w = 12, .box_h = 17, .ofs_x = 0, .ofs_y = 0},
    {.bitmap_index = 24030, .adv_w = 230, .box_w = 12, .box_h = 17, .ofs_x = 0, .ofs_y = 0},
    {.bitmap_index = 24132, .adv_w = 230, .box_w = 12, .box_h = 15, .ofs_x = 0, .ofs_y = 0},
    {.bitmap_index = 24222, .adv_w = 230, .box_w = 12, .box_h = 15, .ofs_x = 0, .ofs_y = 0},
    {.bitmap_index = 24312, .adv_w = 230, .box_w = 12, .box_h = 17, .ofs_x = 0, .ofs_y = 0},
    {.bitmap_index = 24414, .adv_w = 230, .box_w = 12, .box_h = 17, .ofs_x = 0, .ofs_y = 0},
    {.bitmap_index = 24516, .adv_w = 230, .box_w = 12, .box_h = 13, .ofs_x = 0, .ofs_y = 2},
    {.bitmap_index = 24594, .adv_w = 230, .box_w = 12, .box_h = 13, .ofs_x = 0, .ofs_y = 2},
    {.bitmap_index = 24672, .adv_w = 230, .box_w = 12, .box_h = 13, .ofs_x = 0, .ofs_y = 2},
    {.bitmap_index = 24750, .adv_w = 230, .box_w = 12, .box_h = 13, .ofs_x = 0, .ofs_y = 2},
    {.bitmap_index = 24828, .adv_w = 230, .box_w = 12, .box_h = 13, .ofs_x = 0, .ofs_y = 2},
    {.bitmap_index = 24906, .adv_w = 230, .box_w = 12, .box_h = 13, .ofs_x = 0, .ofs_y = 2},
    {.bitmap_index = 24984, .adv_w = 230, .box_w = 12, .box_h = 13, .ofs_x = 0, .ofs_y = 2},
    {.bitmap_index = 25062, .adv_w = 230, .box_w = 10, .box_h = 12, .ofs_x = 0, .ofs_y = 0},
    {.bitmap_index = 25122, .adv_w = 230, .box_w = 12, .box_h = 13, .ofs_x = 0, .ofs_y = 2},
    {.bitmap_index = 25200, .adv_w = 230, .box_w = 12, .box_h = 13, .ofs_x = 0, .ofs_y = 2},
    {.bitmap_index = 25278, .adv_w = 230, .box_w = 12, .box_h = 13, .ofs_x = 0, .ofs_y = 2},
    {.bitmap_index = 25356, .adv_w = 230, .box_w = 12, .box_h = 17, .ofs_x = 0, .ofs_y = 0},
    {.bitmap_index = 25458, .adv_w = 230, .box_w = 10, .box_h = 17, .ofs_x = 0, .ofs_y = 0},
    {.bitmap_index = 25543, .adv_w = 38, .box_w = 0, .box_h = 0, .ofs_x = 0, .ofs_y = 0},
    {.bitmap_index = 25543, .adv_w = 230, .box_w = 12, .box_h = 13, .ofs_x = 0, .ofs_y = 2},
    {.bitmap_index = 25621, .adv_w = 230, .box_w = 12, .box_h = 17, .ofs_x = 0, .ofs_y = 0},
    {.bitmap_index = 25723, .adv_w = 230, .box_w = 12, .box_h = 17, .ofs_x = 0, .ofs_y = 0},
    {.bitmap_index = 25825, .adv_w = 230, .box_w = 12, .box_h = 15, .ofs_x = 0, .ofs_y = 0},
    {.bitmap_index = 25915, .adv_w = 230, .box_w = 12, .box_h = 15, .ofs_x = 0, .ofs_y = 0},
    {.bitmap_index = 26005, .adv_w = 230, .box_w = 12, .box_h = 13, .ofs_x = 0, .ofs_y = 2},
    {.bitmap_index = 26083, .adv_w = 230, .box_w = 12, .box_h = 13, .ofs_x = 0, .ofs_y = 2},
    {.bitmap_index = 26161, .adv_w = 230, .box_w = 8, .box_h = 8, .ofs_x = 2, .ofs_y = 4},
    {.bitmap_index = 26193, .adv_w = 230, .box_w = 12, .box_h = 13, .ofs_x = 0, .ofs_y = 2},
    {.bitmap_index = 26271, .adv_w = 38, .box_w = 0, .box_h = 0, .ofs_x = 0, .ofs_y = 0},
    {.bitmap_index = 26271, .adv_w = 230, .box_w = 12, .box_h = 17, .ofs_x = 0, .ofs_y = 0},
    {.bitmap_index = 26373, .adv_w = 230, .box_w = 12, .box_h = 13, .ofs_x = 0, .ofs_y = 2}
};

/*---------------------
 *  CHARACTER MAPPING
 *--------------------*/

static const uint8_t glyph_id_ofs_list_1[] = {
    0, 0, 0, 0, 1, 2, 3, 4,
    5, 0, 0, 6, 0, 7, 8, 9
};

static const uint16_t unicode_list_6[] = {
    0x0, 0x1, 0x4, 0x5, 0xa, 0xb, 0xe, 0x20,
    0x21, 0x22, 0x23, 0x3d, 0x58, 0x5c, 0x5d, 0x5e,
    0x5f, 0x60, 0x61, 0x62, 0x63, 0x68, 0x69, 0x6a,
    0x6b, 0x6c, 0x6d, 0x6e, 0x6f, 0x70, 0x71, 0x72,
    0x73, 0x117, 0x121, 0x178, 0x179, 0x17a, 0x17b, 0x17e,
    0x17f, 0x180, 0x181, 0x1ba, 0x1bc, 0x1e8, 0x1ea, 0x1eb,
    0x1ed, 0x1f0, 0x1f1, 0x1f3, 0x1f4, 0x1f9, 0x1fa, 0x1fb,
    0x1fd, 0x1ff, 0x202, 0x205, 0x206, 0x207, 0x208, 0x209,
    0x20d, 0x20e, 0x20f, 0x210, 0x213, 0x214, 0x216, 0x21c,
    0x21d, 0x21e, 0x225, 0x22d, 0x230, 0x23a, 0x248, 0x249,
    0x24a, 0x24c, 0x24d, 0x252, 0x253, 0x26a, 0x26b, 0x26c,
    0x26d, 0x26e, 0x26f, 0x270, 0x271, 0x27d, 0x27e, 0x27f,
    0x280, 0x28d, 0x2aa, 0x2ab, 0x2e7, 0x588, 0x589, 0x59a,
    0x59e, 0x59f, 0x5a0, 0x5a4, 0x5a5, 0x5a8, 0x5ae, 0x5af,
    0x5b3, 0x5b7, 0x5c0, 0x5c1, 0x5ce, 0x934, 0xa8c
};

/*Collect the unicode lists and glyph_id offsets*/
static const lv_font_fmt_txt_cmap_t cmaps[] =
{
    {
        .range_start = 33, .range_length = 94, .glyph_id_start = 1,
        .unicode_list = NULL, .glyph_id_ofs_list = NULL, .list_length = 0, .type = LV_FONT_FMT_TXT_CMAP_FORMAT0_TINY
    },
    {
        .range_start = 172, .range_length = 16, .glyph_id_start = 95,
        .unicode_list = NULL, .glyph_id_ofs_list = glyph_id_ofs_list_1, .list_length = 16, .type = LV_FONT_FMT_TXT_CMAP_FORMAT0_FULL
    },
    {
        .range_start = 191, .range_length = 65, .glyph_id_start = 105,
        .unicode_list = NULL, .glyph_id_ofs_list = NULL, .list_length = 0, .type = LV_FONT_FMT_TXT_CMAP_FORMAT0_TINY
    },
    {
        .range_start = 913, .range_length = 17, .glyph_id_start = 170,
        .unicode_list = NULL, .glyph_id_ofs_list = NULL, .list_length = 0, .type = LV_FONT_FMT_TXT_CMAP_FORMAT0_TINY
    },
    {
        .range_start = 931, .range_length = 7, .glyph_id_start = 187,
        .unicode_list = NULL, .glyph_id_ofs_list = NULL, .list_length = 0, .type = LV_FONT_FMT_TXT_CMAP_FORMAT0_TINY
    },
    {
        .range_start = 945, .range_length = 25, .glyph_id_start = 194,
        .unicode_list = NULL, .glyph_id_ofs_list = NULL, .list_length = 0, .type = LV_FONT_FMT_TXT_CMAP_FORMAT0_TINY
    },
    {
        .range_start = 8216, .range_length = 2701, .glyph_id_start = 219,
        .unicode_list = unicode_list_6, .glyph_id_ofs_list = NULL, .list_length = 119, .type = LV_FONT_FMT_TXT_CMAP_SPARSE_TINY
    }
};



/*--------------------
 *  ALL CUSTOM DATA
 *--------------------*/

#if LVGL_VERSION_MAJOR == 8
/*Store all the custom data of the font*/
static  lv_font_fmt_txt_glyph_cache_t cache;
#endif

#if LVGL_VERSION_MAJOR >= 8
static const lv_font_fmt_txt_dsc_t font_dsc = {
#else
static lv_font_fmt_txt_dsc_t font_dsc = {
#endif
    .glyph_bitmap = glyph_bitmap,
    .glyph_dsc = glyph_dsc,
    .cmaps = cmaps,
    .kern_dsc = NULL,
    .kern_scale = 0,
    .cmap_num = 7,
    .bpp = 4,
    .kern_classes = 0,
    .bitmap_format = 0,
#if LVGL_VERSION_MAJOR == 8
    .cache = &cache
#endif
};



/*-----------------
 *  PUBLIC FONT
 *----------------*/

/*Initialize a public general font descriptor*/
#if LVGL_VERSION_MAJOR >= 8
const lv_font_t casio_math_12 = {
#else
lv_font_t casio_math_12 = {
#endif
    .get_glyph_dsc = lv_font_get_glyph_dsc_fmt_txt,    /*Function pointer to get glyph's data*/
    .get_glyph_bitmap = lv_font_get_bitmap_fmt_txt,    /*Function pointer to get glyph's bitmap*/
    .line_height = 18,          /*The maximum line height required by the font*/
    .base_line = 0,             /*Baseline measured from the bottom of the line*/
#if !(LVGL_VERSION_MAJOR == 6 && LVGL_VERSION_MINOR == 0)
    .subpx = LV_FONT_SUBPX_NONE,
#endif
#if LV_VERSION_CHECK(7, 4, 0) || LVGL_VERSION_MAJOR >= 8
    .underline_position = 1,
    .underline_thickness = 1,
#endif
    .dsc = &font_dsc,          /*The custom font data. Will be accessed by `get_glyph_bitmap/dsc` */
#if LV_VERSION_CHECK(8, 2, 0) || LVGL_VERSION_MAJOR >= 9
    .fallback = NULL,
#endif
    .user_data = NULL,
};



#endif /*#if CASIO_MATH_12*/

