/*
 * Generated font data derived from FontStruct CASIO-Calculator-Font Font Software.
 * Source: assets/fonts/casio-calculator-font.otf
 * FontStruct CASIO-Calculator-Font by TH3_C0N-MAN (https://fontstruct.com/fontstructions/show/1475969)
 * SPDX-License-Identifier: CC-BY-SA-3.0
 * Full licence: assets/fonts/LICENSES/CASIOCalculatorFont-CC-BY-SA-3.0.txt
 * Generator: lv_font_conv, invoked by scripts/generate_casio_math_font.sh
 * Regenerate: bash scripts/generate_casio_math_font.sh
 * DO NOT EDIT MANUALLY.
 */

/*******************************************************************************
 * Size: 18 px
 * Bpp: 4
 * Opts: --font assets/fonts/casio-calculator-font.otf --size 18 --bpp 4 --format lvgl --range 0x0021-0x007E,0x00B0-0x00FF,0x0391-0x03C9,0x2200-0x22FF,0x2A00-0x2AFF,0x2210-0x2213,0x222B-0x2233,0x2260-0x228B,0x2190-0x21FF,0x2000-0x206F,0x2070-0x209F,0x2100-0x214F,0x25A0-0x25FF,0x2900-0x297F --symbols ∂∞∫∬∮∑√∀∃∴∵⇒⇔¬∧∨∈∉⊂⊆∅≡≢⊄⊅⊇⊈→←↑↓↖↗↘↙≤≥≠±∓×⊗⊥∥∠≅≈≒≠≡≢αβγδεζηθικλμνξπρστυφχψωΑΒΓΔΕΖΗΘΙΚΛΜΝΞΠΡΣΤΥΦΧΨΩ∗□•… --no-compress -o src/fonts/casio_math_18.c
 ******************************************************************************/

#ifdef LV_LVGL_H_INCLUDE_SIMPLE
#include "lvgl.h"
#else
#include "lvgl.h"
#endif

#ifndef CASIO_MATH_18
#define CASIO_MATH_18 1
#endif

#if CASIO_MATH_18

/*-----------------
 *    BITMAPS
 *----------------*/

/*Store the image of the glyphs*/
static LV_ATTRIBUTE_LARGE_CONST const uint8_t glyph_bitmap[] = {
    /* U+0021 "!" */
    0xcf, 0xfc, 0xcf, 0xfc, 0xcf, 0xfc, 0xcf, 0xfc,
    0xcf, 0xfc, 0xcf, 0xfc, 0xcf, 0xfc, 0xcf, 0xfc,
    0xcf, 0xfc, 0xcf, 0xfc, 0xcf, 0xfc, 0xcf, 0xfc,
    0xcf, 0xfc, 0xcf, 0xfc, 0xcf, 0xfc, 0xcf, 0xfc,
    0xcf, 0xfc, 0xcf, 0xfc, 0x0, 0x0, 0x0, 0x0,
    0x0, 0x0, 0x79, 0x97, 0xcf, 0xfc, 0xcf, 0xfc,
    0xcf, 0xfc,

    /* U+0022 "\"" */
    0x6f, 0xff, 0x30, 0x3, 0xff, 0xf6, 0x6f, 0xff,
    0x30, 0x3, 0xff, 0xf6, 0x6f, 0xff, 0x30, 0x3,
    0xff, 0xf6, 0x6f, 0xff, 0x30, 0x3, 0xff, 0xf6,
    0x6f, 0xff, 0x30, 0x3, 0xff, 0xf6, 0x6f, 0xff,
    0x30, 0x3, 0xff, 0xf6, 0x6f, 0xff, 0x30, 0x3,
    0xff, 0xf6, 0x6f, 0xff, 0x30, 0x3, 0xff, 0xf6,
    0x6f, 0xff, 0x30, 0x3, 0xff, 0xf6, 0x6f, 0xff,
    0x30, 0x3, 0xff, 0xf6, 0x5c, 0xcc, 0x20, 0x2,
    0xcc, 0xc5,

    /* U+0023 "#" */
    0x0, 0x6, 0xff, 0xf3, 0x0, 0x3f, 0xff, 0x60,
    0x0, 0x0, 0x6, 0xff, 0xf3, 0x0, 0x3f, 0xff,
    0x60, 0x0, 0x0, 0x6, 0xff, 0xf3, 0x0, 0x3f,
    0xff, 0x60, 0x0, 0x0, 0x6, 0xff, 0xf3, 0x0,
    0x3f, 0xff, 0x60, 0x0, 0x0, 0x6, 0xff, 0xf3,
    0x0, 0x3f, 0xff, 0x60, 0x0, 0x0, 0x6, 0xff,
    0xf3, 0x0, 0x3f, 0xff, 0x60, 0x0, 0x0, 0x6,
    0xff, 0xf3, 0x0, 0x3f, 0xff, 0x60, 0x0, 0xff,
    0xff, 0xff, 0xff, 0xff, 0xff, 0xff, 0xff, 0xff,
    0xff, 0xff, 0xff, 0xff, 0xff, 0xff, 0xff, 0xff,
    0xff, 0xff, 0xff, 0xff, 0xff, 0xff, 0xff, 0xff,
    0xff, 0xff, 0x99, 0x9c, 0xff, 0xfa, 0x99, 0xaf,
    0xff, 0xc9, 0x99, 0x0, 0x6, 0xff, 0xf3, 0x0,
    0x3f, 0xff, 0x60, 0x0, 0x0, 0x6, 0xff, 0xf3,
    0x0, 0x3f, 0xff, 0x60, 0x0, 0x0, 0x6, 0xff,
    0xf3, 0x0, 0x3f, 0xff, 0x60, 0x0, 0xff, 0xff,
    0xff, 0xff, 0xff, 0xff, 0xff, 0xff, 0xff, 0xff,
    0xff, 0xff, 0xff, 0xff, 0xff, 0xff, 0xff, 0xff,
    0xff, 0xff, 0xff, 0xff, 0xff, 0xff, 0xff, 0xff,
    0xff, 0x99, 0x9c, 0xff, 0xfa, 0x99, 0xaf, 0xff,
    0xc9, 0x99, 0x0, 0x6, 0xff, 0xf3, 0x0, 0x3f,
    0xff, 0x60, 0x0, 0x0, 0x6, 0xff, 0xf3, 0x0,
    0x3f, 0xff, 0x60, 0x0, 0x0, 0x6, 0xff, 0xf3,
    0x0, 0x3f, 0xff, 0x60, 0x0, 0x0, 0x6, 0xff,
    0xf3, 0x0, 0x3f, 0xff, 0x60, 0x0, 0x0, 0x6,
    0xff, 0xf3, 0x0, 0x3f, 0xff, 0x60, 0x0, 0x0,
    0x6, 0xff, 0xf3, 0x0, 0x3f, 0xff, 0x60, 0x0,
    0x0, 0x6, 0xff, 0xf3, 0x0, 0x3f, 0xff, 0x60,
    0x0,

    /* U+0024 "$" */
    0x0, 0x0, 0x0, 0xc, 0xff, 0xc0, 0x0, 0x0,
    0x0, 0x0, 0x0, 0x0, 0xc, 0xff, 0xc0, 0x0,
    0x0, 0x0, 0x0, 0x0, 0x0, 0xc, 0xff, 0xc0,
    0x0, 0x0, 0x0, 0x0, 0x3, 0x99, 0x9e, 0xff,
    0xe9, 0x99, 0x99, 0x99, 0x0, 0x6, 0xff, 0xff,
    0xff, 0xff, 0xff, 0xff, 0xff, 0x0, 0x6, 0xff,
    0xff, 0xff, 0xff, 0xff, 0xff, 0xff, 0x0, 0x6,
    0xff, 0xff, 0xff, 0xff, 0xff, 0xff, 0xff, 0xff,
    0xf9, 0x0, 0xc, 0xff, 0xc0, 0x0, 0x0, 0x0,
    0xff, 0xf9, 0x0, 0xc, 0xff, 0xc0, 0x0, 0x0,
    0x0, 0xff, 0xf9, 0x0, 0xc, 0xff, 0xc0, 0x0,
    0x0, 0x0, 0x99, 0x99, 0x99, 0x9e, 0xff, 0xe9,
    0x99, 0x30, 0x0, 0x0, 0x6, 0xff, 0xff, 0xff,
    0xff, 0xff, 0x60, 0x0, 0x0, 0x6, 0xff, 0xff,
    0xff, 0xff, 0xff, 0x60, 0x0, 0x0, 0x6, 0xff,
    0xff, 0xff, 0xff, 0xff, 0x60, 0x0, 0x0, 0x0,
    0x0, 0xc, 0xff, 0xc0, 0x0, 0x9f, 0xff, 0x0,
    0x0, 0x0, 0xc, 0xff, 0xc0, 0x0, 0x9f, 0xff,
    0x0, 0x0, 0x0, 0xc, 0xff, 0xc0, 0x0, 0x9f,
    0xff, 0x0, 0x0, 0x0, 0xc, 0xff, 0xc0, 0x0,
    0x59, 0x99, 0xff, 0xff, 0xff, 0xff, 0xff, 0xff,
    0xff, 0x60, 0x0, 0xff, 0xff, 0xff, 0xff, 0xff,
    0xff, 0xff, 0x60, 0x0, 0xff, 0xff, 0xff, 0xff,
    0xff, 0xff, 0xff, 0x60, 0x0, 0x99, 0x99, 0x99,
    0x9e, 0xff, 0xe9, 0x99, 0x30, 0x0, 0x0, 0x0,
    0x0, 0xc, 0xff, 0xc0, 0x0, 0x0, 0x0, 0x0,
    0x0, 0x0, 0xc, 0xff, 0xc0, 0x0, 0x0, 0x0,
    0x0, 0x0, 0x0, 0xc, 0xff, 0xc0, 0x0, 0x0,
    0x0,

    /* U+0025 "%" */
    0xff, 0xff, 0xff, 0xf3, 0x0, 0x0, 0x0, 0x0,
    0x0, 0xff, 0xff, 0xff, 0xf3, 0x0, 0x0, 0x0,
    0x0, 0x0, 0xff, 0xff, 0xff, 0xf3, 0x0, 0x0,
    0x0, 0x0, 0x0, 0xff, 0xff, 0xff, 0xf3, 0x0,
    0x0, 0x0, 0x36, 0x66, 0xff, 0xff, 0xff, 0xf3,
    0x0, 0x0, 0x0, 0x9f, 0xff, 0xff, 0xff, 0xff,
    0xf3, 0x0, 0x0, 0x0, 0x9f, 0xff, 0xff, 0xff,
    0xff, 0xf3, 0x0, 0x0, 0x0, 0x9f, 0xff, 0x33,
    0x33, 0x33, 0x30, 0x0, 0x3f, 0xff, 0x83, 0x33,
    0x0, 0x0, 0x0, 0x0, 0x0, 0x3f, 0xff, 0x60,
    0x0, 0x0, 0x0, 0x0, 0x0, 0x0, 0x3f, 0xff,
    0x60, 0x0, 0x0, 0x0, 0x0, 0x7, 0x99, 0x99,
    0x99, 0x30, 0x0, 0x0, 0x0, 0x0, 0xc, 0xff,
    0xc0, 0x0, 0x0, 0x0, 0x0, 0x0, 0x0, 0xc,
    0xff, 0xc0, 0x0, 0x0, 0x0, 0x0, 0x0, 0x0,
    0xc, 0xff, 0xc0, 0x0, 0x0, 0x0, 0x0, 0x6,
    0xff, 0xf3, 0x0, 0x0, 0x0, 0x0, 0x0, 0x0,
    0x6, 0xff, 0xf3, 0x0, 0x0, 0x0, 0x0, 0x0,
    0x0, 0x6, 0xff, 0xf3, 0x0, 0x0, 0x0, 0x0,
    0x0, 0x33, 0x35, 0x99, 0x91, 0x0, 0x3, 0x33,
    0x33, 0x33, 0xff, 0xf9, 0x0, 0x0, 0x0, 0x3f,
    0xff, 0xff, 0xff, 0xff, 0xf9, 0x0, 0x0, 0x0,
    0x3f, 0xff, 0xff, 0xff, 0xff, 0xf9, 0x0, 0x0,
    0x0, 0x3f, 0xff, 0xff, 0xff, 0x66, 0x63, 0x0,
    0x0, 0x0, 0x3f, 0xff, 0xff, 0xff, 0x0, 0x0,
    0x0, 0x0, 0x0, 0x3f, 0xff, 0xff, 0xff, 0x0,
    0x0, 0x0, 0x0, 0x0, 0x3f, 0xff, 0xff, 0xff,
    0x0, 0x0, 0x0, 0x0, 0x0, 0x3f, 0xff, 0xff,
    0xff,

    /* U+0026 "&" */
    0x0, 0x6, 0xff, 0xff, 0xff, 0xc0, 0x0, 0x0,
    0x0, 0x0, 0x6, 0xff, 0xff, 0xff, 0xc0, 0x0,
    0x0, 0x0, 0x0, 0x6, 0xff, 0xff, 0xff, 0xc0,
    0x0, 0x0, 0x0, 0x99, 0x99, 0x99, 0x99, 0x99,
    0x99, 0x99, 0x30, 0x0, 0xff, 0xf9, 0x0, 0x0,
    0x0, 0x3f, 0xff, 0x60, 0x0, 0xff, 0xf9, 0x0,
    0x0, 0x0, 0x3f, 0xff, 0x60, 0x0, 0xff, 0xf9,
    0x0, 0x0, 0x0, 0x3f, 0xff, 0x60, 0x0, 0xff,
    0xf9, 0x0, 0xc, 0xff, 0xc0, 0x0, 0x0, 0x0,
    0xff, 0xf9, 0x0, 0xc, 0xff, 0xc0, 0x0, 0x0,
    0x0, 0xff, 0xf9, 0x0, 0xc, 0xff, 0xc0, 0x0,
    0x0, 0x0, 0x99, 0x99, 0x99, 0x99, 0x99, 0x70,
    0x0, 0x0, 0x0, 0x0, 0x6, 0xff, 0xf3, 0x0,
    0x0, 0x0, 0x0, 0x0, 0x0, 0x6, 0xff, 0xf3,
    0x0, 0x0, 0x0, 0x0, 0x0, 0x0, 0x6, 0xff,
    0xf3, 0x0, 0x0, 0x0, 0x0, 0x0, 0xff, 0xf9,
    0x0, 0xc, 0xff, 0xc0, 0x0, 0x9f, 0xff, 0xff,
    0xf9, 0x0, 0xc, 0xff, 0xc0, 0x0, 0x9f, 0xff,
    0xff, 0xf9, 0x0, 0xc, 0xff, 0xc0, 0x0, 0x9f,
    0xff, 0xff, 0xf9, 0x0, 0x7, 0x99, 0x70, 0x0,
    0x59, 0x99, 0xff, 0xf9, 0x0, 0x0, 0x0, 0x3f,
    0xff, 0x60, 0x0, 0xff, 0xf9, 0x0, 0x0, 0x0,
    0x3f, 0xff, 0x60, 0x0, 0xff, 0xf9, 0x0, 0x0,
    0x0, 0x3f, 0xff, 0x60, 0x0, 0x66, 0x67, 0x99,
    0x99, 0x99, 0x86, 0x66, 0x89, 0x99, 0x0, 0x6,
    0xff, 0xff, 0xff, 0xc0, 0x0, 0x9f, 0xff, 0x0,
    0x6, 0xff, 0xff, 0xff, 0xc0, 0x0, 0x9f, 0xff,
    0x0, 0x6, 0xff, 0xff, 0xff, 0xc0, 0x0, 0x9f,
    0xff,

    /* U+0027 "'" */
    0x6f, 0xff, 0xff, 0xfc, 0x6f, 0xff, 0xff, 0xfc,
    0x6f, 0xff, 0xff, 0xfc, 0x39, 0x99, 0xef, 0xfc,
    0x0, 0x0, 0xcf, 0xfc, 0x0, 0x0, 0xcf, 0xfc,
    0x0, 0x0, 0xcf, 0xfc, 0x6f, 0xff, 0x30, 0x0,
    0x6f, 0xff, 0x30, 0x0, 0x6f, 0xff, 0x30, 0x0,
    0x39, 0x99, 0x10, 0x0,

    /* U+0028 "(" */
    0x0, 0x0, 0x0, 0x3, 0xff, 0xf6, 0x0, 0x0,
    0x0, 0x3, 0xff, 0xf6, 0x0, 0x0, 0x0, 0x3,
    0xff, 0xf6, 0x0, 0x0, 0x79, 0x99, 0x99, 0x93,
    0x0, 0x0, 0xcf, 0xfc, 0x0, 0x0, 0x0, 0x0,
    0xcf, 0xfc, 0x0, 0x0, 0x0, 0x0, 0xcf, 0xfc,
    0x0, 0x0, 0x6f, 0xff, 0x30, 0x0, 0x0, 0x0,
    0x6f, 0xff, 0x30, 0x0, 0x0, 0x0, 0x6f, 0xff,
    0x30, 0x0, 0x0, 0x0, 0x6f, 0xff, 0x30, 0x0,
    0x0, 0x0, 0x6f, 0xff, 0x30, 0x0, 0x0, 0x0,
    0x6f, 0xff, 0x30, 0x0, 0x0, 0x0, 0x6f, 0xff,
    0x30, 0x0, 0x0, 0x0, 0x6f, 0xff, 0x30, 0x0,
    0x0, 0x0, 0x6f, 0xff, 0x30, 0x0, 0x0, 0x0,
    0x6f, 0xff, 0x30, 0x0, 0x0, 0x0, 0x5c, 0xcc,
    0x20, 0x0, 0x0, 0x0, 0x0, 0x0, 0xcf, 0xfc,
    0x0, 0x0, 0x0, 0x0, 0xcf, 0xfc, 0x0, 0x0,
    0x0, 0x0, 0xcf, 0xfc, 0x0, 0x0, 0x0, 0x0,
    0x56, 0x67, 0x99, 0x93, 0x0, 0x0, 0x0, 0x3,
    0xff, 0xf6, 0x0, 0x0, 0x0, 0x3, 0xff, 0xf6,
    0x0, 0x0, 0x0, 0x3, 0xff, 0xf6,

    /* U+0029 ")" */
    0x6f, 0xff, 0x30, 0x0, 0x0, 0x0, 0x6f, 0xff,
    0x30, 0x0, 0x0, 0x0, 0x6f, 0xff, 0x30, 0x0,
    0x0, 0x0, 0x39, 0x99, 0x99, 0x97, 0x0, 0x0,
    0x0, 0x0, 0xcf, 0xfc, 0x0, 0x0, 0x0, 0x0,
    0xcf, 0xfc, 0x0, 0x0, 0x0, 0x0, 0xcf, 0xfc,
    0x0, 0x0, 0x0, 0x0, 0x0, 0x3, 0xff, 0xf6,
    0x0, 0x0, 0x0, 0x3, 0xff, 0xf6, 0x0, 0x0,
    0x0, 0x3, 0xff, 0xf6, 0x0, 0x0, 0x0, 0x3,
    0xff, 0xf6, 0x0, 0x0, 0x0, 0x3, 0xff, 0xf6,
    0x0, 0x0, 0x0, 0x3, 0xff, 0xf6, 0x0, 0x0,
    0x0, 0x3, 0xff, 0xf6, 0x0, 0x0, 0x0, 0x3,
    0xff, 0xf6, 0x0, 0x0, 0x0, 0x3, 0xff, 0xf6,
    0x0, 0x0, 0x0, 0x3, 0xff, 0xf6, 0x0, 0x0,
    0x0, 0x2, 0xcc, 0xc5, 0x0, 0x0, 0xcf, 0xfc,
    0x0, 0x0, 0x0, 0x0, 0xcf, 0xfc, 0x0, 0x0,
    0x0, 0x0, 0xcf, 0xfc, 0x0, 0x0, 0x39, 0x99,
    0x76, 0x65, 0x0, 0x0, 0x6f, 0xff, 0x30, 0x0,
    0x0, 0x0, 0x6f, 0xff, 0x30, 0x0, 0x0, 0x0,
    0x6f, 0xff, 0x30, 0x0, 0x0, 0x0,

    /* U+002A "*" */
    0x0, 0x0, 0x0, 0x7, 0x99, 0x70, 0x0, 0x0,
    0x0, 0x0, 0x0, 0x0, 0xc, 0xff, 0xc0, 0x0,
    0x0, 0x0, 0x0, 0x0, 0x0, 0xc, 0xff, 0xc0,
    0x0, 0x0, 0x0, 0x0, 0x0, 0x0, 0xc, 0xff,
    0xc0, 0x0, 0x0, 0x0, 0xff, 0xf9, 0x0, 0xc,
    0xff, 0xc0, 0x0, 0x9f, 0xff, 0xff, 0xf9, 0x0,
    0xc, 0xff, 0xc0, 0x0, 0x9f, 0xff, 0xff, 0xf9,
    0x0, 0xc, 0xff, 0xc0, 0x0, 0x9f, 0xff, 0x99,
    0x96, 0x33, 0x3d, 0xff, 0xd3, 0x33, 0x69, 0x99,
    0x0, 0x6, 0xff, 0xff, 0xff, 0xff, 0xff, 0x60,
    0x0, 0x0, 0x6, 0xff, 0xff, 0xff, 0xff, 0xff,
    0x60, 0x0, 0x0, 0x6, 0xff, 0xff, 0xff, 0xff,
    0xff, 0x60, 0x0, 0x0, 0x6, 0xff, 0xff, 0xff,
    0xff, 0xff, 0x60, 0x0, 0x0, 0x6, 0xff, 0xff,
    0xff, 0xff, 0xff, 0x60, 0x0, 0x0, 0x6, 0xff,
    0xff, 0xff, 0xff, 0xff, 0x60, 0x0, 0x0, 0x6,
    0xff, 0xff, 0xff, 0xff, 0xff, 0x60, 0x0, 0xff,
    0xf9, 0x0, 0xc, 0xff, 0xc0, 0x0, 0x9f, 0xff,
    0xff, 0xf9, 0x0, 0xc, 0xff, 0xc0, 0x0, 0x9f,
    0xff, 0xff, 0xf9, 0x0, 0xc, 0xff, 0xc0, 0x0,
    0x9f, 0xff, 0x99, 0x95, 0x0, 0xc, 0xff, 0xc0,
    0x0, 0x59, 0x99, 0x0, 0x0, 0x0, 0xc, 0xff,
    0xc0, 0x0, 0x0, 0x0, 0x0, 0x0, 0x0, 0xc,
    0xff, 0xc0, 0x0, 0x0, 0x0, 0x0, 0x0, 0x0,
    0xc, 0xff, 0xc0, 0x0, 0x0, 0x0,

    /* U+002B "+" */
    0x0, 0x0, 0x0, 0xc, 0xff, 0xc0, 0x0, 0x0,
    0x0, 0x0, 0x0, 0x0, 0xc, 0xff, 0xc0, 0x0,
    0x0, 0x0, 0x0, 0x0, 0x0, 0xc, 0xff, 0xc0,
    0x0, 0x0, 0x0, 0x0, 0x0, 0x0, 0xc, 0xff,
    0xc0, 0x0, 0x0, 0x0, 0x0, 0x0, 0x0, 0xc,
    0xff, 0xc0, 0x0, 0x0, 0x0, 0x0, 0x0, 0x0,
    0xc, 0xff, 0xc0, 0x0, 0x0, 0x0, 0x0, 0x0,
    0x0, 0xc, 0xff, 0xc0, 0x0, 0x0, 0x0, 0xff,
    0xff, 0xff, 0xff, 0xff, 0xff, 0xff, 0xff, 0xff,
    0xff, 0xff, 0xff, 0xff, 0xff, 0xff, 0xff, 0xff,
    0xff, 0xff, 0xff, 0xff, 0xff, 0xff, 0xff, 0xff,
    0xff, 0xff, 0x99, 0x99, 0x99, 0x9e, 0xff, 0xe9,
    0x99, 0x99, 0x99, 0x0, 0x0, 0x0, 0xc, 0xff,
    0xc0, 0x0, 0x0, 0x0, 0x0, 0x0, 0x0, 0xc,
    0xff, 0xc0, 0x0, 0x0, 0x0, 0x0, 0x0, 0x0,
    0xc, 0xff, 0xc0, 0x0, 0x0, 0x0, 0x0, 0x0,
    0x0, 0xc, 0xff, 0xc0, 0x0, 0x0, 0x0, 0x0,
    0x0, 0x0, 0xc, 0xff, 0xc0, 0x0, 0x0, 0x0,
    0x0, 0x0, 0x0, 0xc, 0xff, 0xc0, 0x0, 0x0,
    0x0, 0x0, 0x0, 0x0, 0xc, 0xff, 0xc0, 0x0,
    0x0, 0x0,

    /* U+002C "," */
    0x6f, 0xff, 0xff, 0xfc, 0x6f, 0xff, 0xff, 0xfc,
    0x6f, 0xff, 0xff, 0xfc, 0x39, 0x99, 0xef, 0xfc,
    0x0, 0x0, 0xcf, 0xfc, 0x0, 0x0, 0xcf, 0xfc,
    0x0, 0x0, 0xcf, 0xfc, 0x39, 0x99, 0x76, 0x65,
    0x6f, 0xff, 0x30, 0x0, 0x6f, 0xff, 0x30, 0x0,
    0x6f, 0xff, 0x30, 0x0,

    /* U+002D "-" */
    0x99, 0x99, 0x99, 0x99, 0x99, 0x99, 0x99, 0x99,
    0x99, 0xff, 0xff, 0xff, 0xff, 0xff, 0xff, 0xff,
    0xff, 0xff, 0xff, 0xff, 0xff, 0xff, 0xff, 0xff,
    0xff, 0xff, 0xff, 0xff, 0xff, 0xff, 0xff, 0xff,
    0xff, 0xff, 0xff, 0xff,

    /* U+002E "." */
    0x13, 0x33, 0x33, 0x32, 0x6f, 0xff, 0xff, 0xfc,
    0x6f, 0xff, 0xff, 0xfc, 0x6f, 0xff, 0xff, 0xfc,
    0x6f, 0xff, 0xff, 0xfc, 0x6f, 0xff, 0xff, 0xfc,
    0x6f, 0xff, 0xff, 0xfc, 0x6f, 0xff, 0xff, 0xfc,

    /* U+002F "/" */
    0x0, 0x0, 0x0, 0x0, 0x0, 0x0, 0x0, 0x59,
    0x99, 0x0, 0x0, 0x0, 0x0, 0x0, 0x0, 0x0,
    0x9f, 0xff, 0x0, 0x0, 0x0, 0x0, 0x0, 0x0,
    0x0, 0x9f, 0xff, 0x0, 0x0, 0x0, 0x0, 0x0,
    0x0, 0x0, 0x9f, 0xff, 0x0, 0x0, 0x0, 0x0,
    0x0, 0x3f, 0xff, 0x60, 0x0, 0x0, 0x0, 0x0,
    0x0, 0x0, 0x3f, 0xff, 0x60, 0x0, 0x0, 0x0,
    0x0, 0x0, 0x0, 0x3f, 0xff, 0x60, 0x0, 0x0,
    0x0, 0x0, 0x7, 0x99, 0x99, 0x99, 0x30, 0x0,
    0x0, 0x0, 0x0, 0xc, 0xff, 0xc0, 0x0, 0x0,
    0x0, 0x0, 0x0, 0x0, 0xc, 0xff, 0xc0, 0x0,
    0x0, 0x0, 0x0, 0x0, 0x0, 0xc, 0xff, 0xc0,
    0x0, 0x0, 0x0, 0x0, 0x6, 0xff, 0xf3, 0x0,
    0x0, 0x0, 0x0, 0x0, 0x0, 0x6, 0xff, 0xf3,
    0x0, 0x0, 0x0, 0x0, 0x0, 0x0, 0x6, 0xff,
    0xf3, 0x0, 0x0, 0x0, 0x0, 0x0, 0x0, 0x3,
    0x99, 0x91, 0x0, 0x0, 0x0, 0x0, 0x0, 0xff,
    0xf9, 0x0, 0x0, 0x0, 0x0, 0x0, 0x0, 0x0,
    0xff, 0xf9, 0x0, 0x0, 0x0, 0x0, 0x0, 0x0,
    0x0, 0xff, 0xf9, 0x0, 0x0, 0x0, 0x0, 0x0,
    0x0, 0x0, 0x99, 0x95, 0x0, 0x0, 0x0, 0x0,
    0x0, 0x0, 0x0,

    /* U+0030 "0" */
    0x0, 0x6, 0xff, 0xff, 0xff, 0xff, 0xff, 0x60,
    0x0, 0x0, 0x6, 0xff, 0xff, 0xff, 0xff, 0xff,
    0x60, 0x0, 0x0, 0x6, 0xff, 0xff, 0xff, 0xff,
    0xff, 0x60, 0x0, 0xff, 0xfd, 0x99, 0x99, 0x99,
    0x99, 0x99, 0xdf, 0xff, 0xff, 0xf9, 0x0, 0x0,
    0x0, 0x0, 0x0, 0x9f, 0xff, 0xff, 0xf9, 0x0,
    0x0, 0x0, 0x0, 0x0, 0x9f, 0xff, 0xff, 0xf9,
    0x0, 0x0, 0x0, 0x0, 0x0, 0x9f, 0xff, 0xff,
    0xf9, 0x0, 0x0, 0x0, 0x3f, 0xff, 0xff, 0xff,
    0xff, 0xf9, 0x0, 0x0, 0x0, 0x3f, 0xff, 0xff,
    0xff, 0xff, 0xf9, 0x0, 0x0, 0x0, 0x3f, 0xff,
    0xff, 0xff, 0xff, 0xf9, 0x0, 0x7, 0x99, 0x99,
    0x99, 0xdf, 0xff, 0xff, 0xf9, 0x0, 0xc, 0xff,
    0xc0, 0x0, 0x9f, 0xff, 0xff, 0xf9, 0x0, 0xc,
    0xff, 0xc0, 0x0, 0x9f, 0xff, 0xff, 0xf9, 0x0,
    0xc, 0xff, 0xc0, 0x0, 0x9f, 0xff, 0xff, 0xff,
    0xff, 0xf3, 0x0, 0x0, 0x0, 0x9f, 0xff, 0xff,
    0xff, 0xff, 0xf3, 0x0, 0x0, 0x0, 0x9f, 0xff,
    0xff, 0xff, 0xff, 0xf3, 0x0, 0x0, 0x0, 0x9f,
    0xff, 0xff, 0xfd, 0x99, 0x91, 0x0, 0x0, 0x0,
    0x9f, 0xff, 0xff, 0xf9, 0x0, 0x0, 0x0, 0x0,
    0x0, 0x9f, 0xff, 0xff, 0xf9, 0x0, 0x0, 0x0,
    0x0, 0x0, 0x9f, 0xff, 0xff, 0xf9, 0x0, 0x0,
    0x0, 0x0, 0x0, 0x9f, 0xff, 0x0, 0x3, 0x99,
    0x99, 0x99, 0x99, 0x99, 0x30, 0x0, 0x0, 0x6,
    0xff, 0xff, 0xff, 0xff, 0xff, 0x60, 0x0, 0x0,
    0x6, 0xff, 0xff, 0xff, 0xff, 0xff, 0x60, 0x0,
    0x0, 0x6, 0xff, 0xff, 0xff, 0xff, 0xff, 0x60,
    0x0,

    /* U+0031 "1" */
    0x0, 0x0, 0xcf, 0xfc, 0x0, 0x0, 0x0, 0x0,
    0xcf, 0xfc, 0x0, 0x0, 0x0, 0x0, 0xcf, 0xfc,
    0x0, 0x0, 0x39, 0x99, 0xef, 0xfc, 0x0, 0x0,
    0x6f, 0xff, 0xff, 0xfc, 0x0, 0x0, 0x6f, 0xff,
    0xff, 0xfc, 0x0, 0x0, 0x6f, 0xff, 0xff, 0xfc,
    0x0, 0x0, 0x0, 0x0, 0xcf, 0xfc, 0x0, 0x0,
    0x0, 0x0, 0xcf, 0xfc, 0x0, 0x0, 0x0, 0x0,
    0xcf, 0xfc, 0x0, 0x0, 0x0, 0x0, 0xcf, 0xfc,
    0x0, 0x0, 0x0, 0x0, 0xcf, 0xfc, 0x0, 0x0,
    0x0, 0x0, 0xcf, 0xfc, 0x0, 0x0, 0x0, 0x0,
    0xcf, 0xfc, 0x0, 0x0, 0x0, 0x0, 0xcf, 0xfc,
    0x0, 0x0, 0x0, 0x0, 0xcf, 0xfc, 0x0, 0x0,
    0x0, 0x0, 0xcf, 0xfc, 0x0, 0x0, 0x0, 0x0,
    0xcf, 0xfc, 0x0, 0x0, 0x0, 0x0, 0xcf, 0xfc,
    0x0, 0x0, 0x0, 0x0, 0xcf, 0xfc, 0x0, 0x0,
    0x0, 0x0, 0xcf, 0xfc, 0x0, 0x0, 0x39, 0x99,
    0xef, 0xfe, 0x99, 0x93, 0x6f, 0xff, 0xff, 0xff,
    0xff, 0xf6, 0x6f, 0xff, 0xff, 0xff, 0xff, 0xf6,
    0x6f, 0xff, 0xff, 0xff, 0xff, 0xf6,

    /* U+0032 "2" */
    0x0, 0x6, 0xff, 0xff, 0xff, 0xff, 0xff, 0x60,
    0x0, 0x0, 0x6, 0xff, 0xff, 0xff, 0xff, 0xff,
    0x60, 0x0, 0x0, 0x6, 0xff, 0xff, 0xff, 0xff,
    0xff, 0x60, 0x0, 0xff, 0xfd, 0x99, 0x99, 0x99,
    0x99, 0x99, 0xdf, 0xff, 0xff, 0xf9, 0x0, 0x0,
    0x0, 0x0, 0x0, 0x9f, 0xff, 0xff, 0xf9, 0x0,
    0x0, 0x0, 0x0, 0x0, 0x9f, 0xff, 0x99, 0x95,
    0x0, 0x0, 0x0, 0x0, 0x0, 0x9f, 0xff, 0x0,
    0x0, 0x0, 0x0, 0x0, 0x0, 0x0, 0x9f, 0xff,
    0x0, 0x0, 0x0, 0x0, 0x0, 0x0, 0x0, 0x9f,
    0xff, 0x0, 0x0, 0x0, 0x0, 0x0, 0x0, 0x0,
    0x9f, 0xff, 0x0, 0x0, 0x0, 0x0, 0x0, 0x19,
    0x99, 0x53, 0x33, 0x0, 0x0, 0x0, 0x0, 0x0,
    0x3f, 0xff, 0x60, 0x0, 0x0, 0x0, 0x0, 0x0,
    0x0, 0x3f, 0xff, 0x60, 0x0, 0x0, 0x0, 0x0,
    0x0, 0x0, 0x3f, 0xff, 0x60, 0x0, 0x0, 0x0,
    0x0, 0xc, 0xff, 0xc0, 0x0, 0x0, 0x0, 0x0,
    0x0, 0x0, 0xc, 0xff, 0xc0, 0x0, 0x0, 0x0,
    0x0, 0x0, 0x0, 0xc, 0xff, 0xc0, 0x0, 0x0,
    0x0, 0x0, 0x2, 0x66, 0x68, 0x99, 0x70, 0x0,
    0x0, 0x0, 0x0, 0x6, 0xff, 0xf3, 0x0, 0x0,
    0x0, 0x0, 0x0, 0x0, 0x6, 0xff, 0xf3, 0x0,
    0x0, 0x0, 0x0, 0x0, 0x0, 0x6, 0xff, 0xf3,
    0x0, 0x0, 0x0, 0x0, 0x0, 0x99, 0x9c, 0xff,
    0xfa, 0x99, 0x99, 0x99, 0x99, 0x99, 0xff, 0xff,
    0xff, 0xff, 0xff, 0xff, 0xff, 0xff, 0xff, 0xff,
    0xff, 0xff, 0xff, 0xff, 0xff, 0xff, 0xff, 0xff,
    0xff, 0xff, 0xff, 0xff, 0xff, 0xff, 0xff, 0xff,
    0xff,

    /* U+0033 "3" */
    0xff, 0xff, 0xff, 0xff, 0xff, 0xff, 0xff, 0xff,
    0xff, 0xff, 0xff, 0xff, 0xff, 0xff, 0xff, 0xff,
    0xff, 0xff, 0xff, 0xff, 0xff, 0xff, 0xff, 0xff,
    0xff, 0xff, 0xff, 0x99, 0x99, 0x99, 0x99, 0x99,
    0xbf, 0xff, 0xc9, 0x99, 0x0, 0x0, 0x0, 0x0,
    0x0, 0x3f, 0xff, 0x60, 0x0, 0x0, 0x0, 0x0,
    0x0, 0x0, 0x3f, 0xff, 0x60, 0x0, 0x0, 0x0,
    0x0, 0x0, 0x0, 0x3f, 0xff, 0x60, 0x0, 0x0,
    0x0, 0x0, 0xc, 0xff, 0xc0, 0x0, 0x0, 0x0,
    0x0, 0x0, 0x0, 0xc, 0xff, 0xc0, 0x0, 0x0,
    0x0, 0x0, 0x0, 0x0, 0xc, 0xff, 0xc0, 0x0,
    0x0, 0x0, 0x0, 0x0, 0x0, 0x7, 0x99, 0x99,
    0x99, 0x30, 0x0, 0x0, 0x0, 0x0, 0x0, 0x0,
    0x3f, 0xff, 0x60, 0x0, 0x0, 0x0, 0x0, 0x0,
    0x0, 0x3f, 0xff, 0x60, 0x0, 0x0, 0x0, 0x0,
    0x0, 0x0, 0x3f, 0xff, 0x60, 0x0, 0x0, 0x0,
    0x0, 0x0, 0x0, 0x0, 0x0, 0x7c, 0xcc, 0x0,
    0x0, 0x0, 0x0, 0x0, 0x0, 0x0, 0x9f, 0xff,
    0x0, 0x0, 0x0, 0x0, 0x0, 0x0, 0x0, 0x9f,
    0xff, 0x0, 0x0, 0x0, 0x0, 0x0, 0x0, 0x0,
    0x9f, 0xff, 0xff, 0xf9, 0x0, 0x0, 0x0, 0x0,
    0x0, 0x9f, 0xff, 0xff, 0xf9, 0x0, 0x0, 0x0,
    0x0, 0x0, 0x9f, 0xff, 0xff, 0xf9, 0x0, 0x0,
    0x0, 0x0, 0x0, 0x9f, 0xff, 0x66, 0x67, 0x99,
    0x99, 0x99, 0x99, 0x99, 0x76, 0x66, 0x0, 0x6,
    0xff, 0xff, 0xff, 0xff, 0xff, 0x60, 0x0, 0x0,
    0x6, 0xff, 0xff, 0xff, 0xff, 0xff, 0x60, 0x0,
    0x0, 0x6, 0xff, 0xff, 0xff, 0xff, 0xff, 0x60,
    0x0,

    /* U+0034 "4" */
    0x0, 0x0, 0x0, 0x0, 0x0, 0x3f, 0xff, 0x60,
    0x0, 0x0, 0x0, 0x0, 0x0, 0x0, 0x3f, 0xff,
    0x60, 0x0, 0x0, 0x0, 0x0, 0x0, 0x0, 0x3f,
    0xff, 0x60, 0x0, 0x0, 0x0, 0x0, 0x7, 0x99,
    0xaf, 0xff, 0x60, 0x0, 0x0, 0x0, 0x0, 0xc,
    0xff, 0xff, 0xff, 0x60, 0x0, 0x0, 0x0, 0x0,
    0xc, 0xff, 0xff, 0xff, 0x60, 0x0, 0x0, 0x0,
    0x0, 0xc, 0xff, 0xff, 0xff, 0x60, 0x0, 0x0,
    0x6, 0xff, 0xf3, 0x0, 0x3f, 0xff, 0x60, 0x0,
    0x0, 0x6, 0xff, 0xf3, 0x0, 0x3f, 0xff, 0x60,
    0x0, 0x0, 0x6, 0xff, 0xf3, 0x0, 0x3f, 0xff,
    0x60, 0x0, 0x66, 0x67, 0x99, 0x91, 0x0, 0x3f,
    0xff, 0x60, 0x0, 0xff, 0xf9, 0x0, 0x0, 0x0,
    0x3f, 0xff, 0x60, 0x0, 0xff, 0xf9, 0x0, 0x0,
    0x0, 0x3f, 0xff, 0x60, 0x0, 0xff, 0xf9, 0x0,
    0x0, 0x0, 0x3f, 0xff, 0x60, 0x0, 0xff, 0xff,
    0xff, 0xff, 0xff, 0xff, 0xff, 0xff, 0xff, 0xff,
    0xff, 0xff, 0xff, 0xff, 0xff, 0xff, 0xff, 0xff,
    0xff, 0xff, 0xff, 0xff, 0xff, 0xff, 0xff, 0xff,
    0xff, 0x99, 0x99, 0x99, 0x99, 0x99, 0xaf, 0xff,
    0xc9, 0x99, 0x0, 0x0, 0x0, 0x0, 0x0, 0x3f,
    0xff, 0x60, 0x0, 0x0, 0x0, 0x0, 0x0, 0x0,
    0x3f, 0xff, 0x60, 0x0, 0x0, 0x0, 0x0, 0x0,
    0x0, 0x3f, 0xff, 0x60, 0x0, 0x0, 0x0, 0x0,
    0x0, 0x0, 0x3f, 0xff, 0x60, 0x0, 0x0, 0x0,
    0x0, 0x0, 0x0, 0x3f, 0xff, 0x60, 0x0, 0x0,
    0x0, 0x0, 0x0, 0x0, 0x3f, 0xff, 0x60, 0x0,
    0x0, 0x0, 0x0, 0x0, 0x0, 0x3f, 0xff, 0x60,
    0x0,

    /* U+0035 "5" */
    0xff, 0xff, 0xff, 0xff, 0xff, 0xff, 0xff, 0xff,
    0xff, 0xff, 0xff, 0xff, 0xff, 0xff, 0xff, 0xff,
    0xff, 0xff, 0xff, 0xff, 0xff, 0xff, 0xff, 0xff,
    0xff, 0xff, 0xff, 0xff, 0xfd, 0x99, 0x99, 0x99,
    0x99, 0x99, 0x99, 0x99, 0xff, 0xf9, 0x0, 0x0,
    0x0, 0x0, 0x0, 0x0, 0x0, 0xff, 0xf9, 0x0,
    0x0, 0x0, 0x0, 0x0, 0x0, 0x0, 0xff, 0xf9,
    0x0, 0x0, 0x0, 0x0, 0x0, 0x0, 0x0, 0xff,
    0xff, 0xff, 0xff, 0xff, 0xff, 0xff, 0x60, 0x0,
    0xff, 0xff, 0xff, 0xff, 0xff, 0xff, 0xff, 0x60,
    0x0, 0xff, 0xff, 0xff, 0xff, 0xff, 0xff, 0xff,
    0x60, 0x0, 0x99, 0x99, 0x99, 0x99, 0x99, 0x99,
    0x99, 0x76, 0x66, 0x0, 0x0, 0x0, 0x0, 0x0,
    0x0, 0x0, 0x9f, 0xff, 0x0, 0x0, 0x0, 0x0,
    0x0, 0x0, 0x0, 0x9f, 0xff, 0x0, 0x0, 0x0,
    0x0, 0x0, 0x0, 0x0, 0x9f, 0xff, 0x0, 0x0,
    0x0, 0x0, 0x0, 0x0, 0x0, 0x9f, 0xff, 0x0,
    0x0, 0x0, 0x0, 0x0, 0x0, 0x0, 0x9f, 0xff,
    0x0, 0x0, 0x0, 0x0, 0x0, 0x0, 0x0, 0x9f,
    0xff, 0x0, 0x0, 0x0, 0x0, 0x0, 0x0, 0x0,
    0x9f, 0xff, 0xff, 0xf9, 0x0, 0x0, 0x0, 0x0,
    0x0, 0x9f, 0xff, 0xff, 0xf9, 0x0, 0x0, 0x0,
    0x0, 0x0, 0x9f, 0xff, 0xff, 0xf9, 0x0, 0x0,
    0x0, 0x0, 0x0, 0x9f, 0xff, 0x66, 0x67, 0x99,
    0x99, 0x99, 0x99, 0x99, 0x76, 0x66, 0x0, 0x6,
    0xff, 0xff, 0xff, 0xff, 0xff, 0x60, 0x0, 0x0,
    0x6, 0xff, 0xff, 0xff, 0xff, 0xff, 0x60, 0x0,
    0x0, 0x6, 0xff, 0xff, 0xff, 0xff, 0xff, 0x60,
    0x0,

    /* U+0036 "6" */
    0x0, 0x0, 0x0, 0xc, 0xff, 0xff, 0xff, 0x60,
    0x0, 0x0, 0x0, 0x0, 0xc, 0xff, 0xff, 0xff,
    0x60, 0x0, 0x0, 0x0, 0x0, 0xc, 0xff, 0xff,
    0xff, 0x60, 0x0, 0x0, 0x3, 0x99, 0x99, 0x99,
    0x99, 0x99, 0x30, 0x0, 0x0, 0x6, 0xff, 0xf3,
    0x0, 0x0, 0x0, 0x0, 0x0, 0x0, 0x6, 0xff,
    0xf3, 0x0, 0x0, 0x0, 0x0, 0x0, 0x0, 0x6,
    0xff, 0xf3, 0x0, 0x0, 0x0, 0x0, 0x0, 0xff,
    0xf9, 0x0, 0x0, 0x0, 0x0, 0x0, 0x0, 0x0,
    0xff, 0xf9, 0x0, 0x0, 0x0, 0x0, 0x0, 0x0,
    0x0, 0xff, 0xf9, 0x0, 0x0, 0x0, 0x0, 0x0,
    0x0, 0x0, 0xff, 0xfd, 0x99, 0x99, 0x99, 0x99,
    0x99, 0x30, 0x0, 0xff, 0xff, 0xff, 0xff, 0xff,
    0xff, 0xff, 0x60, 0x0, 0xff, 0xff, 0xff, 0xff,
    0xff, 0xff, 0xff, 0x60, 0x0, 0xff, 0xff, 0xff,
    0xff, 0xff, 0xff, 0xff, 0x60, 0x0, 0xff, 0xf9,
    0x0, 0x0, 0x0, 0x0, 0x0, 0x7c, 0xcc, 0xff,
    0xf9, 0x0, 0x0, 0x0, 0x0, 0x0, 0x9f, 0xff,
    0xff, 0xf9, 0x0, 0x0, 0x0, 0x0, 0x0, 0x9f,
    0xff, 0xff, 0xf9, 0x0, 0x0, 0x0, 0x0, 0x0,
    0x9f, 0xff, 0xff, 0xf9, 0x0, 0x0, 0x0, 0x0,
    0x0, 0x9f, 0xff, 0xff, 0xf9, 0x0, 0x0, 0x0,
    0x0, 0x0, 0x9f, 0xff, 0xff, 0xf9, 0x0, 0x0,
    0x0, 0x0, 0x0, 0x9f, 0xff, 0x66, 0x67, 0x99,
    0x99, 0x99, 0x99, 0x99, 0x76, 0x66, 0x0, 0x6,
    0xff, 0xff, 0xff, 0xff, 0xff, 0x60, 0x0, 0x0,
    0x6, 0xff, 0xff, 0xff, 0xff, 0xff, 0x60, 0x0,
    0x0, 0x6, 0xff, 0xff, 0xff, 0xff, 0xff, 0x60,
    0x0,

    /* U+0037 "7" */
    0xff, 0xff, 0xff, 0xff, 0xff, 0xff, 0xff, 0xff,
    0xff, 0xff, 0xff, 0xff, 0xff, 0xff, 0xff, 0xff,
    0xff, 0xff, 0xff, 0xff, 0xff, 0xff, 0xff, 0xff,
    0xff, 0xff, 0xff, 0x99, 0x99, 0x99, 0x99, 0x99,
    0x99, 0x99, 0xdf, 0xff, 0x0, 0x0, 0x0, 0x0,
    0x0, 0x0, 0x0, 0x9f, 0xff, 0x0, 0x0, 0x0,
    0x0, 0x0, 0x0, 0x0, 0x9f, 0xff, 0x0, 0x0,
    0x0, 0x0, 0x0, 0x0, 0x0, 0x9f, 0xff, 0x0,
    0x0, 0x0, 0x0, 0x0, 0x3f, 0xff, 0x60, 0x0,
    0x0, 0x0, 0x0, 0x0, 0x0, 0x3f, 0xff, 0x60,
    0x0, 0x0, 0x0, 0x0, 0x0, 0x0, 0x3f, 0xff,
    0x60, 0x0, 0x0, 0x0, 0x0, 0x5, 0x66, 0x79,
    0x99, 0x30, 0x0, 0x0, 0x0, 0x0, 0xc, 0xff,
    0xc0, 0x0, 0x0, 0x0, 0x0, 0x0, 0x0, 0xc,
    0xff, 0xc0, 0x0, 0x0, 0x0, 0x0, 0x0, 0x0,
    0xc, 0xff, 0xc0, 0x0, 0x0, 0x0, 0x0, 0x0,
    0x0, 0xc, 0xff, 0xc0, 0x0, 0x0, 0x0, 0x0,
    0x0, 0x0, 0xc, 0xff, 0xc0, 0x0, 0x0, 0x0,
    0x0, 0x0, 0x0, 0xc, 0xff, 0xc0, 0x0, 0x0,
    0x0, 0x0, 0x0, 0x0, 0xc, 0xff, 0xc0, 0x0,
    0x0, 0x0, 0x0, 0x0, 0x0, 0xc, 0xff, 0xc0,
    0x0, 0x0, 0x0, 0x0, 0x0, 0x0, 0xc, 0xff,
    0xc0, 0x0, 0x0, 0x0, 0x0, 0x0, 0x0, 0xc,
    0xff, 0xc0, 0x0, 0x0, 0x0, 0x0, 0x0, 0x0,
    0xc, 0xff, 0xc0, 0x0, 0x0, 0x0, 0x0, 0x0,
    0x0, 0xc, 0xff, 0xc0, 0x0, 0x0, 0x0, 0x0,
    0x0, 0x0, 0xc, 0xff, 0xc0, 0x0, 0x0, 0x0,
    0x0, 0x0, 0x0, 0xc, 0xff, 0xc0, 0x0, 0x0,
    0x0,

    /* U+0038 "8" */
    0x0, 0x6, 0xff, 0xff, 0xff, 0xff, 0xff, 0x60,
    0x0, 0x0, 0x6, 0xff, 0xff, 0xff, 0xff, 0xff,
    0x60, 0x0, 0x0, 0x6, 0xff, 0xff, 0xff, 0xff,
    0xff, 0x60, 0x0, 0xff, 0xfd, 0x99, 0x99, 0x99,
    0x99, 0x99, 0xdf, 0xff, 0xff, 0xf9, 0x0, 0x0,
    0x0, 0x0, 0x0, 0x9f, 0xff, 0xff, 0xf9, 0x0,
    0x0, 0x0, 0x0, 0x0, 0x9f, 0xff, 0xff, 0xf9,
    0x0, 0x0, 0x0, 0x0, 0x0, 0x9f, 0xff, 0xff,
    0xf9, 0x0, 0x0, 0x0, 0x0, 0x0, 0x9f, 0xff,
    0xff, 0xf9, 0x0, 0x0, 0x0, 0x0, 0x0, 0x9f,
    0xff, 0xff, 0xf9, 0x0, 0x0, 0x0, 0x0, 0x0,
    0x9f, 0xff, 0x33, 0x35, 0x99, 0x99, 0x99, 0x99,
    0x99, 0x53, 0x33, 0x0, 0x6, 0xff, 0xff, 0xff,
    0xff, 0xff, 0x60, 0x0, 0x0, 0x6, 0xff, 0xff,
    0xff, 0xff, 0xff, 0x60, 0x0, 0x0, 0x6, 0xff,
    0xff, 0xff, 0xff, 0xff, 0x60, 0x0, 0xff, 0xf9,
    0x0, 0x0, 0x0, 0x0, 0x0, 0x9f, 0xff, 0xff,
    0xf9, 0x0, 0x0, 0x0, 0x0, 0x0, 0x9f, 0xff,
    0xff, 0xf9, 0x0, 0x0, 0x0, 0x0, 0x0, 0x9f,
    0xff, 0xff, 0xf9, 0x0, 0x0, 0x0, 0x0, 0x0,
    0x9f, 0xff, 0xff, 0xf9, 0x0, 0x0, 0x0, 0x0,
    0x0, 0x9f, 0xff, 0xff, 0xf9, 0x0, 0x0, 0x0,
    0x0, 0x0, 0x9f, 0xff, 0xff, 0xf9, 0x0, 0x0,
    0x0, 0x0, 0x0, 0x9f, 0xff, 0x33, 0x35, 0x99,
    0x99, 0x99, 0x99, 0x99, 0x53, 0x33, 0x0, 0x6,
    0xff, 0xff, 0xff, 0xff, 0xff, 0x60, 0x0, 0x0,
    0x6, 0xff, 0xff, 0xff, 0xff, 0xff, 0x60, 0x0,
    0x0, 0x6, 0xff, 0xff, 0xff, 0xff, 0xff, 0x60,
    0x0,

    /* U+0039 "9" */
    0x0, 0x6, 0xff, 0xff, 0xff, 0xff, 0xff, 0x60,
    0x0, 0x0, 0x6, 0xff, 0xff, 0xff, 0xff, 0xff,
    0x60, 0x0, 0x0, 0x6, 0xff, 0xff, 0xff, 0xff,
    0xff, 0x60, 0x0, 0x66, 0x67, 0x99, 0x99, 0x99,
    0x99, 0x99, 0x76, 0x66, 0xff, 0xf9, 0x0, 0x0,
    0x0, 0x0, 0x0, 0x9f, 0xff, 0xff, 0xf9, 0x0,
    0x0, 0x0, 0x0, 0x0, 0x9f, 0xff, 0xff, 0xf9,
    0x0, 0x0, 0x0, 0x0, 0x0, 0x9f, 0xff, 0xff,
    0xf9, 0x0, 0x0, 0x0, 0x0, 0x0, 0x9f, 0xff,
    0xff, 0xf9, 0x0, 0x0, 0x0, 0x0, 0x0, 0x9f,
    0xff, 0xff, 0xf9, 0x0, 0x0, 0x0, 0x0, 0x0,
    0x9f, 0xff, 0x66, 0x67, 0x99, 0x99, 0x99, 0x99,
    0x99, 0xdf, 0xff, 0x0, 0x6, 0xff, 0xff, 0xff,
    0xff, 0xff, 0xff, 0xff, 0x0, 0x6, 0xff, 0xff,
    0xff, 0xff, 0xff, 0xff, 0xff, 0x0, 0x6, 0xff,
    0xff, 0xff, 0xff, 0xff, 0xff, 0xff, 0x0, 0x0,
    0x0, 0x0, 0x0, 0x0, 0x0, 0x9f, 0xff, 0x0,
    0x0, 0x0, 0x0, 0x0, 0x0, 0x0, 0x9f, 0xff,
    0x0, 0x0, 0x0, 0x0, 0x0, 0x0, 0x0, 0x9f,
    0xff, 0x0, 0x0, 0x0, 0x0, 0x0, 0x0, 0x0,
    0x9f, 0xff, 0x0, 0x0, 0x0, 0x0, 0x0, 0x3f,
    0xff, 0x60, 0x0, 0x0, 0x0, 0x0, 0x0, 0x0,
    0x3f, 0xff, 0x60, 0x0, 0x0, 0x0, 0x0, 0x0,
    0x0, 0x3f, 0xff, 0x60, 0x0, 0x0, 0x3, 0x99,
    0x99, 0x99, 0x86, 0x66, 0x20, 0x0, 0x0, 0x6,
    0xff, 0xff, 0xff, 0xc0, 0x0, 0x0, 0x0, 0x0,
    0x6, 0xff, 0xff, 0xff, 0xc0, 0x0, 0x0, 0x0,
    0x0, 0x6, 0xff, 0xff, 0xff, 0xc0, 0x0, 0x0,
    0x0,

    /* U+003A ":" */
    0x6f, 0xff, 0xff, 0xfc, 0x6f, 0xff, 0xff, 0xfc,
    0x6f, 0xff, 0xff, 0xfc, 0x6f, 0xff, 0xff, 0xfc,
    0x6f, 0xff, 0xff, 0xfc, 0x6f, 0xff, 0xff, 0xfc,
    0x6f, 0xff, 0xff, 0xfc, 0x13, 0x33, 0x33, 0x32,
    0x0, 0x0, 0x0, 0x0, 0x0, 0x0, 0x0, 0x0,
    0x13, 0x33, 0x33, 0x32, 0x6f, 0xff, 0xff, 0xfc,
    0x6f, 0xff, 0xff, 0xfc, 0x6f, 0xff, 0xff, 0xfc,
    0x6f, 0xff, 0xff, 0xfc, 0x6f, 0xff, 0xff, 0xfc,
    0x6f, 0xff, 0xff, 0xfc, 0x6f, 0xff, 0xff, 0xfc,

    /* U+003B ";" */
    0x6f, 0xff, 0xff, 0xfc, 0x6f, 0xff, 0xff, 0xfc,
    0x6f, 0xff, 0xff, 0xfc, 0x6f, 0xff, 0xff, 0xfc,
    0x6f, 0xff, 0xff, 0xfc, 0x6f, 0xff, 0xff, 0xfc,
    0x6f, 0xff, 0xff, 0xfc, 0x13, 0x33, 0x33, 0x32,
    0x0, 0x0, 0x0, 0x0, 0x0, 0x0, 0x0, 0x0,
    0x0, 0x0, 0x0, 0x0, 0x6f, 0xff, 0xff, 0xfc,
    0x6f, 0xff, 0xff, 0xfc, 0x6f, 0xff, 0xff, 0xfc,
    0x39, 0x99, 0xef, 0xfc, 0x0, 0x0, 0xcf, 0xfc,
    0x0, 0x0, 0xcf, 0xfc, 0x0, 0x0, 0xcf, 0xfc,
    0x39, 0x99, 0x76, 0x65, 0x6f, 0xff, 0x30, 0x0,
    0x6f, 0xff, 0x30, 0x0, 0x6f, 0xff, 0x30, 0x0,

    /* U+003C "<" */
    0x0, 0x0, 0x0, 0x0, 0x0, 0x3f, 0xff, 0x60,
    0x0, 0x0, 0x0, 0x0, 0x3, 0xff, 0xf6, 0x0,
    0x0, 0x0, 0x0, 0x0, 0x3f, 0xff, 0x60, 0x0,
    0x0, 0x0, 0x79, 0x99, 0x99, 0x93, 0x0, 0x0,
    0x0, 0xc, 0xff, 0xc0, 0x0, 0x0, 0x0, 0x0,
    0x0, 0xcf, 0xfc, 0x0, 0x0, 0x0, 0x0, 0x0,
    0xc, 0xff, 0xc0, 0x0, 0x0, 0x0, 0x6f, 0xff,
    0x30, 0x0, 0x0, 0x0, 0x0, 0x6, 0xff, 0xf3,
    0x0, 0x0, 0x0, 0x0, 0x0, 0x6f, 0xff, 0x30,
    0x0, 0x0, 0x0, 0x99, 0x99, 0x99, 0x91, 0x0,
    0x0, 0x0, 0xf, 0xff, 0x90, 0x0, 0x0, 0x0,
    0x0, 0x0, 0xff, 0xf9, 0x0, 0x0, 0x0, 0x0,
    0x0, 0xf, 0xff, 0x90, 0x0, 0x0, 0x0, 0x0,
    0x0, 0x0, 0x6, 0xff, 0xf3, 0x0, 0x0, 0x0,
    0x0, 0x0, 0x6f, 0xff, 0x30, 0x0, 0x0, 0x0,
    0x0, 0x6, 0xff, 0xf3, 0x0, 0x0, 0x0, 0x0,
    0x0, 0x39, 0x99, 0x10, 0x0, 0x0, 0x0, 0x0,
    0x0, 0x0, 0xc, 0xff, 0xc0, 0x0, 0x0, 0x0,
    0x0, 0x0, 0xcf, 0xfc, 0x0, 0x0, 0x0, 0x0,
    0x0, 0xc, 0xff, 0xc0, 0x0, 0x0, 0x0, 0x0,
    0x0, 0x56, 0x67, 0x99, 0x93, 0x0, 0x0, 0x0,
    0x0, 0x0, 0x3f, 0xff, 0x60, 0x0, 0x0, 0x0,
    0x0, 0x3, 0xff, 0xf6, 0x0, 0x0, 0x0, 0x0,
    0x0, 0x3f, 0xff, 0x60,

    /* U+003D "=" */
    0xff, 0xff, 0xff, 0xff, 0xff, 0xff, 0xff, 0xff,
    0xff, 0xff, 0xff, 0xff, 0xff, 0xff, 0xff, 0xff,
    0xff, 0xff, 0xff, 0xff, 0xff, 0xff, 0xff, 0xff,
    0xff, 0xff, 0xff, 0x99, 0x99, 0x99, 0x99, 0x99,
    0x99, 0x99, 0x99, 0x99, 0x0, 0x0, 0x0, 0x0,
    0x0, 0x0, 0x0, 0x0, 0x0, 0x0, 0x0, 0x0,
    0x0, 0x0, 0x0, 0x0, 0x0, 0x0, 0x0, 0x0,
    0x0, 0x0, 0x0, 0x0, 0x0, 0x0, 0x0, 0xff,
    0xff, 0xff, 0xff, 0xff, 0xff, 0xff, 0xff, 0xff,
    0xff, 0xff, 0xff, 0xff, 0xff, 0xff, 0xff, 0xff,
    0xff, 0xff, 0xff, 0xff, 0xff, 0xff, 0xff, 0xff,
    0xff, 0xff, 0x99, 0x99, 0x99, 0x99, 0x99, 0x99,
    0x99, 0x99, 0x99,

    /* U+003E ">" */
    0x6f, 0xff, 0x30, 0x0, 0x0, 0x0, 0x0, 0x6,
    0xff, 0xf3, 0x0, 0x0, 0x0, 0x0, 0x0, 0x6f,
    0xff, 0x30, 0x0, 0x0, 0x0, 0x0, 0x3, 0x99,
    0x99, 0x99, 0x70, 0x0, 0x0, 0x0, 0x0, 0x0,
    0xcf, 0xfc, 0x0, 0x0, 0x0, 0x0, 0x0, 0xc,
    0xff, 0xc0, 0x0, 0x0, 0x0, 0x0, 0x0, 0xcf,
    0xfc, 0x0, 0x0, 0x0, 0x0, 0x0, 0x0, 0x0,
    0x3f, 0xff, 0x60, 0x0, 0x0, 0x0, 0x0, 0x3,
    0xff, 0xf6, 0x0, 0x0, 0x0, 0x0, 0x0, 0x3f,
    0xff, 0x60, 0x0, 0x0, 0x0, 0x0, 0x1, 0x99,
    0x99, 0x99, 0x90, 0x0, 0x0, 0x0, 0x0, 0x0,
    0x9f, 0xff, 0x0, 0x0, 0x0, 0x0, 0x0, 0x9,
    0xff, 0xf0, 0x0, 0x0, 0x0, 0x0, 0x0, 0x9f,
    0xff, 0x0, 0x0, 0x0, 0x3, 0xff, 0xf6, 0x0,
    0x0, 0x0, 0x0, 0x0, 0x3f, 0xff, 0x60, 0x0,
    0x0, 0x0, 0x0, 0x3, 0xff, 0xf6, 0x0, 0x0,
    0x0, 0x0, 0x0, 0x19, 0x99, 0x30, 0x0, 0x0,
    0x0, 0xcf, 0xfc, 0x0, 0x0, 0x0, 0x0, 0x0,
    0xc, 0xff, 0xc0, 0x0, 0x0, 0x0, 0x0, 0x0,
    0xcf, 0xfc, 0x0, 0x0, 0x0, 0x3, 0x99, 0x97,
    0x66, 0x50, 0x0, 0x0, 0x0, 0x6f, 0xff, 0x30,
    0x0, 0x0, 0x0, 0x0, 0x6, 0xff, 0xf3, 0x0,
    0x0, 0x0, 0x0, 0x0, 0x6f, 0xff, 0x30, 0x0,
    0x0, 0x0, 0x0, 0x0,

    /* U+003F "?" */
    0x0, 0x6, 0xff, 0xff, 0xff, 0xff, 0xff, 0x60,
    0x0, 0x0, 0x6, 0xff, 0xff, 0xff, 0xff, 0xff,
    0x60, 0x0, 0x0, 0x6, 0xff, 0xff, 0xff, 0xff,
    0xff, 0x60, 0x0, 0xff, 0xfd, 0x99, 0x99, 0x99,
    0x99, 0x99, 0xdf, 0xff, 0xff, 0xf9, 0x0, 0x0,
    0x0, 0x0, 0x0, 0x9f, 0xff, 0xff, 0xf9, 0x0,
    0x0, 0x0, 0x0, 0x0, 0x9f, 0xff, 0x99, 0x95,
    0x0, 0x0, 0x0, 0x0, 0x0, 0x9f, 0xff, 0x0,
    0x0, 0x0, 0x0, 0x0, 0x0, 0x0, 0x9f, 0xff,
    0x0, 0x0, 0x0, 0x0, 0x0, 0x0, 0x0, 0x9f,
    0xff, 0x0, 0x0, 0x0, 0x0, 0x0, 0x0, 0x0,
    0x9f, 0xff, 0x0, 0x0, 0x0, 0x0, 0x0, 0x19,
    0x99, 0x53, 0x33, 0x0, 0x0, 0x0, 0x0, 0x0,
    0x3f, 0xff, 0x60, 0x0, 0x0, 0x0, 0x0, 0x0,
    0x0, 0x3f, 0xff, 0x60, 0x0, 0x0, 0x0, 0x0,
    0x0, 0x0, 0x3f, 0xff, 0x60, 0x0, 0x0, 0x0,
    0x0, 0xc, 0xff, 0xc0, 0x0, 0x0, 0x0, 0x0,
    0x0, 0x0, 0xc, 0xff, 0xc0, 0x0, 0x0, 0x0,
    0x0, 0x0, 0x0, 0xc, 0xff, 0xc0, 0x0, 0x0,
    0x0, 0x0, 0x0, 0x0, 0x7, 0x99, 0x70, 0x0,
    0x0, 0x0, 0x0, 0x0, 0x0, 0x0, 0x0, 0x0,
    0x0, 0x0, 0x0, 0x0, 0x0, 0x0, 0x0, 0x0,
    0x0, 0x0, 0x0, 0x0, 0x0, 0x0, 0x0, 0x0,
    0x0, 0x0, 0x0, 0x0, 0x0, 0x0, 0x0, 0x0,
    0x7, 0x99, 0x70, 0x0, 0x0, 0x0, 0x0, 0x0,
    0x0, 0xc, 0xff, 0xc0, 0x0, 0x0, 0x0, 0x0,
    0x0, 0x0, 0xc, 0xff, 0xc0, 0x0, 0x0, 0x0,
    0x0, 0x0, 0x0, 0xc, 0xff, 0xc0, 0x0, 0x0,
    0x0,

    /* U+0040 "@" */
    0x0, 0x6, 0xff, 0xff, 0xff, 0xff, 0xff, 0x60,
    0x0, 0x0, 0x6, 0xff, 0xff, 0xff, 0xff, 0xff,
    0x60, 0x0, 0x0, 0x6, 0xff, 0xff, 0xff, 0xff,
    0xff, 0x60, 0x0, 0x99, 0x99, 0x99, 0x99, 0x99,
    0x99, 0x99, 0x99, 0x99, 0xff, 0xf9, 0x0, 0x0,
    0x0, 0x0, 0x0, 0x9f, 0xff, 0xff, 0xf9, 0x0,
    0x0, 0x0, 0x0, 0x0, 0x9f, 0xff, 0xff, 0xf9,
    0x0, 0x0, 0x0, 0x0, 0x0, 0x9f, 0xff, 0x0,
    0x0, 0x0, 0x0, 0x0, 0x0, 0x0, 0x9f, 0xff,
    0x0, 0x0, 0x0, 0x0, 0x0, 0x0, 0x0, 0x9f,
    0xff, 0x0, 0x0, 0x0, 0x0, 0x0, 0x0, 0x0,
    0x9f, 0xff, 0x0, 0x3, 0x99, 0x99, 0x99, 0x70,
    0x0, 0x9f, 0xff, 0x0, 0x6, 0xff, 0xff, 0xff,
    0xc0, 0x0, 0x9f, 0xff, 0x0, 0x6, 0xff, 0xff,
    0xff, 0xc0, 0x0, 0x9f, 0xff, 0x0, 0x6, 0xff,
    0xff, 0xff, 0xc0, 0x0, 0x9f, 0xff, 0xff, 0xf9,
    0x0, 0xc, 0xff, 0xc0, 0x0, 0x9f, 0xff, 0xff,
    0xf9, 0x0, 0xc, 0xff, 0xc0, 0x0, 0x9f, 0xff,
    0xff, 0xf9, 0x0, 0xc, 0xff, 0xc0, 0x0, 0x9f,
    0xff, 0xff, 0xf9, 0x0, 0xc, 0xff, 0xc0, 0x0,
    0x9f, 0xff, 0xff, 0xf9, 0x0, 0xc, 0xff, 0xc0,
    0x0, 0x9f, 0xff, 0xff, 0xf9, 0x0, 0xc, 0xff,
    0xc0, 0x0, 0x9f, 0xff, 0xff, 0xf9, 0x0, 0xc,
    0xff, 0xc0, 0x0, 0x9f, 0xff, 0x33, 0x35, 0x99,
    0x9e, 0xff, 0xe9, 0x99, 0x53, 0x33, 0x0, 0x6,
    0xff, 0xff, 0xff, 0xff, 0xff, 0x60, 0x0, 0x0,
    0x6, 0xff, 0xff, 0xff, 0xff, 0xff, 0x60, 0x0,
    0x0, 0x6, 0xff, 0xff, 0xff, 0xff, 0xff, 0x60,
    0x0,

    /* U+0041 "A" */
    0x0, 0x6, 0xff, 0xff, 0xff, 0xff, 0xff, 0x60,
    0x0, 0x0, 0x6, 0xff, 0xff, 0xff, 0xff, 0xff,
    0x60, 0x0, 0x0, 0x6, 0xff, 0xff, 0xff, 0xff,
    0xff, 0x60, 0x0, 0x99, 0x99, 0x99, 0x99, 0x99,
    0x99, 0x99, 0x99, 0x99, 0xff, 0xf9, 0x0, 0x0,
    0x0, 0x0, 0x0, 0x9f, 0xff, 0xff, 0xf9, 0x0,
    0x0, 0x0, 0x0, 0x0, 0x9f, 0xff, 0xff, 0xf9,
    0x0, 0x0, 0x0, 0x0, 0x0, 0x9f, 0xff, 0xff,
    0xf9, 0x0, 0x0, 0x0, 0x0, 0x0, 0x9f, 0xff,
    0xff, 0xf9, 0x0, 0x0, 0x0, 0x0, 0x0, 0x9f,
    0xff, 0xff, 0xf9, 0x0, 0x0, 0x0, 0x0, 0x0,
    0x9f, 0xff, 0xff, 0xfd, 0x99, 0x99, 0x99, 0x99,
    0x99, 0xdf, 0xff, 0xff, 0xff, 0xff, 0xff, 0xff,
    0xff, 0xff, 0xff, 0xff, 0xff, 0xff, 0xff, 0xff,
    0xff, 0xff, 0xff, 0xff, 0xff, 0xff, 0xff, 0xff,
    0xff, 0xff, 0xff, 0xff, 0xff, 0xff, 0xff, 0xf9,
    0x0, 0x0, 0x0, 0x0, 0x0, 0x9f, 0xff, 0xff,
    0xf9, 0x0, 0x0, 0x0, 0x0, 0x0, 0x9f, 0xff,
    0xff, 0xf9, 0x0, 0x0, 0x0, 0x0, 0x0, 0x9f,
    0xff, 0xff, 0xf9, 0x0, 0x0, 0x0, 0x0, 0x0,
    0x9f, 0xff, 0xff, 0xf9, 0x0, 0x0, 0x0, 0x0,
    0x0, 0x9f, 0xff, 0xff, 0xf9, 0x0, 0x0, 0x0,
    0x0, 0x0, 0x9f, 0xff, 0xff, 0xf9, 0x0, 0x0,
    0x0, 0x0, 0x0, 0x9f, 0xff, 0xff, 0xf9, 0x0,
    0x0, 0x0, 0x0, 0x0, 0x9f, 0xff, 0xff, 0xf9,
    0x0, 0x0, 0x0, 0x0, 0x0, 0x9f, 0xff, 0xff,
    0xf9, 0x0, 0x0, 0x0, 0x0, 0x0, 0x9f, 0xff,
    0xff, 0xf9, 0x0, 0x0, 0x0, 0x0, 0x0, 0x9f,
    0xff,

    /* U+0042 "B" */
    0xff, 0xff, 0xff, 0xff, 0xff, 0xff, 0xff, 0x60,
    0x0, 0xff, 0xff, 0xff, 0xff, 0xff, 0xff, 0xff,
    0x60, 0x0, 0xff, 0xff, 0xff, 0xff, 0xff, 0xff,
    0xff, 0x60, 0x0, 0xff, 0xfd, 0x99, 0x99, 0x99,
    0x99, 0x99, 0xdf, 0xff, 0xff, 0xf9, 0x0, 0x0,
    0x0, 0x0, 0x0, 0x9f, 0xff, 0xff, 0xf9, 0x0,
    0x0, 0x0, 0x0, 0x0, 0x9f, 0xff, 0xff, 0xf9,
    0x0, 0x0, 0x0, 0x0, 0x0, 0x9f, 0xff, 0xff,
    0xf9, 0x0, 0x0, 0x0, 0x0, 0x0, 0x9f, 0xff,
    0xff, 0xf9, 0x0, 0x0, 0x0, 0x0, 0x0, 0x9f,
    0xff, 0xff, 0xf9, 0x0, 0x0, 0x0, 0x0, 0x0,
    0x9f, 0xff, 0xff, 0xfd, 0x99, 0x99, 0x99, 0x99,
    0x99, 0x53, 0x33, 0xff, 0xff, 0xff, 0xff, 0xff,
    0xff, 0xff, 0x60, 0x0, 0xff, 0xff, 0xff, 0xff,
    0xff, 0xff, 0xff, 0x60, 0x0, 0xff, 0xff, 0xff,
    0xff, 0xff, 0xff, 0xff, 0x60, 0x0, 0xff, 0xf9,
    0x0, 0x0, 0x0, 0x0, 0x0, 0x9f, 0xff, 0xff,
    0xf9, 0x0, 0x0, 0x0, 0x0, 0x0, 0x9f, 0xff,
    0xff, 0xf9, 0x0, 0x0, 0x0, 0x0, 0x0, 0x9f,
    0xff, 0xff, 0xf9, 0x0, 0x0, 0x0, 0x0, 0x0,
    0x9f, 0xff, 0xff, 0xf9, 0x0, 0x0, 0x0, 0x0,
    0x0, 0x9f, 0xff, 0xff, 0xf9, 0x0, 0x0, 0x0,
    0x0, 0x0, 0x9f, 0xff, 0xff, 0xf9, 0x0, 0x0,
    0x0, 0x0, 0x0, 0x9f, 0xff, 0xff, 0xfd, 0x99,
    0x99, 0x99, 0x99, 0x99, 0x53, 0x33, 0xff, 0xff,
    0xff, 0xff, 0xff, 0xff, 0xff, 0x60, 0x0, 0xff,
    0xff, 0xff, 0xff, 0xff, 0xff, 0xff, 0x60, 0x0,
    0xff, 0xff, 0xff, 0xff, 0xff, 0xff, 0xff, 0x60,
    0x0,

    /* U+0043 "C" */
    0x0, 0x6, 0xff, 0xff, 0xff, 0xff, 0xff, 0x60,
    0x0, 0x0, 0x6, 0xff, 0xff, 0xff, 0xff, 0xff,
    0x60, 0x0, 0x0, 0x6, 0xff, 0xff, 0xff, 0xff,
    0xff, 0x60, 0x0, 0x99, 0x99, 0x99, 0x99, 0x99,
    0x99, 0x99, 0x99, 0x99, 0xff, 0xf9, 0x0, 0x0,
    0x0, 0x0, 0x0, 0x9f, 0xff, 0xff, 0xf9, 0x0,
    0x0, 0x0, 0x0, 0x0, 0x9f, 0xff, 0xff, 0xf9,
    0x0, 0x0, 0x0, 0x0, 0x0, 0x9f, 0xff, 0xff,
    0xf9, 0x0, 0x0, 0x0, 0x0, 0x0, 0x0, 0x0,
    0xff, 0xf9, 0x0, 0x0, 0x0, 0x0, 0x0, 0x0,
    0x0, 0xff, 0xf9, 0x0, 0x0, 0x0, 0x0, 0x0,
    0x0, 0x0, 0xff, 0xf9, 0x0, 0x0, 0x0, 0x0,
    0x0, 0x0, 0x0, 0xff, 0xf9, 0x0, 0x0, 0x0,
    0x0, 0x0, 0x0, 0x0, 0xff, 0xf9, 0x0, 0x0,
    0x0, 0x0, 0x0, 0x0, 0x0, 0xff, 0xf9, 0x0,
    0x0, 0x0, 0x0, 0x0, 0x0, 0x0, 0xff, 0xf9,
    0x0, 0x0, 0x0, 0x0, 0x0, 0x0, 0x0, 0xff,
    0xf9, 0x0, 0x0, 0x0, 0x0, 0x0, 0x0, 0x0,
    0xff, 0xf9, 0x0, 0x0, 0x0, 0x0, 0x0, 0x0,
    0x0, 0xff, 0xf9, 0x0, 0x0, 0x0, 0x0, 0x0,
    0x0, 0x0, 0xff, 0xf9, 0x0, 0x0, 0x0, 0x0,
    0x0, 0x9f, 0xff, 0xff, 0xf9, 0x0, 0x0, 0x0,
    0x0, 0x0, 0x9f, 0xff, 0xff, 0xf9, 0x0, 0x0,
    0x0, 0x0, 0x0, 0x9f, 0xff, 0x66, 0x67, 0x99,
    0x99, 0x99, 0x99, 0x99, 0x76, 0x66, 0x0, 0x6,
    0xff, 0xff, 0xff, 0xff, 0xff, 0x60, 0x0, 0x0,
    0x6, 0xff, 0xff, 0xff, 0xff, 0xff, 0x60, 0x0,
    0x0, 0x6, 0xff, 0xff, 0xff, 0xff, 0xff, 0x60,
    0x0,

    /* U+0044 "D" */
    0xff, 0xff, 0xff, 0xff, 0xff, 0xc0, 0x0, 0x0,
    0x0, 0xff, 0xff, 0xff, 0xff, 0xff, 0xc0, 0x0,
    0x0, 0x0, 0xff, 0xff, 0xff, 0xff, 0xff, 0xc0,
    0x0, 0x0, 0x0, 0xff, 0xfd, 0x99, 0x99, 0x99,
    0x99, 0x99, 0x30, 0x0, 0xff, 0xf9, 0x0, 0x0,
    0x0, 0x3f, 0xff, 0x60, 0x0, 0xff, 0xf9, 0x0,
    0x0, 0x0, 0x3f, 0xff, 0x60, 0x0, 0xff, 0xf9,
    0x0, 0x0, 0x0, 0x3f, 0xff, 0x60, 0x0, 0xff,
    0xf9, 0x0, 0x0, 0x0, 0x0, 0x0, 0x9f, 0xff,
    0xff, 0xf9, 0x0, 0x0, 0x0, 0x0, 0x0, 0x9f,
    0xff, 0xff, 0xf9, 0x0, 0x0, 0x0, 0x0, 0x0,
    0x9f, 0xff, 0xff, 0xf9, 0x0, 0x0, 0x0, 0x0,
    0x0, 0x9f, 0xff, 0xff, 0xf9, 0x0, 0x0, 0x0,
    0x0, 0x0, 0x9f, 0xff, 0xff, 0xf9, 0x0, 0x0,
    0x0, 0x0, 0x0, 0x9f, 0xff, 0xff, 0xf9, 0x0,
    0x0, 0x0, 0x0, 0x0, 0x9f, 0xff, 0xff, 0xf9,
    0x0, 0x0, 0x0, 0x0, 0x0, 0x9f, 0xff, 0xff,
    0xf9, 0x0, 0x0, 0x0, 0x0, 0x0, 0x9f, 0xff,
    0xff, 0xf9, 0x0, 0x0, 0x0, 0x0, 0x0, 0x9f,
    0xff, 0xff, 0xf9, 0x0, 0x0, 0x0, 0x0, 0x0,
    0x7c, 0xcc, 0xff, 0xf9, 0x0, 0x0, 0x0, 0x3f,
    0xff, 0x60, 0x0, 0xff, 0xf9, 0x0, 0x0, 0x0,
    0x3f, 0xff, 0x60, 0x0, 0xff, 0xf9, 0x0, 0x0,
    0x0, 0x3f, 0xff, 0x60, 0x0, 0xff, 0xfd, 0x99,
    0x99, 0x99, 0x86, 0x66, 0x20, 0x0, 0xff, 0xff,
    0xff, 0xff, 0xff, 0xc0, 0x0, 0x0, 0x0, 0xff,
    0xff, 0xff, 0xff, 0xff, 0xc0, 0x0, 0x0, 0x0,
    0xff, 0xff, 0xff, 0xff, 0xff, 0xc0, 0x0, 0x0,
    0x0,

    /* U+0045 "E" */
    0xff, 0xff, 0xff, 0xff, 0xff, 0xff, 0xff, 0xff,
    0xff, 0xff, 0xff, 0xff, 0xff, 0xff, 0xff, 0xff,
    0xff, 0xff, 0xff, 0xff, 0xff, 0xff, 0xff, 0xff,
    0xff, 0xff, 0xff, 0xff, 0xfd, 0x99, 0x99, 0x99,
    0x99, 0x99, 0x99, 0x99, 0xff, 0xf9, 0x0, 0x0,
    0x0, 0x0, 0x0, 0x0, 0x0, 0xff, 0xf9, 0x0,
    0x0, 0x0, 0x0, 0x0, 0x0, 0x0, 0xff, 0xf9,
    0x0, 0x0, 0x0, 0x0, 0x0, 0x0, 0x0, 0xff,
    0xf9, 0x0, 0x0, 0x0, 0x0, 0x0, 0x0, 0x0,
    0xff, 0xf9, 0x0, 0x0, 0x0, 0x0, 0x0, 0x0,
    0x0, 0xff, 0xf9, 0x0, 0x0, 0x0, 0x0, 0x0,
    0x0, 0x0, 0xff, 0xfd, 0x99, 0x99, 0x99, 0x99,
    0x99, 0x30, 0x0, 0xff, 0xff, 0xff, 0xff, 0xff,
    0xff, 0xff, 0x60, 0x0, 0xff, 0xff, 0xff, 0xff,
    0xff, 0xff, 0xff, 0x60, 0x0, 0xff, 0xff, 0xff,
    0xff, 0xff, 0xff, 0xff, 0x60, 0x0, 0xff, 0xf9,
    0x0, 0x0, 0x0, 0x0, 0x0, 0x0, 0x0, 0xff,
    0xf9, 0x0, 0x0, 0x0, 0x0, 0x0, 0x0, 0x0,
    0xff, 0xf9, 0x0, 0x0, 0x0, 0x0, 0x0, 0x0,
    0x0, 0xff, 0xf9, 0x0, 0x0, 0x0, 0x0, 0x0,
    0x0, 0x0, 0xff, 0xf9, 0x0, 0x0, 0x0, 0x0,
    0x0, 0x0, 0x0, 0xff, 0xf9, 0x0, 0x0, 0x0,
    0x0, 0x0, 0x0, 0x0, 0xff, 0xf9, 0x0, 0x0,
    0x0, 0x0, 0x0, 0x0, 0x0, 0xff, 0xfd, 0x99,
    0x99, 0x99, 0x99, 0x99, 0x99, 0x99, 0xff, 0xff,
    0xff, 0xff, 0xff, 0xff, 0xff, 0xff, 0xff, 0xff,
    0xff, 0xff, 0xff, 0xff, 0xff, 0xff, 0xff, 0xff,
    0xff, 0xff, 0xff, 0xff, 0xff, 0xff, 0xff, 0xff,
    0xff,

    /* U+0046 "F" */
    0xff, 0xff, 0xff, 0xff, 0xff, 0xff, 0xff, 0xff,
    0xff, 0xff, 0xff, 0xff, 0xff, 0xff, 0xff, 0xff,
    0xff, 0xff, 0xff, 0xff, 0xff, 0xff, 0xff, 0xff,
    0xff, 0xff, 0xff, 0xff, 0xfd, 0x99, 0x99, 0x99,
    0x99, 0x99, 0x99, 0x99, 0xff, 0xf9, 0x0, 0x0,
    0x0, 0x0, 0x0, 0x0, 0x0, 0xff, 0xf9, 0x0,
    0x0, 0x0, 0x0, 0x0, 0x0, 0x0, 0xff, 0xf9,
    0x0, 0x0, 0x0, 0x0, 0x0, 0x0, 0x0, 0xff,
    0xf9, 0x0, 0x0, 0x0, 0x0, 0x0, 0x0, 0x0,
    0xff, 0xf9, 0x0, 0x0, 0x0, 0x0, 0x0, 0x0,
    0x0, 0xff, 0xf9, 0x0, 0x0, 0x0, 0x0, 0x0,
    0x0, 0x0, 0xff, 0xfd, 0x99, 0x99, 0x99, 0x99,
    0x99, 0x30, 0x0, 0xff, 0xff, 0xff, 0xff, 0xff,
    0xff, 0xff, 0x60, 0x0, 0xff, 0xff, 0xff, 0xff,
    0xff, 0xff, 0xff, 0x60, 0x0, 0xff, 0xff, 0xff,
    0xff, 0xff, 0xff, 0xff, 0x60, 0x0, 0xff, 0xf9,
    0x0, 0x0, 0x0, 0x0, 0x0, 0x0, 0x0, 0xff,
    0xf9, 0x0, 0x0, 0x0, 0x0, 0x0, 0x0, 0x0,
    0xff, 0xf9, 0x0, 0x0, 0x0, 0x0, 0x0, 0x0,
    0x0, 0xff, 0xf9, 0x0, 0x0, 0x0, 0x0, 0x0,
    0x0, 0x0, 0xff, 0xf9, 0x0, 0x0, 0x0, 0x0,
    0x0, 0x0, 0x0, 0xff, 0xf9, 0x0, 0x0, 0x0,
    0x0, 0x0, 0x0, 0x0, 0xff, 0xf9, 0x0, 0x0,
    0x0, 0x0, 0x0, 0x0, 0x0, 0xff, 0xf9, 0x0,
    0x0, 0x0, 0x0, 0x0, 0x0, 0x0, 0xff, 0xf9,
    0x0, 0x0, 0x0, 0x0, 0x0, 0x0, 0x0, 0xff,
    0xf9, 0x0, 0x0, 0x0, 0x0, 0x0, 0x0, 0x0,
    0xff, 0xf9, 0x0, 0x0, 0x0, 0x0, 0x0, 0x0,
    0x0,

    /* U+0047 "G" */
    0x0, 0x6, 0xff, 0xff, 0xff, 0xff, 0xff, 0x60,
    0x0, 0x0, 0x6, 0xff, 0xff, 0xff, 0xff, 0xff,
    0x60, 0x0, 0x0, 0x6, 0xff, 0xff, 0xff, 0xff,
    0xff, 0x60, 0x0, 0xff, 0xfd, 0x99, 0x99, 0x99,
    0x99, 0x99, 0xdf, 0xff, 0xff, 0xf9, 0x0, 0x0,
    0x0, 0x0, 0x0, 0x9f, 0xff, 0xff, 0xf9, 0x0,
    0x0, 0x0, 0x0, 0x0, 0x9f, 0xff, 0xff, 0xf9,
    0x0, 0x0, 0x0, 0x0, 0x0, 0x59, 0x99, 0xff,
    0xf9, 0x0, 0x0, 0x0, 0x0, 0x0, 0x0, 0x0,
    0xff, 0xf9, 0x0, 0x0, 0x0, 0x0, 0x0, 0x0,
    0x0, 0xff, 0xf9, 0x0, 0x0, 0x0, 0x0, 0x0,
    0x0, 0x0, 0xff, 0xf9, 0x0, 0x7, 0x99, 0x99,
    0x99, 0x99, 0x99, 0xff, 0xf9, 0x0, 0xc, 0xff,
    0xff, 0xff, 0xff, 0xff, 0xff, 0xf9, 0x0, 0xc,
    0xff, 0xff, 0xff, 0xff, 0xff, 0xff, 0xf9, 0x0,
    0xc, 0xff, 0xff, 0xff, 0xff, 0xff, 0xff, 0xf9,
    0x0, 0x0, 0x0, 0x0, 0x0, 0x9f, 0xff, 0xff,
    0xf9, 0x0, 0x0, 0x0, 0x0, 0x0, 0x9f, 0xff,
    0xff, 0xf9, 0x0, 0x0, 0x0, 0x0, 0x0, 0x9f,
    0xff, 0xff, 0xf9, 0x0, 0x0, 0x0, 0x0, 0x0,
    0x9f, 0xff, 0xff, 0xf9, 0x0, 0x0, 0x0, 0x0,
    0x0, 0x9f, 0xff, 0xff, 0xf9, 0x0, 0x0, 0x0,
    0x0, 0x0, 0x9f, 0xff, 0xff, 0xf9, 0x0, 0x0,
    0x0, 0x0, 0x0, 0x9f, 0xff, 0x0, 0x3, 0x99,
    0x99, 0x99, 0x99, 0x99, 0xdf, 0xff, 0x0, 0x6,
    0xff, 0xff, 0xff, 0xff, 0xff, 0xff, 0xff, 0x0,
    0x6, 0xff, 0xff, 0xff, 0xff, 0xff, 0xff, 0xff,
    0x0, 0x6, 0xff, 0xff, 0xff, 0xff, 0xff, 0xff,
    0xff,

    /* U+0048 "H" */
    0xff, 0xf9, 0x0, 0x0, 0x0, 0x0, 0x0, 0x9f,
    0xff, 0xff, 0xf9, 0x0, 0x0, 0x0, 0x0, 0x0,
    0x9f, 0xff, 0xff, 0xf9, 0x0, 0x0, 0x0, 0x0,
    0x0, 0x9f, 0xff, 0xff, 0xf9, 0x0, 0x0, 0x0,
    0x0, 0x0, 0x9f, 0xff, 0xff, 0xf9, 0x0, 0x0,
    0x0, 0x0, 0x0, 0x9f, 0xff, 0xff, 0xf9, 0x0,
    0x0, 0x0, 0x0, 0x0, 0x9f, 0xff, 0xff, 0xf9,
    0x0, 0x0, 0x0, 0x0, 0x0, 0x9f, 0xff, 0xff,
    0xf9, 0x0, 0x0, 0x0, 0x0, 0x0, 0x9f, 0xff,
    0xff, 0xf9, 0x0, 0x0, 0x0, 0x0, 0x0, 0x9f,
    0xff, 0xff, 0xf9, 0x0, 0x0, 0x0, 0x0, 0x0,
    0x9f, 0xff, 0xff, 0xfd, 0x99, 0x99, 0x99, 0x99,
    0x99, 0xdf, 0xff, 0xff, 0xff, 0xff, 0xff, 0xff,
    0xff, 0xff, 0xff, 0xff, 0xff, 0xff, 0xff, 0xff,
    0xff, 0xff, 0xff, 0xff, 0xff, 0xff, 0xff, 0xff,
    0xff, 0xff, 0xff, 0xff, 0xff, 0xff, 0xff, 0xf9,
    0x0, 0x0, 0x0, 0x0, 0x0, 0x9f, 0xff, 0xff,
    0xf9, 0x0, 0x0, 0x0, 0x0, 0x0, 0x9f, 0xff,
    0xff, 0xf9, 0x0, 0x0, 0x0, 0x0, 0x0, 0x9f,
    0xff, 0xff, 0xf9, 0x0, 0x0, 0x0, 0x0, 0x0,
    0x9f, 0xff, 0xff, 0xf9, 0x0, 0x0, 0x0, 0x0,
    0x0, 0x9f, 0xff, 0xff, 0xf9, 0x0, 0x0, 0x0,
    0x0, 0x0, 0x9f, 0xff, 0xff, 0xf9, 0x0, 0x0,
    0x0, 0x0, 0x0, 0x9f, 0xff, 0xff, 0xf9, 0x0,
    0x0, 0x0, 0x0, 0x0, 0x9f, 0xff, 0xff, 0xf9,
    0x0, 0x0, 0x0, 0x0, 0x0, 0x9f, 0xff, 0xff,
    0xf9, 0x0, 0x0, 0x0, 0x0, 0x0, 0x9f, 0xff,
    0xff, 0xf9, 0x0, 0x0, 0x0, 0x0, 0x0, 0x9f,
    0xff,

    /* U+0049 "I" */
    0x6f, 0xff, 0xff, 0xff, 0xff, 0xf6, 0x6f, 0xff,
    0xff, 0xff, 0xff, 0xf6, 0x6f, 0xff, 0xff, 0xff,
    0xff, 0xf6, 0x39, 0x99, 0xef, 0xfe, 0x99, 0x93,
    0x0, 0x0, 0xcf, 0xfc, 0x0, 0x0, 0x0, 0x0,
    0xcf, 0xfc, 0x0, 0x0, 0x0, 0x0, 0xcf, 0xfc,
    0x0, 0x0, 0x0, 0x0, 0xcf, 0xfc, 0x0, 0x0,
    0x0, 0x0, 0xcf, 0xfc, 0x0, 0x0, 0x0, 0x0,
    0xcf, 0xfc, 0x0, 0x0, 0x0, 0x0, 0xcf, 0xfc,
    0x0, 0x0, 0x0, 0x0, 0xcf, 0xfc, 0x0, 0x0,
    0x0, 0x0, 0xcf, 0xfc, 0x0, 0x0, 0x0, 0x0,
    0xcf, 0xfc, 0x0, 0x0, 0x0, 0x0, 0xcf, 0xfc,
    0x0, 0x0, 0x0, 0x0, 0xcf, 0xfc, 0x0, 0x0,
    0x0, 0x0, 0xcf, 0xfc, 0x0, 0x0, 0x0, 0x0,
    0xcf, 0xfc, 0x0, 0x0, 0x0, 0x0, 0xcf, 0xfc,
    0x0, 0x0, 0x0, 0x0, 0xcf, 0xfc, 0x0, 0x0,
    0x0, 0x0, 0xcf, 0xfc, 0x0, 0x0, 0x39, 0x99,
    0xef, 0xfe, 0x99, 0x93, 0x6f, 0xff, 0xff, 0xff,
    0xff, 0xf6, 0x6f, 0xff, 0xff, 0xff, 0xff, 0xf6,
    0x6f, 0xff, 0xff, 0xff, 0xff, 0xf6,

    /* U+004A "J" */
    0x0, 0x0, 0x0, 0xc, 0xff, 0xff, 0xff, 0xff,
    0xff, 0x0, 0x0, 0x0, 0xc, 0xff, 0xff, 0xff,
    0xff, 0xff, 0x0, 0x0, 0x0, 0xc, 0xff, 0xff,
    0xff, 0xff, 0xff, 0x0, 0x0, 0x0, 0x7, 0x99,
    0xbf, 0xff, 0xc9, 0x99, 0x0, 0x0, 0x0, 0x0,
    0x0, 0x3f, 0xff, 0x60, 0x0, 0x0, 0x0, 0x0,
    0x0, 0x0, 0x3f, 0xff, 0x60, 0x0, 0x0, 0x0,
    0x0, 0x0, 0x0, 0x3f, 0xff, 0x60, 0x0, 0x0,
    0x0, 0x0, 0x0, 0x0, 0x3f, 0xff, 0x60, 0x0,
    0x0, 0x0, 0x0, 0x0, 0x0, 0x3f, 0xff, 0x60,
    0x0, 0x0, 0x0, 0x0, 0x0, 0x0, 0x3f, 0xff,
    0x60, 0x0, 0x0, 0x0, 0x0, 0x0, 0x0, 0x3f,
    0xff, 0x60, 0x0, 0x0, 0x0, 0x0, 0x0, 0x0,
    0x3f, 0xff, 0x60, 0x0, 0x0, 0x0, 0x0, 0x0,
    0x0, 0x3f, 0xff, 0x60, 0x0, 0x0, 0x0, 0x0,
    0x0, 0x0, 0x3f, 0xff, 0x60, 0x0, 0x0, 0x0,
    0x0, 0x0, 0x0, 0x3f, 0xff, 0x60, 0x0, 0x0,
    0x0, 0x0, 0x0, 0x0, 0x3f, 0xff, 0x60, 0x0,
    0x0, 0x0, 0x0, 0x0, 0x0, 0x3f, 0xff, 0x60,
    0x0, 0x0, 0x0, 0x0, 0x0, 0x0, 0x3f, 0xff,
    0x60, 0x0, 0xff, 0xf9, 0x0, 0x0, 0x0, 0x3f,
    0xff, 0x60, 0x0, 0xff, 0xf9, 0x0, 0x0, 0x0,
    0x3f, 0xff, 0x60, 0x0, 0xff, 0xf9, 0x0, 0x0,
    0x0, 0x3f, 0xff, 0x60, 0x0, 0x66, 0x67, 0x99,
    0x99, 0x99, 0x86, 0x66, 0x20, 0x0, 0x0, 0x6,
    0xff, 0xff, 0xff, 0xc0, 0x0, 0x0, 0x0, 0x0,
    0x6, 0xff, 0xff, 0xff, 0xc0, 0x0, 0x0, 0x0,
    0x0, 0x6, 0xff, 0xff, 0xff, 0xc0, 0x0, 0x0,
    0x0,

    /* U+004B "K" */
    0xff, 0xf9, 0x0, 0x0, 0x0, 0x0, 0x0, 0x9f,
    0xff, 0xff, 0xf9, 0x0, 0x0, 0x0, 0x0, 0x0,
    0x9f, 0xff, 0xff, 0xf9, 0x0, 0x0, 0x0, 0x0,
    0x0, 0x9f, 0xff, 0xff, 0xf9, 0x0, 0x0, 0x0,
    0x19, 0x99, 0x99, 0x99, 0xff, 0xf9, 0x0, 0x0,
    0x0, 0x3f, 0xff, 0x60, 0x0, 0xff, 0xf9, 0x0,
    0x0, 0x0, 0x3f, 0xff, 0x60, 0x0, 0xff, 0xf9,
    0x0, 0x0, 0x0, 0x3f, 0xff, 0x60, 0x0, 0xff,
    0xf9, 0x0, 0xc, 0xff, 0xc0, 0x0, 0x0, 0x0,
    0xff, 0xf9, 0x0, 0xc, 0xff, 0xc0, 0x0, 0x0,
    0x0, 0xff, 0xf9, 0x0, 0xc, 0xff, 0xc0, 0x0,
    0x0, 0x0, 0xff, 0xfd, 0x99, 0x99, 0x99, 0x70,
    0x0, 0x0, 0x0, 0xff, 0xff, 0xff, 0xf3, 0x0,
    0x0, 0x0, 0x0, 0x0, 0xff, 0xff, 0xff, 0xf3,
    0x0, 0x0, 0x0, 0x0, 0x0, 0xff, 0xff, 0xff,
    0xf3, 0x0, 0x0, 0x0, 0x0, 0x0, 0xff, 0xf9,
    0x0, 0xc, 0xff, 0xc0, 0x0, 0x0, 0x0, 0xff,
    0xf9, 0x0, 0xc, 0xff, 0xc0, 0x0, 0x0, 0x0,
    0xff, 0xf9, 0x0, 0xc, 0xff, 0xc0, 0x0, 0x0,
    0x0, 0xff, 0xf9, 0x0, 0x7, 0x99, 0x70, 0x0,
    0x0, 0x0, 0xff, 0xf9, 0x0, 0x0, 0x0, 0x3f,
    0xff, 0x60, 0x0, 0xff, 0xf9, 0x0, 0x0, 0x0,
    0x3f, 0xff, 0x60, 0x0, 0xff, 0xf9, 0x0, 0x0,
    0x0, 0x3f, 0xff, 0x60, 0x0, 0xff, 0xf9, 0x0,
    0x0, 0x0, 0x16, 0x66, 0x89, 0x99, 0xff, 0xf9,
    0x0, 0x0, 0x0, 0x0, 0x0, 0x9f, 0xff, 0xff,
    0xf9, 0x0, 0x0, 0x0, 0x0, 0x0, 0x9f, 0xff,
    0xff, 0xf9, 0x0, 0x0, 0x0, 0x0, 0x0, 0x9f,
    0xff,

    /* U+004C "L" */
    0xff, 0xf9, 0x0, 0x0, 0x0, 0x0, 0x0, 0x0,
    0x0, 0xff, 0xf9, 0x0, 0x0, 0x0, 0x0, 0x0,
    0x0, 0x0, 0xff, 0xf9, 0x0, 0x0, 0x0, 0x0,
    0x0, 0x0, 0x0, 0xff, 0xf9, 0x0, 0x0, 0x0,
    0x0, 0x0, 0x0, 0x0, 0xff, 0xf9, 0x0, 0x0,
    0x0, 0x0, 0x0, 0x0, 0x0, 0xff, 0xf9, 0x0,
    0x0, 0x0, 0x0, 0x0, 0x0, 0x0, 0xff, 0xf9,
    0x0, 0x0, 0x0, 0x0, 0x0, 0x0, 0x0, 0xff,
    0xf9, 0x0, 0x0, 0x0, 0x0, 0x0, 0x0, 0x0,
    0xff, 0xf9, 0x0, 0x0, 0x0, 0x0, 0x0, 0x0,
    0x0, 0xff, 0xf9, 0x0, 0x0, 0x0, 0x0, 0x0,
    0x0, 0x0, 0xff, 0xf9, 0x0, 0x0, 0x0, 0x0,
    0x0, 0x0, 0x0, 0xff, 0xf9, 0x0, 0x0, 0x0,
    0x0, 0x0, 0x0, 0x0, 0xff, 0xf9, 0x0, 0x0,
    0x0, 0x0, 0x0, 0x0, 0x0, 0xff, 0xf9, 0x0,
    0x0, 0x0, 0x0, 0x0, 0x0, 0x0, 0xff, 0xf9,
    0x0, 0x0, 0x0, 0x0, 0x0, 0x0, 0x0, 0xff,
    0xf9, 0x0, 0x0, 0x0, 0x0, 0x0, 0x0, 0x0,
    0xff, 0xf9, 0x0, 0x0, 0x0, 0x0, 0x0, 0x0,
    0x0, 0xff, 0xf9, 0x0, 0x0, 0x0, 0x0, 0x0,
    0x0, 0x0, 0xff, 0xf9, 0x0, 0x0, 0x0, 0x0,
    0x0, 0x0, 0x0, 0xff, 0xf9, 0x0, 0x0, 0x0,
    0x0, 0x0, 0x0, 0x0, 0xff, 0xf9, 0x0, 0x0,
    0x0, 0x0, 0x0, 0x0, 0x0, 0xff, 0xfd, 0x99,
    0x99, 0x99, 0x99, 0x99, 0x99, 0x99, 0xff, 0xff,
    0xff, 0xff, 0xff, 0xff, 0xff, 0xff, 0xff, 0xff,
    0xff, 0xff, 0xff, 0xff, 0xff, 0xff, 0xff, 0xff,
    0xff, 0xff, 0xff, 0xff, 0xff, 0xff, 0xff, 0xff,
    0xff,

    /* U+004D "M" */
    0xff, 0xf9, 0x0, 0x0, 0x0, 0x0, 0x0, 0x9f,
    0xff, 0xff, 0xf9, 0x0, 0x0, 0x0, 0x0, 0x0,
    0x9f, 0xff, 0xff, 0xf9, 0x0, 0x0, 0x0, 0x0,
    0x0, 0x9f, 0xff, 0xff, 0xfd, 0x99, 0x91, 0x0,
    0x19, 0x99, 0xdf, 0xff, 0xff, 0xff, 0xff, 0xf3,
    0x0, 0x3f, 0xff, 0xff, 0xff, 0xff, 0xff, 0xff,
    0xf3, 0x0, 0x3f, 0xff, 0xff, 0xff, 0xff, 0xff,
    0xff, 0xf3, 0x0, 0x3f, 0xff, 0xff, 0xff, 0xff,
    0xf9, 0x0, 0xc, 0xff, 0xc0, 0x0, 0x9f, 0xff,
    0xff, 0xf9, 0x0, 0xc, 0xff, 0xc0, 0x0, 0x9f,
    0xff, 0xff, 0xf9, 0x0, 0xc, 0xff, 0xc0, 0x0,
    0x9f, 0xff, 0xff, 0xf9, 0x0, 0xc, 0xff, 0xc0,
    0x0, 0x9f, 0xff, 0xff, 0xf9, 0x0, 0xc, 0xff,
    0xc0, 0x0, 0x9f, 0xff, 0xff, 0xf9, 0x0, 0xc,
    0xff, 0xc0, 0x0, 0x9f, 0xff, 0xff, 0xf9, 0x0,
    0xc, 0xff, 0xc0, 0x0, 0x9f, 0xff, 0xff, 0xf9,
    0x0, 0x2, 0x33, 0x20, 0x0, 0x9f, 0xff, 0xff,
    0xf9, 0x0, 0x0, 0x0, 0x0, 0x0, 0x9f, 0xff,
    0xff, 0xf9, 0x0, 0x0, 0x0, 0x0, 0x0, 0x9f,
    0xff, 0xff, 0xf9, 0x0, 0x0, 0x0, 0x0, 0x0,
    0x9f, 0xff, 0xff, 0xf9, 0x0, 0x0, 0x0, 0x0,
    0x0, 0x9f, 0xff, 0xff, 0xf9, 0x0, 0x0, 0x0,
    0x0, 0x0, 0x9f, 0xff, 0xff, 0xf9, 0x0, 0x0,
    0x0, 0x0, 0x0, 0x9f, 0xff, 0xff, 0xf9, 0x0,
    0x0, 0x0, 0x0, 0x0, 0x9f, 0xff, 0xff, 0xf9,
    0x0, 0x0, 0x0, 0x0, 0x0, 0x9f, 0xff, 0xff,
    0xf9, 0x0, 0x0, 0x0, 0x0, 0x0, 0x9f, 0xff,
    0xff, 0xf9, 0x0, 0x0, 0x0, 0x0, 0x0, 0x9f,
    0xff,

    /* U+004E "N" */
    0xff, 0xf9, 0x0, 0x0, 0x0, 0x0, 0x0, 0x9f,
    0xff, 0xff, 0xf9, 0x0, 0x0, 0x0, 0x0, 0x0,
    0x9f, 0xff, 0xff, 0xf9, 0x0, 0x0, 0x0, 0x0,
    0x0, 0x9f, 0xff, 0xff, 0xf9, 0x0, 0x0, 0x0,
    0x0, 0x0, 0x9f, 0xff, 0xff, 0xf9, 0x0, 0x0,
    0x0, 0x0, 0x0, 0x9f, 0xff, 0xff, 0xf9, 0x0,
    0x0, 0x0, 0x0, 0x0, 0x9f, 0xff, 0xff, 0xf9,
    0x0, 0x0, 0x0, 0x0, 0x0, 0x9f, 0xff, 0xff,
    0xff, 0xff, 0xf3, 0x0, 0x0, 0x0, 0x9f, 0xff,
    0xff, 0xff, 0xff, 0xf3, 0x0, 0x0, 0x0, 0x9f,
    0xff, 0xff, 0xff, 0xff, 0xf3, 0x0, 0x0, 0x0,
    0x9f, 0xff, 0xff, 0xfd, 0x99, 0x99, 0x99, 0x70,
    0x0, 0x9f, 0xff, 0xff, 0xf9, 0x0, 0xc, 0xff,
    0xc0, 0x0, 0x9f, 0xff, 0xff, 0xf9, 0x0, 0xc,
    0xff, 0xc0, 0x0, 0x9f, 0xff, 0xff, 0xf9, 0x0,
    0xc, 0xff, 0xc0, 0x0, 0x9f, 0xff, 0xff, 0xf9,
    0x0, 0x0, 0x0, 0x3f, 0xff, 0xff, 0xff, 0xff,
    0xf9, 0x0, 0x0, 0x0, 0x3f, 0xff, 0xff, 0xff,
    0xff, 0xf9, 0x0, 0x0, 0x0, 0x3f, 0xff, 0xff,
    0xff, 0xff, 0xf9, 0x0, 0x0, 0x0, 0x19, 0x99,
    0xdf, 0xff, 0xff, 0xf9, 0x0, 0x0, 0x0, 0x0,
    0x0, 0x9f, 0xff, 0xff, 0xf9, 0x0, 0x0, 0x0,
    0x0, 0x0, 0x9f, 0xff, 0xff, 0xf9, 0x0, 0x0,
    0x0, 0x0, 0x0, 0x9f, 0xff, 0xff, 0xf9, 0x0,
    0x0, 0x0, 0x0, 0x0, 0x9f, 0xff, 0xff, 0xf9,
    0x0, 0x0, 0x0, 0x0, 0x0, 0x9f, 0xff, 0xff,
    0xf9, 0x0, 0x0, 0x0, 0x0, 0x0, 0x9f, 0xff,
    0xff, 0xf9, 0x0, 0x0, 0x0, 0x0, 0x0, 0x9f,
    0xff,

    /* U+004F "O" */
    0x0, 0x6, 0xff, 0xff, 0xff, 0xff, 0xff, 0x60,
    0x0, 0x0, 0x6, 0xff, 0xff, 0xff, 0xff, 0xff,
    0x60, 0x0, 0x0, 0x6, 0xff, 0xff, 0xff, 0xff,
    0xff, 0x60, 0x0, 0xff, 0xfd, 0x99, 0x99, 0x99,
    0x99, 0x99, 0xdf, 0xff, 0xff, 0xf9, 0x0, 0x0,
    0x0, 0x0, 0x0, 0x9f, 0xff, 0xff, 0xf9, 0x0,
    0x0, 0x0, 0x0, 0x0, 0x9f, 0xff, 0xff, 0xf9,
    0x0, 0x0, 0x0, 0x0, 0x0, 0x9f, 0xff, 0xff,
    0xf9, 0x0, 0x0, 0x0, 0x0, 0x0, 0x9f, 0xff,
    0xff, 0xf9, 0x0, 0x0, 0x0, 0x0, 0x0, 0x9f,
    0xff, 0xff, 0xf9, 0x0, 0x0, 0x0, 0x0, 0x0,
    0x9f, 0xff, 0xff, 0xf9, 0x0, 0x0, 0x0, 0x0,
    0x0, 0x9f, 0xff, 0xff, 0xf9, 0x0, 0x0, 0x0,
    0x0, 0x0, 0x9f, 0xff, 0xff, 0xf9, 0x0, 0x0,
    0x0, 0x0, 0x0, 0x9f, 0xff, 0xff, 0xf9, 0x0,
    0x0, 0x0, 0x0, 0x0, 0x9f, 0xff, 0xff, 0xf9,
    0x0, 0x0, 0x0, 0x0, 0x0, 0x9f, 0xff, 0xff,
    0xf9, 0x0, 0x0, 0x0, 0x0, 0x0, 0x9f, 0xff,
    0xff, 0xf9, 0x0, 0x0, 0x0, 0x0, 0x0, 0x9f,
    0xff, 0xff, 0xf9, 0x0, 0x0, 0x0, 0x0, 0x0,
    0x9f, 0xff, 0xff, 0xf9, 0x0, 0x0, 0x0, 0x0,
    0x0, 0x9f, 0xff, 0xff, 0xf9, 0x0, 0x0, 0x0,
    0x0, 0x0, 0x9f, 0xff, 0xff, 0xf9, 0x0, 0x0,
    0x0, 0x0, 0x0, 0x9f, 0xff, 0x0, 0x3, 0x99,
    0x99, 0x99, 0x99, 0x99, 0x30, 0x0, 0x0, 0x6,
    0xff, 0xff, 0xff, 0xff, 0xff, 0x60, 0x0, 0x0,
    0x6, 0xff, 0xff, 0xff, 0xff, 0xff, 0x60, 0x0,
    0x0, 0x6, 0xff, 0xff, 0xff, 0xff, 0xff, 0x60,
    0x0,

    /* U+0050 "P" */
    0xff, 0xff, 0xff, 0xff, 0xff, 0xff, 0xff, 0x60,
    0x0, 0xff, 0xff, 0xff, 0xff, 0xff, 0xff, 0xff,
    0x60, 0x0, 0xff, 0xff, 0xff, 0xff, 0xff, 0xff,
    0xff, 0x60, 0x0, 0xff, 0xfd, 0x99, 0x99, 0x99,
    0x99, 0x99, 0xdf, 0xff, 0xff, 0xf9, 0x0, 0x0,
    0x0, 0x0, 0x0, 0x9f, 0xff, 0xff, 0xf9, 0x0,
    0x0, 0x0, 0x0, 0x0, 0x9f, 0xff, 0xff, 0xf9,
    0x0, 0x0, 0x0, 0x0, 0x0, 0x9f, 0xff, 0xff,
    0xf9, 0x0, 0x0, 0x0, 0x0, 0x0, 0x9f, 0xff,
    0xff, 0xf9, 0x0, 0x0, 0x0, 0x0, 0x0, 0x9f,
    0xff, 0xff, 0xf9, 0x0, 0x0, 0x0, 0x0, 0x0,
    0x9f, 0xff, 0xff, 0xfd, 0x99, 0x99, 0x99, 0x99,
    0x99, 0x53, 0x33, 0xff, 0xff, 0xff, 0xff, 0xff,
    0xff, 0xff, 0x60, 0x0, 0xff, 0xff, 0xff, 0xff,
    0xff, 0xff, 0xff, 0x60, 0x0, 0xff, 0xff, 0xff,
    0xff, 0xff, 0xff, 0xff, 0x60, 0x0, 0xff, 0xf9,
    0x0, 0x0, 0x0, 0x0, 0x0, 0x0, 0x0, 0xff,
    0xf9, 0x0, 0x0, 0x0, 0x0, 0x0, 0x0, 0x0,
    0xff, 0xf9, 0x0, 0x0, 0x0, 0x0, 0x0, 0x0,
    0x0, 0xff, 0xf9, 0x0, 0x0, 0x0, 0x0, 0x0,
    0x0, 0x0, 0xff, 0xf9, 0x0, 0x0, 0x0, 0x0,
    0x0, 0x0, 0x0, 0xff, 0xf9, 0x0, 0x0, 0x0,
    0x0, 0x0, 0x0, 0x0, 0xff, 0xf9, 0x0, 0x0,
    0x0, 0x0, 0x0, 0x0, 0x0, 0xff, 0xf9, 0x0,
    0x0, 0x0, 0x0, 0x0, 0x0, 0x0, 0xff, 0xf9,
    0x0, 0x0, 0x0, 0x0, 0x0, 0x0, 0x0, 0xff,
    0xf9, 0x0, 0x0, 0x0, 0x0, 0x0, 0x0, 0x0,
    0xff, 0xf9, 0x0, 0x0, 0x0, 0x0, 0x0, 0x0,
    0x0,

    /* U+0051 "Q" */
    0x0, 0x6, 0xff, 0xff, 0xff, 0xff, 0xff, 0x60,
    0x0, 0x0, 0x6, 0xff, 0xff, 0xff, 0xff, 0xff,
    0x60, 0x0, 0x0, 0x6, 0xff, 0xff, 0xff, 0xff,
    0xff, 0x60, 0x0, 0xcc, 0xcb, 0x99, 0x99, 0x99,
    0x99, 0x99, 0xbc, 0xcc, 0xff, 0xf9, 0x0, 0x0,
    0x0, 0x0, 0x0, 0x9f, 0xff, 0xff, 0xf9, 0x0,
    0x0, 0x0, 0x0, 0x0, 0x9f, 0xff, 0xff, 0xf9,
    0x0, 0x0, 0x0, 0x0, 0x0, 0x9f, 0xff, 0xff,
    0xf9, 0x0, 0x0, 0x0, 0x0, 0x0, 0x9f, 0xff,
    0xff, 0xf9, 0x0, 0x0, 0x0, 0x0, 0x0, 0x9f,
    0xff, 0xff, 0xf9, 0x0, 0x0, 0x0, 0x0, 0x0,
    0x9f, 0xff, 0xff, 0xf9, 0x0, 0x0, 0x0, 0x0,
    0x0, 0x9f, 0xff, 0xff, 0xf9, 0x0, 0x0, 0x0,
    0x0, 0x0, 0x9f, 0xff, 0xff, 0xf9, 0x0, 0x0,
    0x0, 0x0, 0x0, 0x9f, 0xff, 0xff, 0xf9, 0x0,
    0x0, 0x0, 0x0, 0x0, 0x9f, 0xff, 0xff, 0xf9,
    0x0, 0xc, 0xff, 0xc0, 0x0, 0x9f, 0xff, 0xff,
    0xf9, 0x0, 0xc, 0xff, 0xc0, 0x0, 0x9f, 0xff,
    0xff, 0xf9, 0x0, 0xc, 0xff, 0xc0, 0x0, 0x9f,
    0xff, 0xff, 0xf9, 0x0, 0x7, 0x99, 0x70, 0x0,
    0x59, 0x99, 0xff, 0xf9, 0x0, 0x0, 0x0, 0x3f,
    0xff, 0x60, 0x0, 0xff, 0xf9, 0x0, 0x0, 0x0,
    0x3f, 0xff, 0x60, 0x0, 0xff, 0xf9, 0x0, 0x0,
    0x0, 0x3f, 0xff, 0x60, 0x0, 0x66, 0x67, 0x99,
    0x99, 0x99, 0x86, 0x66, 0x89, 0x99, 0x0, 0x6,
    0xff, 0xff, 0xff, 0xc0, 0x0, 0x9f, 0xff, 0x0,
    0x6, 0xff, 0xff, 0xff, 0xc0, 0x0, 0x9f, 0xff,
    0x0, 0x6, 0xff, 0xff, 0xff, 0xc0, 0x0, 0x9f,
    0xff,

    /* U+0052 "R" */
    0xff, 0xff, 0xff, 0xff, 0xff, 0xff, 0xff, 0x60,
    0x0, 0xff, 0xff, 0xff, 0xff, 0xff, 0xff, 0xff,
    0x60, 0x0, 0xff, 0xff, 0xff, 0xff, 0xff, 0xff,
    0xff, 0x60, 0x0, 0xff, 0xfd, 0x99, 0x99, 0x99,
    0x99, 0x99, 0xdf, 0xff, 0xff, 0xf9, 0x0, 0x0,
    0x0, 0x0, 0x0, 0x9f, 0xff, 0xff, 0xf9, 0x0,
    0x0, 0x0, 0x0, 0x0, 0x9f, 0xff, 0xff, 0xf9,
    0x0, 0x0, 0x0, 0x0, 0x0, 0x9f, 0xff, 0xff,
    0xf9, 0x0, 0x0, 0x0, 0x0, 0x0, 0x9f, 0xff,
    0xff, 0xf9, 0x0, 0x0, 0x0, 0x0, 0x0, 0x9f,
    0xff, 0xff, 0xf9, 0x0, 0x0, 0x0, 0x0, 0x0,
    0x9f, 0xff, 0xff, 0xfd, 0x99, 0x99, 0x99, 0x99,
    0x99, 0x53, 0x33, 0xff, 0xff, 0xff, 0xff, 0xff,
    0xff, 0xff, 0x60, 0x0, 0xff, 0xff, 0xff, 0xff,
    0xff, 0xff, 0xff, 0x60, 0x0, 0xff, 0xff, 0xff,
    0xff, 0xff, 0xff, 0xff, 0x60, 0x0, 0xff, 0xf9,
    0x0, 0xc, 0xff, 0xc0, 0x0, 0x0, 0x0, 0xff,
    0xf9, 0x0, 0xc, 0xff, 0xc0, 0x0, 0x0, 0x0,
    0xff, 0xf9, 0x0, 0xc, 0xff, 0xc0, 0x0, 0x0,
    0x0, 0xff, 0xf9, 0x0, 0xc, 0xff, 0xc0, 0x0,
    0x0, 0x0, 0xff, 0xf9, 0x0, 0x0, 0x0, 0x3f,
    0xff, 0x60, 0x0, 0xff, 0xf9, 0x0, 0x0, 0x0,
    0x3f, 0xff, 0x60, 0x0, 0xff, 0xf9, 0x0, 0x0,
    0x0, 0x3f, 0xff, 0x60, 0x0, 0xff, 0xf9, 0x0,
    0x0, 0x0, 0x16, 0x66, 0x89, 0x99, 0xff, 0xf9,
    0x0, 0x0, 0x0, 0x0, 0x0, 0x9f, 0xff, 0xff,
    0xf9, 0x0, 0x0, 0x0, 0x0, 0x0, 0x9f, 0xff,
    0xff, 0xf9, 0x0, 0x0, 0x0, 0x0, 0x0, 0x9f,
    0xff,

    /* U+0053 "S" */
    0x0, 0x6, 0xff, 0xff, 0xff, 0xff, 0xff, 0x60,
    0x0, 0x0, 0x6, 0xff, 0xff, 0xff, 0xff, 0xff,
    0x60, 0x0, 0x0, 0x6, 0xff, 0xff, 0xff, 0xff,
    0xff, 0x60, 0x0, 0xff, 0xfd, 0x99, 0x99, 0x99,
    0x99, 0x99, 0xdf, 0xff, 0xff, 0xf9, 0x0, 0x0,
    0x0, 0x0, 0x0, 0x9f, 0xff, 0xff, 0xf9, 0x0,
    0x0, 0x0, 0x0, 0x0, 0x9f, 0xff, 0xff, 0xf9,
    0x0, 0x0, 0x0, 0x0, 0x0, 0x59, 0x99, 0xff,
    0xf9, 0x0, 0x0, 0x0, 0x0, 0x0, 0x0, 0x0,
    0xff, 0xf9, 0x0, 0x0, 0x0, 0x0, 0x0, 0x0,
    0x0, 0xff, 0xf9, 0x0, 0x0, 0x0, 0x0, 0x0,
    0x0, 0x0, 0x33, 0x35, 0x99, 0x99, 0x99, 0x99,
    0x99, 0x30, 0x0, 0x0, 0x6, 0xff, 0xff, 0xff,
    0xff, 0xff, 0x60, 0x0, 0x0, 0x6, 0xff, 0xff,
    0xff, 0xff, 0xff, 0x60, 0x0, 0x0, 0x6, 0xff,
    0xff, 0xff, 0xff, 0xff, 0x60, 0x0, 0x0, 0x0,
    0x0, 0x0, 0x0, 0x0, 0x0, 0x7c, 0xcc, 0x0,
    0x0, 0x0, 0x0, 0x0, 0x0, 0x0, 0x9f, 0xff,
    0x0, 0x0, 0x0, 0x0, 0x0, 0x0, 0x0, 0x9f,
    0xff, 0x0, 0x0, 0x0, 0x0, 0x0, 0x0, 0x0,
    0x9f, 0xff, 0xff, 0xf9, 0x0, 0x0, 0x0, 0x0,
    0x0, 0x9f, 0xff, 0xff, 0xf9, 0x0, 0x0, 0x0,
    0x0, 0x0, 0x9f, 0xff, 0xff, 0xf9, 0x0, 0x0,
    0x0, 0x0, 0x0, 0x9f, 0xff, 0x66, 0x67, 0x99,
    0x99, 0x99, 0x99, 0x99, 0x76, 0x66, 0x0, 0x6,
    0xff, 0xff, 0xff, 0xff, 0xff, 0x60, 0x0, 0x0,
    0x6, 0xff, 0xff, 0xff, 0xff, 0xff, 0x60, 0x0,
    0x0, 0x6, 0xff, 0xff, 0xff, 0xff, 0xff, 0x60,
    0x0,

    /* U+0054 "T" */
    0xff, 0xff, 0xff, 0xff, 0xff, 0xff, 0xff, 0xff,
    0xff, 0xff, 0xff, 0xff, 0xff, 0xff, 0xff, 0xff,
    0xff, 0xff, 0xff, 0xff, 0xff, 0xff, 0xff, 0xff,
    0xff, 0xff, 0xff, 0x99, 0x99, 0x99, 0x9e, 0xff,
    0xe9, 0x99, 0x99, 0x99, 0x0, 0x0, 0x0, 0xc,
    0xff, 0xc0, 0x0, 0x0, 0x0, 0x0, 0x0, 0x0,
    0xc, 0xff, 0xc0, 0x0, 0x0, 0x0, 0x0, 0x0,
    0x0, 0xc, 0xff, 0xc0, 0x0, 0x0, 0x0, 0x0,
    0x0, 0x0, 0xc, 0xff, 0xc0, 0x0, 0x0, 0x0,
    0x0, 0x0, 0x0, 0xc, 0xff, 0xc0, 0x0, 0x0,
    0x0, 0x0, 0x0, 0x0, 0xc, 0xff, 0xc0, 0x0,
    0x0, 0x0, 0x0, 0x0, 0x0, 0xc, 0xff, 0xc0,
    0x0, 0x0, 0x0, 0x0, 0x0, 0x0, 0xc, 0xff,
    0xc0, 0x0, 0x0, 0x0, 0x0, 0x0, 0x0, 0xc,
    0xff, 0xc0, 0x0, 0x0, 0x0, 0x0, 0x0, 0x0,
    0xc, 0xff, 0xc0, 0x0, 0x0, 0x0, 0x0, 0x0,
    0x0, 0xc, 0xff, 0xc0, 0x0, 0x0, 0x0, 0x0,
    0x0, 0x0, 0xc, 0xff, 0xc0, 0x0, 0x0, 0x0,
    0x0, 0x0, 0x0, 0xc, 0xff, 0xc0, 0x0, 0x0,
    0x0, 0x0, 0x0, 0x0, 0xc, 0xff, 0xc0, 0x0,
    0x0, 0x0, 0x0, 0x0, 0x0, 0xc, 0xff, 0xc0,
    0x0, 0x0, 0x0, 0x0, 0x0, 0x0, 0xc, 0xff,
    0xc0, 0x0, 0x0, 0x0, 0x0, 0x0, 0x0, 0xc,
    0xff, 0xc0, 0x0, 0x0, 0x0, 0x0, 0x0, 0x0,
    0xc, 0xff, 0xc0, 0x0, 0x0, 0x0, 0x0, 0x0,
    0x0, 0xc, 0xff, 0xc0, 0x0, 0x0, 0x0, 0x0,
    0x0, 0x0, 0xc, 0xff, 0xc0, 0x0, 0x0, 0x0,
    0x0, 0x0, 0x0, 0xc, 0xff, 0xc0, 0x0, 0x0,
    0x0,

    /* U+0055 "U" */
    0xff, 0xf9, 0x0, 0x0, 0x0, 0x0, 0x0, 0x9f,
    0xff, 0xff, 0xf9, 0x0, 0x0, 0x0, 0x0, 0x0,
    0x9f, 0xff, 0xff, 0xf9, 0x0, 0x0, 0x0, 0x0,
    0x0, 0x9f, 0xff, 0xff, 0xf9, 0x0, 0x0, 0x0,
    0x0, 0x0, 0x9f, 0xff, 0xff, 0xf9, 0x0, 0x0,
    0x0, 0x0, 0x0, 0x9f, 0xff, 0xff, 0xf9, 0x0,
    0x0, 0x0, 0x0, 0x0, 0x9f, 0xff, 0xff, 0xf9,
    0x0, 0x0, 0x0, 0x0, 0x0, 0x9f, 0xff, 0xff,
    0xf9, 0x0, 0x0, 0x0, 0x0, 0x0, 0x9f, 0xff,
    0xff, 0xf9, 0x0, 0x0, 0x0, 0x0, 0x0, 0x9f,
    0xff, 0xff, 0xf9, 0x0, 0x0, 0x0, 0x0, 0x0,
    0x9f, 0xff, 0xff, 0xf9, 0x0, 0x0, 0x0, 0x0,
    0x0, 0x9f, 0xff, 0xff, 0xf9, 0x0, 0x0, 0x0,
    0x0, 0x0, 0x9f, 0xff, 0xff, 0xf9, 0x0, 0x0,
    0x0, 0x0, 0x0, 0x9f, 0xff, 0xff, 0xf9, 0x0,
    0x0, 0x0, 0x0, 0x0, 0x9f, 0xff, 0xff, 0xf9,
    0x0, 0x0, 0x0, 0x0, 0x0, 0x9f, 0xff, 0xff,
    0xf9, 0x0, 0x0, 0x0, 0x0, 0x0, 0x9f, 0xff,
    0xff, 0xf9, 0x0, 0x0, 0x0, 0x0, 0x0, 0x9f,
    0xff, 0xff, 0xf9, 0x0, 0x0, 0x0, 0x0, 0x0,
    0x9f, 0xff, 0xff, 0xf9, 0x0, 0x0, 0x0, 0x0,
    0x0, 0x9f, 0xff, 0xff, 0xf9, 0x0, 0x0, 0x0,
    0x0, 0x0, 0x9f, 0xff, 0xff, 0xf9, 0x0, 0x0,
    0x0, 0x0, 0x0, 0x9f, 0xff, 0x99, 0x99, 0x99,
    0x99, 0x99, 0x99, 0x99, 0x99, 0x99, 0x0, 0x6,
    0xff, 0xff, 0xff, 0xff, 0xff, 0x60, 0x0, 0x0,
    0x6, 0xff, 0xff, 0xff, 0xff, 0xff, 0x60, 0x0,
    0x0, 0x6, 0xff, 0xff, 0xff, 0xff, 0xff, 0x60,
    0x0,

    /* U+0056 "V" */
    0xff, 0xf9, 0x0, 0x0, 0x0, 0x0, 0x0, 0x9f,
    0xff, 0xff, 0xf9, 0x0, 0x0, 0x0, 0x0, 0x0,
    0x9f, 0xff, 0xff, 0xf9, 0x0, 0x0, 0x0, 0x0,
    0x0, 0x9f, 0xff, 0xff, 0xf9, 0x0, 0x0, 0x0,
    0x0, 0x0, 0x9f, 0xff, 0xff, 0xf9, 0x0, 0x0,
    0x0, 0x0, 0x0, 0x9f, 0xff, 0xff, 0xf9, 0x0,
    0x0, 0x0, 0x0, 0x0, 0x9f, 0xff, 0xff, 0xf9,
    0x0, 0x0, 0x0, 0x0, 0x0, 0x9f, 0xff, 0xff,
    0xf9, 0x0, 0x0, 0x0, 0x0, 0x0, 0x9f, 0xff,
    0xff, 0xf9, 0x0, 0x0, 0x0, 0x0, 0x0, 0x9f,
    0xff, 0xff, 0xf9, 0x0, 0x0, 0x0, 0x0, 0x0,
    0x9f, 0xff, 0xff, 0xf9, 0x0, 0x0, 0x0, 0x0,
    0x0, 0x9f, 0xff, 0xff, 0xf9, 0x0, 0x0, 0x0,
    0x0, 0x0, 0x9f, 0xff, 0xff, 0xf9, 0x0, 0x0,
    0x0, 0x0, 0x0, 0x9f, 0xff, 0xff, 0xf9, 0x0,
    0x0, 0x0, 0x0, 0x0, 0x9f, 0xff, 0xff, 0xf9,
    0x0, 0x0, 0x0, 0x0, 0x0, 0x9f, 0xff, 0xff,
    0xf9, 0x0, 0x0, 0x0, 0x0, 0x0, 0x9f, 0xff,
    0xff, 0xf9, 0x0, 0x0, 0x0, 0x0, 0x0, 0x9f,
    0xff, 0xff, 0xf9, 0x0, 0x0, 0x0, 0x0, 0x0,
    0x9f, 0xff, 0x0, 0x6, 0xff, 0xf3, 0x0, 0x3f,
    0xff, 0x60, 0x0, 0x0, 0x6, 0xff, 0xf3, 0x0,
    0x3f, 0xff, 0x60, 0x0, 0x0, 0x6, 0xff, 0xf3,
    0x0, 0x3f, 0xff, 0x60, 0x0, 0x0, 0x2, 0x66,
    0x68, 0x99, 0x86, 0x66, 0x20, 0x0, 0x0, 0x0,
    0x0, 0xc, 0xff, 0xc0, 0x0, 0x0, 0x0, 0x0,
    0x0, 0x0, 0xc, 0xff, 0xc0, 0x0, 0x0, 0x0,
    0x0, 0x0, 0x0, 0xc, 0xff, 0xc0, 0x0, 0x0,
    0x0,

    /* U+0057 "W" */
    0xff, 0xf9, 0x0, 0x0, 0x0, 0x0, 0x0, 0x9f,
    0xff, 0xff, 0xf9, 0x0, 0x0, 0x0, 0x0, 0x0,
    0x9f, 0xff, 0xff, 0xf9, 0x0, 0x0, 0x0, 0x0,
    0x0, 0x9f, 0xff, 0xff, 0xf9, 0x0, 0x0, 0x0,
    0x0, 0x0, 0x9f, 0xff, 0xff, 0xf9, 0x0, 0x0,
    0x0, 0x0, 0x0, 0x9f, 0xff, 0xff, 0xf9, 0x0,
    0x0, 0x0, 0x0, 0x0, 0x9f, 0xff, 0xff, 0xf9,
    0x0, 0x0, 0x0, 0x0, 0x0, 0x9f, 0xff, 0xff,
    0xf9, 0x0, 0xc, 0xff, 0xc0, 0x0, 0x9f, 0xff,
    0xff, 0xf9, 0x0, 0xc, 0xff, 0xc0, 0x0, 0x9f,
    0xff, 0xff, 0xf9, 0x0, 0xc, 0xff, 0xc0, 0x0,
    0x9f, 0xff, 0xff, 0xf9, 0x0, 0xc, 0xff, 0xc0,
    0x0, 0x9f, 0xff, 0xff, 0xf9, 0x0, 0xc, 0xff,
    0xc0, 0x0, 0x9f, 0xff, 0xff, 0xf9, 0x0, 0xc,
    0xff, 0xc0, 0x0, 0x9f, 0xff, 0xff, 0xf9, 0x0,
    0xc, 0xff, 0xc0, 0x0, 0x9f, 0xff, 0xff, 0xf9,
    0x0, 0xc, 0xff, 0xc0, 0x0, 0x9f, 0xff, 0xff,
    0xf9, 0x0, 0xc, 0xff, 0xc0, 0x0, 0x9f, 0xff,
    0xff, 0xf9, 0x0, 0xc, 0xff, 0xc0, 0x0, 0x9f,
    0xff, 0xff, 0xf9, 0x0, 0xc, 0xff, 0xc0, 0x0,
    0x9f, 0xff, 0xff, 0xf9, 0x0, 0xc, 0xff, 0xc0,
    0x0, 0x9f, 0xff, 0xff, 0xf9, 0x0, 0xc, 0xff,
    0xc0, 0x0, 0x9f, 0xff, 0xff, 0xf9, 0x0, 0xc,
    0xff, 0xc0, 0x0, 0x9f, 0xff, 0x99, 0x99, 0x99,
    0x99, 0x99, 0x99, 0x99, 0x99, 0x99, 0x0, 0x6,
    0xff, 0xf3, 0x0, 0x3f, 0xff, 0x60, 0x0, 0x0,
    0x6, 0xff, 0xf3, 0x0, 0x3f, 0xff, 0x60, 0x0,
    0x0, 0x6, 0xff, 0xf3, 0x0, 0x3f, 0xff, 0x60,
    0x0,

    /* U+0058 "X" */
    0xff, 0xf9, 0x0, 0x0, 0x0, 0x0, 0x0, 0x9f,
    0xff, 0xff, 0xf9, 0x0, 0x0, 0x0, 0x0, 0x0,
    0x9f, 0xff, 0xff, 0xf9, 0x0, 0x0, 0x0, 0x0,
    0x0, 0x9f, 0xff, 0xff, 0xf9, 0x0, 0x0, 0x0,
    0x0, 0x0, 0x9f, 0xff, 0xff, 0xf9, 0x0, 0x0,
    0x0, 0x0, 0x0, 0x9f, 0xff, 0xff, 0xf9, 0x0,
    0x0, 0x0, 0x0, 0x0, 0x9f, 0xff, 0xff, 0xf9,
    0x0, 0x0, 0x0, 0x0, 0x0, 0x9f, 0xff, 0x33,
    0x38, 0xff, 0xf3, 0x0, 0x3f, 0xff, 0x83, 0x33,
    0x0, 0x6, 0xff, 0xf3, 0x0, 0x3f, 0xff, 0x60,
    0x0, 0x0, 0x6, 0xff, 0xf3, 0x0, 0x3f, 0xff,
    0x60, 0x0, 0x0, 0x3, 0x99, 0x99, 0x99, 0x99,
    0x99, 0x30, 0x0, 0x0, 0x0, 0x0, 0xc, 0xff,
    0xc0, 0x0, 0x0, 0x0, 0x0, 0x0, 0x0, 0xc,
    0xff, 0xc0, 0x0, 0x0, 0x0, 0x0, 0x0, 0x0,
    0xc, 0xff, 0xc0, 0x0, 0x0, 0x0, 0x0, 0x6,
    0xff, 0xf3, 0x0, 0x3f, 0xff, 0x60, 0x0, 0x0,
    0x6, 0xff, 0xf3, 0x0, 0x3f, 0xff, 0x60, 0x0,
    0x0, 0x6, 0xff, 0xf3, 0x0, 0x3f, 0xff, 0x60,
    0x0, 0x33, 0x35, 0x99, 0x91, 0x0, 0x19, 0x99,
    0x53, 0x33, 0xff, 0xf9, 0x0, 0x0, 0x0, 0x0,
    0x0, 0x9f, 0xff, 0xff, 0xf9, 0x0, 0x0, 0x0,
    0x0, 0x0, 0x9f, 0xff, 0xff, 0xf9, 0x0, 0x0,
    0x0, 0x0, 0x0, 0x9f, 0xff, 0xff, 0xf9, 0x0,
    0x0, 0x0, 0x0, 0x0, 0x9f, 0xff, 0xff, 0xf9,
    0x0, 0x0, 0x0, 0x0, 0x0, 0x9f, 0xff, 0xff,
    0xf9, 0x0, 0x0, 0x0, 0x0, 0x0, 0x9f, 0xff,
    0xff, 0xf9, 0x0, 0x0, 0x0, 0x0, 0x0, 0x9f,
    0xff,

    /* U+0059 "Y" */
    0xff, 0xf9, 0x0, 0x0, 0x0, 0x0, 0x0, 0x9f,
    0xff, 0xff, 0xf9, 0x0, 0x0, 0x0, 0x0, 0x0,
    0x9f, 0xff, 0xff, 0xf9, 0x0, 0x0, 0x0, 0x0,
    0x0, 0x9f, 0xff, 0xff, 0xf9, 0x0, 0x0, 0x0,
    0x0, 0x0, 0x9f, 0xff, 0xff, 0xf9, 0x0, 0x0,
    0x0, 0x0, 0x0, 0x9f, 0xff, 0xff, 0xf9, 0x0,
    0x0, 0x0, 0x0, 0x0, 0x9f, 0xff, 0xff, 0xf9,
    0x0, 0x0, 0x0, 0x0, 0x0, 0x9f, 0xff, 0xff,
    0xf9, 0x0, 0x0, 0x0, 0x0, 0x0, 0x9f, 0xff,
    0xff, 0xf9, 0x0, 0x0, 0x0, 0x0, 0x0, 0x9f,
    0xff, 0xff, 0xf9, 0x0, 0x0, 0x0, 0x0, 0x0,
    0x9f, 0xff, 0xcc, 0xcb, 0x99, 0x91, 0x0, 0x19,
    0x99, 0xbc, 0xcc, 0x0, 0x6, 0xff, 0xf3, 0x0,
    0x3f, 0xff, 0x60, 0x0, 0x0, 0x6, 0xff, 0xf3,
    0x0, 0x3f, 0xff, 0x60, 0x0, 0x0, 0x6, 0xff,
    0xf3, 0x0, 0x3f, 0xff, 0x60, 0x0, 0x0, 0x0,
    0x0, 0xa, 0xcc, 0xa0, 0x0, 0x0, 0x0, 0x0,
    0x0, 0x0, 0xc, 0xff, 0xc0, 0x0, 0x0, 0x0,
    0x0, 0x0, 0x0, 0xc, 0xff, 0xc0, 0x0, 0x0,
    0x0, 0x0, 0x0, 0x0, 0xc, 0xff, 0xc0, 0x0,
    0x0, 0x0, 0x0, 0x0, 0x0, 0xc, 0xff, 0xc0,
    0x0, 0x0, 0x0, 0x0, 0x0, 0x0, 0xc, 0xff,
    0xc0, 0x0, 0x0, 0x0, 0x0, 0x0, 0x0, 0xc,
    0xff, 0xc0, 0x0, 0x0, 0x0, 0x0, 0x0, 0x0,
    0xc, 0xff, 0xc0, 0x0, 0x0, 0x0, 0x0, 0x0,
    0x0, 0xc, 0xff, 0xc0, 0x0, 0x0, 0x0, 0x0,
    0x0, 0x0, 0xc, 0xff, 0xc0, 0x0, 0x0, 0x0,
    0x0, 0x0, 0x0, 0xc, 0xff, 0xc0, 0x0, 0x0,
    0x0,

    /* U+005A "Z" */
    0xff, 0xff, 0xff, 0xff, 0xff, 0xff, 0xff, 0xff,
    0xff, 0xff, 0xff, 0xff, 0xff, 0xff, 0xff, 0xff,
    0xff, 0xff, 0xff, 0xff, 0xff, 0xff, 0xff, 0xff,
    0xff, 0xff, 0xff, 0x99, 0x99, 0x99, 0x99, 0x99,
    0x99, 0x99, 0xdf, 0xff, 0x0, 0x0, 0x0, 0x0,
    0x0, 0x0, 0x0, 0x9f, 0xff, 0x0, 0x0, 0x0,
    0x0, 0x0, 0x0, 0x0, 0x9f, 0xff, 0x0, 0x0,
    0x0, 0x0, 0x0, 0x0, 0x0, 0x9f, 0xff, 0x0,
    0x0, 0x0, 0x0, 0x0, 0x3f, 0xff, 0x60, 0x0,
    0x0, 0x0, 0x0, 0x0, 0x0, 0x3f, 0xff, 0x60,
    0x0, 0x0, 0x0, 0x0, 0x0, 0x0, 0x3f, 0xff,
    0x60, 0x0, 0x0, 0x0, 0x0, 0x7, 0x99, 0x99,
    0x99, 0x30, 0x0, 0x0, 0x0, 0x0, 0xc, 0xff,
    0xc0, 0x0, 0x0, 0x0, 0x0, 0x0, 0x0, 0xc,
    0xff, 0xc0, 0x0, 0x0, 0x0, 0x0, 0x0, 0x0,
    0xc, 0xff, 0xc0, 0x0, 0x0, 0x0, 0x0, 0x6,
    0xff, 0xf3, 0x0, 0x0, 0x0, 0x0, 0x0, 0x0,
    0x6, 0xff, 0xf3, 0x0, 0x0, 0x0, 0x0, 0x0,
    0x0, 0x6, 0xff, 0xf3, 0x0, 0x0, 0x0, 0x0,
    0x0, 0x66, 0x67, 0x99, 0x91, 0x0, 0x0, 0x0,
    0x0, 0x0, 0xff, 0xf9, 0x0, 0x0, 0x0, 0x0,
    0x0, 0x0, 0x0, 0xff, 0xf9, 0x0, 0x0, 0x0,
    0x0, 0x0, 0x0, 0x0, 0xff, 0xf9, 0x0, 0x0,
    0x0, 0x0, 0x0, 0x0, 0x0, 0xff, 0xfd, 0x99,
    0x99, 0x99, 0x99, 0x99, 0x99, 0x99, 0xff, 0xff,
    0xff, 0xff, 0xff, 0xff, 0xff, 0xff, 0xff, 0xff,
    0xff, 0xff, 0xff, 0xff, 0xff, 0xff, 0xff, 0xff,
    0xff, 0xff, 0xff, 0xff, 0xff, 0xff, 0xff, 0xff,
    0xff,

    /* U+005B "[" */
    0x6f, 0xff, 0xff, 0xff, 0xff, 0xf6, 0x6f, 0xff,
    0xff, 0xff, 0xff, 0xf6, 0x6f, 0xff, 0xff, 0xff,
    0xff, 0xf6, 0x6f, 0xff, 0xb9, 0x99, 0x99, 0x93,
    0x6f, 0xff, 0x30, 0x0, 0x0, 0x0, 0x6f, 0xff,
    0x30, 0x0, 0x0, 0x0, 0x6f, 0xff, 0x30, 0x0,
    0x0, 0x0, 0x6f, 0xff, 0x30, 0x0, 0x0, 0x0,
    0x6f, 0xff, 0x30, 0x0, 0x0, 0x0, 0x6f, 0xff,
    0x30, 0x0, 0x0, 0x0, 0x6f, 0xff, 0x30, 0x0,
    0x0, 0x0, 0x6f, 0xff, 0x30, 0x0, 0x0, 0x0,
    0x6f, 0xff, 0x30, 0x0, 0x0, 0x0, 0x6f, 0xff,
    0x30, 0x0, 0x0, 0x0, 0x6f, 0xff, 0x30, 0x0,
    0x0, 0x0, 0x6f, 0xff, 0x30, 0x0, 0x0, 0x0,
    0x6f, 0xff, 0x30, 0x0, 0x0, 0x0, 0x6f, 0xff,
    0x30, 0x0, 0x0, 0x0, 0x6f, 0xff, 0x30, 0x0,
    0x0, 0x0, 0x6f, 0xff, 0x30, 0x0, 0x0, 0x0,
    0x6f, 0xff, 0x30, 0x0, 0x0, 0x0, 0x6f, 0xff,
    0xa9, 0x99, 0x99, 0x93, 0x6f, 0xff, 0xff, 0xff,
    0xff, 0xf6, 0x6f, 0xff, 0xff, 0xff, 0xff, 0xf6,
    0x6f, 0xff, 0xff, 0xff, 0xff, 0xf6,

    /* U+005C "\\" */
    0x99, 0x95, 0x0, 0x0, 0x0, 0x0, 0x0, 0x0,
    0x0, 0xff, 0xf9, 0x0, 0x0, 0x0, 0x0, 0x0,
    0x0, 0x0, 0xff, 0xf9, 0x0, 0x0, 0x0, 0x0,
    0x0, 0x0, 0x0, 0xff, 0xf9, 0x0, 0x0, 0x0,
    0x0, 0x0, 0x0, 0x0, 0x0, 0x6, 0xff, 0xf3,
    0x0, 0x0, 0x0, 0x0, 0x0, 0x0, 0x6, 0xff,
    0xf3, 0x0, 0x0, 0x0, 0x0, 0x0, 0x0, 0x6,
    0xff, 0xf3, 0x0, 0x0, 0x0, 0x0, 0x0, 0x0,
    0x3, 0x99, 0x99, 0x99, 0x70, 0x0, 0x0, 0x0,
    0x0, 0x0, 0x0, 0xc, 0xff, 0xc0, 0x0, 0x0,
    0x0, 0x0, 0x0, 0x0, 0xc, 0xff, 0xc0, 0x0,
    0x0, 0x0, 0x0, 0x0, 0x0, 0xc, 0xff, 0xc0,
    0x0, 0x0, 0x0, 0x0, 0x0, 0x0, 0x0, 0x0,
    0x3f, 0xff, 0x60, 0x0, 0x0, 0x0, 0x0, 0x0,
    0x0, 0x3f, 0xff, 0x60, 0x0, 0x0, 0x0, 0x0,
    0x0, 0x0, 0x3f, 0xff, 0x60, 0x0, 0x0, 0x0,
    0x0, 0x0, 0x0, 0x19, 0x99, 0x30, 0x0, 0x0,
    0x0, 0x0, 0x0, 0x0, 0x0, 0x0, 0x9f, 0xff,
    0x0, 0x0, 0x0, 0x0, 0x0, 0x0, 0x0, 0x9f,
    0xff, 0x0, 0x0, 0x0, 0x0, 0x0, 0x0, 0x0,
    0x9f, 0xff, 0x0, 0x0, 0x0, 0x0, 0x0, 0x0,
    0x0, 0x59, 0x99,

    /* U+005D "]" */
    0x6f, 0xff, 0xff, 0xff, 0xff, 0xf6, 0x6f, 0xff,
    0xff, 0xff, 0xff, 0xf6, 0x6f, 0xff, 0xff, 0xff,
    0xff, 0xf6, 0x39, 0x99, 0x99, 0x9b, 0xff, 0xf6,
    0x0, 0x0, 0x0, 0x3, 0xff, 0xf6, 0x0, 0x0,
    0x0, 0x3, 0xff, 0xf6, 0x0, 0x0, 0x0, 0x3,
    0xff, 0xf6, 0x0, 0x0, 0x0, 0x3, 0xff, 0xf6,
    0x0, 0x0, 0x0, 0x3, 0xff, 0xf6, 0x0, 0x0,
    0x0, 0x3, 0xff, 0xf6, 0x0, 0x0, 0x0, 0x3,
    0xff, 0xf6, 0x0, 0x0, 0x0, 0x3, 0xff, 0xf6,
    0x0, 0x0, 0x0, 0x3, 0xff, 0xf6, 0x0, 0x0,
    0x0, 0x3, 0xff, 0xf6, 0x0, 0x0, 0x0, 0x3,
    0xff, 0xf6, 0x0, 0x0, 0x0, 0x3, 0xff, 0xf6,
    0x0, 0x0, 0x0, 0x3, 0xff, 0xf6, 0x0, 0x0,
    0x0, 0x3, 0xff, 0xf6, 0x0, 0x0, 0x0, 0x3,
    0xff, 0xf6, 0x0, 0x0, 0x0, 0x3, 0xff, 0xf6,
    0x0, 0x0, 0x0, 0x3, 0xff, 0xf6, 0x39, 0x99,
    0x99, 0x9a, 0xff, 0xf6, 0x6f, 0xff, 0xff, 0xff,
    0xff, 0xf6, 0x6f, 0xff, 0xff, 0xff, 0xff, 0xf6,
    0x6f, 0xff, 0xff, 0xff, 0xff, 0xf6,

    /* U+005E "^" */

    /* U+005F "_" */
    0x99, 0x99, 0x99, 0x99, 0x99, 0x99, 0x99, 0x99,
    0x99, 0xff, 0xff, 0xff, 0xff, 0xff, 0xff, 0xff,
    0xff, 0xff, 0xff, 0xff, 0xff, 0xff, 0xff, 0xff,
    0xff, 0xff, 0xff, 0xff, 0xff, 0xff, 0xff, 0xff,
    0xff, 0xff, 0xff, 0xff,

    /* U+0060 "`" */
    0x39, 0x99, 0x99, 0x97, 0x0, 0x0, 0x6f, 0xff,
    0xff, 0xfc, 0x0, 0x0, 0x6f, 0xff, 0xff, 0xfc,
    0x0, 0x0, 0x6f, 0xff, 0xff, 0xfc, 0x0, 0x0,
    0x0, 0x0, 0xcf, 0xfc, 0x0, 0x0, 0x0, 0x0,
    0xcf, 0xfc, 0x0, 0x0, 0x0, 0x0, 0xcf, 0xfc,
    0x0, 0x0, 0x0, 0x0, 0x56, 0x67, 0x99, 0x93,
    0x0, 0x0, 0x0, 0x3, 0xff, 0xf6, 0x0, 0x0,
    0x0, 0x3, 0xff, 0xf6, 0x0, 0x0, 0x0, 0x3,
    0xff, 0xf6,

    /* U+0061 "a" */
    0x0, 0x6, 0xff, 0xf3, 0x0, 0x0, 0x0, 0x6f,
    0xff, 0x30, 0x0, 0x0, 0x6, 0xff, 0xf3, 0x0,
    0x6, 0x66, 0x79, 0x99, 0x76, 0x65, 0xff, 0xf9,
    0x0, 0xc, 0xff, 0xcf, 0xff, 0x90, 0x0, 0xcf,
    0xfc, 0xff, 0xf9, 0x0, 0xc, 0xff, 0xcf, 0xff,
    0xff, 0xff, 0xff, 0xfc, 0xff, 0xff, 0xff, 0xff,
    0xff, 0xcf, 0xff, 0xff, 0xff, 0xff, 0xfc, 0xff,
    0xfd, 0x99, 0x9e, 0xff, 0xcf, 0xff, 0x90, 0x0,
    0xcf, 0xfc, 0xff, 0xf9, 0x0, 0xc, 0xff, 0xcf,
    0xff, 0x90, 0x0, 0xcf, 0xfc, 0xff, 0xf9, 0x0,
    0xc, 0xff, 0xcf, 0xff, 0x90, 0x0, 0xcf, 0xfc,
    0xff, 0xf9, 0x0, 0xc, 0xff, 0xcf, 0xff, 0x90,
    0x0, 0xcf, 0xfc,

    /* U+0062 "b" */
    0xff, 0xff, 0xff, 0xf3, 0x0, 0xf, 0xff, 0xff,
    0xff, 0x30, 0x0, 0xff, 0xff, 0xff, 0xf3, 0x0,
    0xf, 0xff, 0xd9, 0x99, 0x99, 0x97, 0xff, 0xf9,
    0x0, 0xc, 0xff, 0xcf, 0xff, 0x90, 0x0, 0xcf,
    0xfc, 0xff, 0xf9, 0x0, 0xc, 0xff, 0xcf, 0xff,
    0xff, 0xff, 0x30, 0x0, 0xff, 0xff, 0xff, 0xf3,
    0x0, 0xf, 0xff, 0xff, 0xff, 0x30, 0x0, 0xff,
    0xfd, 0x99, 0x91, 0x0, 0xf, 0xff, 0x90, 0x0,
    0xcf, 0xfc, 0xff, 0xf9, 0x0, 0xc, 0xff, 0xcf,
    0xff, 0x90, 0x0, 0xcf, 0xfc, 0xff, 0xfd, 0x99,
    0x97, 0x66, 0x5f, 0xff, 0xff, 0xff, 0x30, 0x0,
    0xff, 0xff, 0xff, 0xf3, 0x0, 0xf, 0xff, 0xff,
    0xff, 0x30, 0x0,

    /* U+0063 "c" */
    0x0, 0x6, 0xff, 0xff, 0xff, 0xc0, 0x0, 0x6f,
    0xff, 0xff, 0xfc, 0x0, 0x6, 0xff, 0xff, 0xff,
    0xc0, 0x0, 0x39, 0x99, 0x99, 0x97, 0xff, 0xf9,
    0x0, 0x0, 0x0, 0xf, 0xff, 0x90, 0x0, 0x0,
    0x0, 0xff, 0xf9, 0x0, 0x0, 0x0, 0xf, 0xff,
    0x90, 0x0, 0x0, 0x0, 0xff, 0xf9, 0x0, 0x0,
    0x0, 0xf, 0xff, 0x90, 0x0, 0x0, 0x0, 0xff,
    0xf9, 0x0, 0x0, 0x0, 0xf, 0xff, 0x90, 0x0,
    0x0, 0x0, 0xff, 0xf9, 0x0, 0x0, 0x0, 0xf,
    0xff, 0x90, 0x0, 0x0, 0x0, 0x66, 0x67, 0x99,
    0x99, 0x99, 0x70, 0x0, 0x6f, 0xff, 0xff, 0xfc,
    0x0, 0x6, 0xff, 0xff, 0xff, 0xc0, 0x0, 0x6f,
    0xff, 0xff, 0xfc,

    /* U+0064 "d" */
    0xff, 0xff, 0xff, 0xf3, 0x0, 0xf, 0xff, 0xff,
    0xff, 0x30, 0x0, 0xff, 0xff, 0xff, 0xf3, 0x0,
    0xf, 0xff, 0xd9, 0x99, 0x10, 0x0, 0xff, 0xf9,
    0x0, 0xc, 0xff, 0xcf, 0xff, 0x90, 0x0, 0xcf,
    0xfc, 0xff, 0xf9, 0x0, 0xc, 0xff, 0xcf, 0xff,
    0x90, 0x0, 0xcf, 0xfc, 0xff, 0xf9, 0x0, 0xc,
    0xff, 0xcf, 0xff, 0x90, 0x0, 0xcf, 0xfc, 0xff,
    0xf9, 0x0, 0xc, 0xff, 0xcf, 0xff, 0x90, 0x0,
    0xcf, 0xfc, 0xff, 0xf9, 0x0, 0xc, 0xff, 0xcf,
    0xff, 0x90, 0x0, 0xcf, 0xfc, 0xff, 0xfd, 0x99,
    0x97, 0x66, 0x5f, 0xff, 0xff, 0xff, 0x30, 0x0,
    0xff, 0xff, 0xff, 0xf3, 0x0, 0xf, 0xff, 0xff,
    0xff, 0x30, 0x0,

    /* U+0065 "e" */
    0xff, 0xff, 0xff, 0xff, 0xff, 0xcf, 0xff, 0xff,
    0xff, 0xff, 0xfc, 0xff, 0xff, 0xff, 0xff, 0xff,
    0xcf, 0xff, 0xd9, 0x99, 0x99, 0x97, 0xff, 0xf9,
    0x0, 0x0, 0x0, 0xf, 0xff, 0x90, 0x0, 0x0,
    0x0, 0xff, 0xf9, 0x0, 0x0, 0x0, 0xf, 0xff,
    0xff, 0xff, 0xff, 0xfc, 0xff, 0xff, 0xff, 0xff,
    0xff, 0xcf, 0xff, 0xff, 0xff, 0xff, 0xfc, 0xff,
    0xfd, 0x99, 0x99, 0x99, 0x7f, 0xff, 0x90, 0x0,
    0x0, 0x0, 0xff, 0xf9, 0x0, 0x0, 0x0, 0xf,
    0xff, 0x90, 0x0, 0x0, 0x0, 0xff, 0xfd, 0x99,
    0x99, 0x99, 0x7f, 0xff, 0xff, 0xff, 0xff, 0xfc,
    0xff, 0xff, 0xff, 0xff, 0xff, 0xcf, 0xff, 0xff,
    0xff, 0xff, 0xfc,

    /* U+0066 "f" */
    0xff, 0xff, 0xff, 0xff, 0xff, 0xcf, 0xff, 0xff,
    0xff, 0xff, 0xfc, 0xff, 0xff, 0xff, 0xff, 0xff,
    0xcf, 0xff, 0xd9, 0x99, 0x99, 0x97, 0xff, 0xf9,
    0x0, 0x0, 0x0, 0xf, 0xff, 0x90, 0x0, 0x0,
    0x0, 0xff, 0xf9, 0x0, 0x0, 0x0, 0xf, 0xff,
    0xff, 0xff, 0xff, 0xfc, 0xff, 0xff, 0xff, 0xff,
    0xff, 0xcf, 0xff, 0xff, 0xff, 0xff, 0xfc, 0xff,
    0xfd, 0x99, 0x99, 0x99, 0x7f, 0xff, 0x90, 0x0,
    0x0, 0x0, 0xff, 0xf9, 0x0, 0x0, 0x0, 0xf,
    0xff, 0x90, 0x0, 0x0, 0x0, 0xff, 0xf9, 0x0,
    0x0, 0x0, 0xf, 0xff, 0x90, 0x0, 0x0, 0x0,
    0xff, 0xf9, 0x0, 0x0, 0x0, 0xf, 0xff, 0x90,
    0x0, 0x0, 0x0,

    /* U+0067 "g" */
    0x0, 0x6, 0xff, 0xff, 0xff, 0xc0, 0x0, 0x6f,
    0xff, 0xff, 0xfc, 0x0, 0x6, 0xff, 0xff, 0xff,
    0xc0, 0x0, 0x39, 0x99, 0x99, 0x97, 0xff, 0xf9,
    0x0, 0x0, 0x0, 0xf, 0xff, 0x90, 0x0, 0x0,
    0x0, 0xff, 0xf9, 0x0, 0x0, 0x0, 0xf, 0xff,
    0x90, 0x0, 0x68, 0x86, 0xff, 0xf9, 0x0, 0xc,
    0xff, 0xcf, 0xff, 0x90, 0x0, 0xcf, 0xfc, 0xff,
    0xf9, 0x0, 0xc, 0xff, 0xcf, 0xff, 0x90, 0x0,
    0xcf, 0xfc, 0xff, 0xf9, 0x0, 0xc, 0xff, 0xcf,
    0xff, 0x90, 0x0, 0xcf, 0xfc, 0x66, 0x67, 0x99,
    0x9e, 0xff, 0xc0, 0x0, 0x6f, 0xff, 0xff, 0xfc,
    0x0, 0x6, 0xff, 0xff, 0xff, 0xc0, 0x0, 0x6f,
    0xff, 0xff, 0xfc,

    /* U+0068 "h" */
    0xff, 0xf9, 0x0, 0xc, 0xff, 0xcf, 0xff, 0x90,
    0x0, 0xcf, 0xfc, 0xff, 0xf9, 0x0, 0xc, 0xff,
    0xcf, 0xff, 0x90, 0x0, 0xcf, 0xfc, 0xff, 0xf9,
    0x0, 0xc, 0xff, 0xcf, 0xff, 0x90, 0x0, 0xcf,
    0xfc, 0xff, 0xf9, 0x0, 0xc, 0xff, 0xcf, 0xff,
    0xff, 0xff, 0xff, 0xfc, 0xff, 0xff, 0xff, 0xff,
    0xff, 0xcf, 0xff, 0xff, 0xff, 0xff, 0xfc, 0xff,
    0xfd, 0x99, 0x9e, 0xff, 0xcf, 0xff, 0x90, 0x0,
    0xcf, 0xfc, 0xff, 0xf9, 0x0, 0xc, 0xff, 0xcf,
    0xff, 0x90, 0x0, 0xcf, 0xfc, 0xff, 0xf9, 0x0,
    0xc, 0xff, 0xcf, 0xff, 0x90, 0x0, 0xcf, 0xfc,
    0xff, 0xf9, 0x0, 0xc, 0xff, 0xcf, 0xff, 0x90,
    0x0, 0xcf, 0xfc,

    /* U+0069 "i" */
    0xff, 0xff, 0xff, 0xff, 0xff, 0xcf, 0xff, 0xff,
    0xff, 0xff, 0xfc, 0xff, 0xff, 0xff, 0xff, 0xff,
    0xc9, 0x99, 0xcf, 0xff, 0xa9, 0x97, 0x0, 0x6,
    0xff, 0xf3, 0x0, 0x0, 0x0, 0x6f, 0xff, 0x30,
    0x0, 0x0, 0x6, 0xff, 0xf3, 0x0, 0x0, 0x0,
    0x6f, 0xff, 0x30, 0x0, 0x0, 0x6, 0xff, 0xf3,
    0x0, 0x0, 0x0, 0x6f, 0xff, 0x30, 0x0, 0x0,
    0x6, 0xff, 0xf3, 0x0, 0x0, 0x0, 0x6f, 0xff,
    0x30, 0x0, 0x0, 0x6, 0xff, 0xf3, 0x0, 0x0,
    0x0, 0x6f, 0xff, 0x30, 0x0, 0x99, 0x9c, 0xff,
    0xfa, 0x99, 0x7f, 0xff, 0xff, 0xff, 0xff, 0xfc,
    0xff, 0xff, 0xff, 0xff, 0xff, 0xcf, 0xff, 0xff,
    0xff, 0xff, 0xfc,

    /* U+006A "j" */
    0x0, 0x6, 0xff, 0xff, 0xff, 0xc0, 0x0, 0x6f,
    0xff, 0xff, 0xfc, 0x0, 0x6, 0xff, 0xff, 0xff,
    0xc0, 0x0, 0x39, 0x99, 0xef, 0xfc, 0x0, 0x0,
    0x0, 0xc, 0xff, 0xc0, 0x0, 0x0, 0x0, 0xcf,
    0xfc, 0x0, 0x0, 0x0, 0xc, 0xff, 0xc0, 0x0,
    0x0, 0x0, 0xcf, 0xfc, 0x0, 0x0, 0x0, 0xc,
    0xff, 0xc0, 0x0, 0x0, 0x0, 0xcf, 0xfc, 0x0,
    0x0, 0x0, 0xc, 0xff, 0xcf, 0xff, 0x90, 0x0,
    0xcf, 0xfc, 0xff, 0xf9, 0x0, 0xc, 0xff, 0xcf,
    0xff, 0x90, 0x0, 0xcf, 0xfc, 0x66, 0x67, 0x99,
    0x97, 0x66, 0x50, 0x0, 0x6f, 0xff, 0x30, 0x0,
    0x0, 0x6, 0xff, 0xf3, 0x0, 0x0, 0x0, 0x6f,
    0xff, 0x30, 0x0,

    /* U+006B "k" */
    0xff, 0xf9, 0x0, 0xc, 0xff, 0xcf, 0xff, 0x90,
    0x0, 0xcf, 0xfc, 0xff, 0xf9, 0x0, 0xc, 0xff,
    0xcf, 0xff, 0x90, 0x0, 0xcf, 0xfc, 0xff, 0xf9,
    0x0, 0xc, 0xff, 0xcf, 0xff, 0x90, 0x0, 0xcf,
    0xfc, 0xff, 0xf9, 0x0, 0xc, 0xff, 0xcf, 0xff,
    0xff, 0xff, 0x53, 0x32, 0xff, 0xff, 0xff, 0xf3,
    0x0, 0xf, 0xff, 0xff, 0xff, 0x30, 0x0, 0xff,
    0xfd, 0x99, 0x94, 0x33, 0x2f, 0xff, 0x90, 0x0,
    0xcf, 0xfc, 0xff, 0xf9, 0x0, 0xc, 0xff, 0xcf,
    0xff, 0x90, 0x0, 0xcf, 0xfc, 0xff, 0xf9, 0x0,
    0xc, 0xff, 0xcf, 0xff, 0x90, 0x0, 0xcf, 0xfc,
    0xff, 0xf9, 0x0, 0xc, 0xff, 0xcf, 0xff, 0x90,
    0x0, 0xcf, 0xfc,

    /* U+006C "l" */
    0xff, 0xf9, 0x0, 0x0, 0x0, 0xf, 0xff, 0x90,
    0x0, 0x0, 0x0, 0xff, 0xf9, 0x0, 0x0, 0x0,
    0xf, 0xff, 0x90, 0x0, 0x0, 0x0, 0xff, 0xf9,
    0x0, 0x0, 0x0, 0xf, 0xff, 0x90, 0x0, 0x0,
    0x0, 0xff, 0xf9, 0x0, 0x0, 0x0, 0xf, 0xff,
    0x90, 0x0, 0x0, 0x0, 0xff, 0xf9, 0x0, 0x0,
    0x0, 0xf, 0xff, 0x90, 0x0, 0x0, 0x0, 0xff,
    0xf9, 0x0, 0x0, 0x0, 0xf, 0xff, 0x90, 0x0,
    0x0, 0x0, 0xff, 0xf9, 0x0, 0x0, 0x0, 0xf,
    0xff, 0x90, 0x0, 0x0, 0x0, 0xff, 0xfd, 0x99,
    0x99, 0x99, 0x7f, 0xff, 0xff, 0xff, 0xff, 0xfc,
    0xff, 0xff, 0xff, 0xff, 0xff, 0xcf, 0xff, 0xff,
    0xff, 0xff, 0xfc,

    /* U+006D "m" */
    0xff, 0xf9, 0x0, 0x0, 0x0, 0x0, 0x0, 0x9f,
    0xff, 0xff, 0xf9, 0x0, 0x0, 0x0, 0x0, 0x0,
    0x9f, 0xff, 0xff, 0xf9, 0x0, 0x0, 0x0, 0x0,
    0x0, 0x9f, 0xff, 0xff, 0xfd, 0x99, 0x91, 0x0,
    0x19, 0x99, 0xdf, 0xff, 0xff, 0xff, 0xff, 0xf3,
    0x0, 0x3f, 0xff, 0xff, 0xff, 0xff, 0xff, 0xff,
    0xf3, 0x0, 0x3f, 0xff, 0xff, 0xff, 0xff, 0xff,
    0xff, 0xf3, 0x0, 0x3f, 0xff, 0xff, 0xff, 0xff,
    0xf9, 0x0, 0xc, 0xff, 0xc0, 0x0, 0x9f, 0xff,
    0xff, 0xf9, 0x0, 0xc, 0xff, 0xc0, 0x0, 0x9f,
    0xff, 0xff, 0xf9, 0x0, 0xc, 0xff, 0xc0, 0x0,
    0x9f, 0xff, 0xff, 0xf9, 0x0, 0x7, 0x99, 0x70,
    0x0, 0x9f, 0xff, 0xff, 0xf9, 0x0, 0x0, 0x0,
    0x0, 0x0, 0x9f, 0xff, 0xff, 0xf9, 0x0, 0x0,
    0x0, 0x0, 0x0, 0x9f, 0xff, 0xff, 0xf9, 0x0,
    0x0, 0x0, 0x0, 0x0, 0x9f, 0xff, 0xff, 0xf9,
    0x0, 0x0, 0x0, 0x0, 0x0, 0x9f, 0xff, 0xff,
    0xf9, 0x0, 0x0, 0x0, 0x0, 0x0, 0x9f, 0xff,
    0xff, 0xf9, 0x0, 0x0, 0x0, 0x0, 0x0, 0x9f,
    0xff, 0xff, 0xf9, 0x0, 0x0, 0x0, 0x0, 0x0,
    0x9f, 0xff,

    /* U+006E "n" */
    0xff, 0xf9, 0x0, 0x0, 0x0, 0x3f, 0xff, 0x6f,
    0xff, 0x90, 0x0, 0x0, 0x3, 0xff, 0xf6, 0xff,
    0xf9, 0x0, 0x0, 0x0, 0x3f, 0xff, 0x6f, 0xff,
    0xd9, 0x99, 0x10, 0x3, 0xff, 0xf6, 0xff, 0xff,
    0xff, 0xf3, 0x0, 0x3f, 0xff, 0x6f, 0xff, 0xff,
    0xff, 0x30, 0x3, 0xff, 0xf6, 0xff, 0xff, 0xff,
    0xf3, 0x0, 0x3f, 0xff, 0x6f, 0xff, 0x90, 0x0,
    0xcf, 0xff, 0xff, 0xf6, 0xff, 0xf9, 0x0, 0xc,
    0xff, 0xff, 0xff, 0x6f, 0xff, 0x90, 0x0, 0xcf,
    0xff, 0xff, 0xf6, 0xff, 0xf9, 0x0, 0x7, 0x99,
    0xaf, 0xff, 0x6f, 0xff, 0x90, 0x0, 0x0, 0x3,
    0xff, 0xf6, 0xff, 0xf9, 0x0, 0x0, 0x0, 0x3f,
    0xff, 0x6f, 0xff, 0x90, 0x0, 0x0, 0x3, 0xff,
    0xf6, 0xff, 0xf9, 0x0, 0x0, 0x0, 0x3f, 0xff,
    0x6f, 0xff, 0x90, 0x0, 0x0, 0x3, 0xff, 0xf6,
    0xff, 0xf9, 0x0, 0x0, 0x0, 0x3f, 0xff, 0x6f,
    0xff, 0x90, 0x0, 0x0, 0x3, 0xff, 0xf6,

    /* U+006F "o" */
    0x0, 0x6, 0xff, 0xf3, 0x0, 0x0, 0x0, 0x6f,
    0xff, 0x30, 0x0, 0x0, 0x6, 0xff, 0xf3, 0x0,
    0x0, 0x0, 0x39, 0x99, 0x10, 0x0, 0xff, 0xf9,
    0x0, 0xc, 0xff, 0xcf, 0xff, 0x90, 0x0, 0xcf,
    0xfc, 0xff, 0xf9, 0x0, 0xc, 0xff, 0xcf, 0xff,
    0x90, 0x0, 0xcf, 0xfc, 0xff, 0xf9, 0x0, 0xc,
    0xff, 0xcf, 0xff, 0x90, 0x0, 0xcf, 0xfc, 0xff,
    0xf9, 0x0, 0xc, 0xff, 0xcf, 0xff, 0x90, 0x0,
    0xcf, 0xfc, 0xff, 0xf9, 0x0, 0xc, 0xff, 0xcf,
    0xff, 0x90, 0x0, 0xcf, 0xfc, 0x66, 0x67, 0x99,
    0x97, 0x66, 0x50, 0x0, 0x6f, 0xff, 0x30, 0x0,
    0x0, 0x6, 0xff, 0xf3, 0x0, 0x0, 0x0, 0x6f,
    0xff, 0x30, 0x0,

    /* U+0070 "p" */
    0xff, 0xff, 0xff, 0xf3, 0x0, 0xf, 0xff, 0xff,
    0xff, 0x30, 0x0, 0xff, 0xff, 0xff, 0xf3, 0x0,
    0xf, 0xff, 0xd9, 0x99, 0x99, 0x97, 0xff, 0xf9,
    0x0, 0xc, 0xff, 0xcf, 0xff, 0x90, 0x0, 0xcf,
    0xfc, 0xff, 0xf9, 0x0, 0xc, 0xff, 0xcf, 0xff,
    0xff, 0xff, 0x30, 0x0, 0xff, 0xff, 0xff, 0xf3,
    0x0, 0xf, 0xff, 0xff, 0xff, 0x30, 0x0, 0xff,
    0xfd, 0x99, 0x91, 0x0, 0xf, 0xff, 0x90, 0x0,
    0x0, 0x0, 0xff, 0xf9, 0x0, 0x0, 0x0, 0xf,
    0xff, 0x90, 0x0, 0x0, 0x0, 0xff, 0xf9, 0x0,
    0x0, 0x0, 0xf, 0xff, 0x90, 0x0, 0x0, 0x0,
    0xff, 0xf9, 0x0, 0x0, 0x0, 0xf, 0xff, 0x90,
    0x0, 0x0, 0x0,

    /* U+0071 "q" */
    0xff, 0xff, 0xff, 0xff, 0xff, 0xcf, 0xff, 0xff,
    0xff, 0xff, 0xfc, 0xff, 0xff, 0xff, 0xff, 0xff,
    0xcf, 0xff, 0xd9, 0x99, 0xef, 0xfc, 0xff, 0xf9,
    0x0, 0xc, 0xff, 0xcf, 0xff, 0x90, 0x0, 0xcf,
    0xfc, 0xff, 0xf9, 0x0, 0xc, 0xff, 0xcf, 0xff,
    0x90, 0x0, 0xcf, 0xfc, 0xff, 0xf9, 0x0, 0xc,
    0xff, 0xcf, 0xff, 0x90, 0x0, 0xcf, 0xfc, 0xff,
    0xf9, 0x0, 0xc, 0xff, 0xcf, 0xff, 0xff, 0xff,
    0x30, 0x0, 0xff, 0xff, 0xff, 0xf3, 0x0, 0xf,
    0xff, 0xff, 0xff, 0x30, 0x0, 0x66, 0x66, 0x66,
    0x68, 0x99, 0x70, 0x0, 0x0, 0x0, 0xcf, 0xfc,
    0x0, 0x0, 0x0, 0xc, 0xff, 0xc0, 0x0, 0x0,
    0x0, 0xcf, 0xfc,

    /* U+0072 "r" */
    0xff, 0xff, 0xff, 0xf3, 0x0, 0xf, 0xff, 0xff,
    0xff, 0x30, 0x0, 0xff, 0xff, 0xff, 0xf3, 0x0,
    0xf, 0xff, 0xd9, 0x99, 0x99, 0x97, 0xff, 0xf9,
    0x0, 0xc, 0xff, 0xcf, 0xff, 0x90, 0x0, 0xcf,
    0xfc, 0xff, 0xf9, 0x0, 0xc, 0xff, 0xcf, 0xff,
    0xff, 0xff, 0x30, 0x0, 0xff, 0xff, 0xff, 0xf3,
    0x0, 0xf, 0xff, 0xff, 0xff, 0x30, 0x0, 0xff,
    0xfd, 0x99, 0x94, 0x33, 0x2f, 0xff, 0x90, 0x0,
    0xcf, 0xfc, 0xff, 0xf9, 0x0, 0xc, 0xff, 0xcf,
    0xff, 0x90, 0x0, 0xcf, 0xfc, 0xff, 0xf9, 0x0,
    0xc, 0xff, 0xcf, 0xff, 0x90, 0x0, 0xcf, 0xfc,
    0xff, 0xf9, 0x0, 0xc, 0xff, 0xcf, 0xff, 0x90,
    0x0, 0xcf, 0xfc,

    /* U+0073 "s" */
    0x0, 0x6, 0xff, 0xff, 0xff, 0xc0, 0x0, 0x6f,
    0xff, 0xff, 0xfc, 0x0, 0x6, 0xff, 0xff, 0xff,
    0xc9, 0x99, 0x99, 0x99, 0x99, 0x97, 0xff, 0xf9,
    0x0, 0x0, 0x0, 0xf, 0xff, 0x90, 0x0, 0x0,
    0x0, 0xff, 0xf9, 0x0, 0x0, 0x0, 0x0, 0x0,
    0x6f, 0xff, 0x30, 0x0, 0x0, 0x6, 0xff, 0xf3,
    0x0, 0x0, 0x0, 0x6f, 0xff, 0x30, 0x0, 0x0,
    0x3, 0x99, 0x91, 0x0, 0x0, 0x0, 0x0, 0x0,
    0xcf, 0xfc, 0x0, 0x0, 0x0, 0xc, 0xff, 0xc0,
    0x0, 0x0, 0x0, 0xcf, 0xfc, 0x99, 0x99, 0x99,
    0x97, 0x66, 0x5f, 0xff, 0xff, 0xff, 0x30, 0x0,
    0xff, 0xff, 0xff, 0xf3, 0x0, 0xf, 0xff, 0xff,
    0xff, 0x30, 0x0,

    /* U+0074 "t" */
    0xff, 0xff, 0xff, 0xff, 0xff, 0xcf, 0xff, 0xff,
    0xff, 0xff, 0xfc, 0xff, 0xff, 0xff, 0xff, 0xff,
    0xc9, 0x99, 0xcf, 0xff, 0xa9, 0x97, 0x0, 0x6,
    0xff, 0xf3, 0x0, 0x0, 0x0, 0x6f, 0xff, 0x30,
    0x0, 0x0, 0x6, 0xff, 0xf3, 0x0, 0x0, 0x0,
    0x6f, 0xff, 0x30, 0x0, 0x0, 0x6, 0xff, 0xf3,
    0x0, 0x0, 0x0, 0x6f, 0xff, 0x30, 0x0, 0x0,
    0x6, 0xff, 0xf3, 0x0, 0x0, 0x0, 0x6f, 0xff,
    0x30, 0x0, 0x0, 0x6, 0xff, 0xf3, 0x0, 0x0,
    0x0, 0x6f, 0xff, 0x30, 0x0, 0x0, 0x6, 0xff,
    0xf3, 0x0, 0x0, 0x0, 0x6f, 0xff, 0x30, 0x0,
    0x0, 0x6, 0xff, 0xf3, 0x0, 0x0, 0x0, 0x6f,
    0xff, 0x30, 0x0,

    /* U+0075 "u" */
    0xff, 0xf9, 0x0, 0xc, 0xff, 0xcf, 0xff, 0x90,
    0x0, 0xcf, 0xfc, 0xff, 0xf9, 0x0, 0xc, 0xff,
    0xcf, 0xff, 0x90, 0x0, 0xcf, 0xfc, 0xff, 0xf9,
    0x0, 0xc, 0xff, 0xcf, 0xff, 0x90, 0x0, 0xcf,
    0xfc, 0xff, 0xf9, 0x0, 0xc, 0xff, 0xcf, 0xff,
    0x90, 0x0, 0xcf, 0xfc, 0xff, 0xf9, 0x0, 0xc,
    0xff, 0xcf, 0xff, 0x90, 0x0, 0xcf, 0xfc, 0xff,
    0xf9, 0x0, 0xc, 0xff, 0xcf, 0xff, 0x90, 0x0,
    0xcf, 0xfc, 0xff, 0xf9, 0x0, 0xc, 0xff, 0xcf,
    0xff, 0x90, 0x0, 0xcf, 0xfc, 0xff, 0xfd, 0x99,
    0x9e, 0xff, 0xcf, 0xff, 0xff, 0xff, 0xff, 0xfc,
    0xff, 0xff, 0xff, 0xff, 0xff, 0xcf, 0xff, 0xff,
    0xff, 0xff, 0xfc,

    /* U+0076 "v" */
    0xff, 0xf9, 0x0, 0xc, 0xff, 0xcf, 0xff, 0x90,
    0x0, 0xcf, 0xfc, 0xff, 0xf9, 0x0, 0xc, 0xff,
    0xcf, 0xff, 0x90, 0x0, 0xcf, 0xfc, 0xff, 0xf9,
    0x0, 0xc, 0xff, 0xcf, 0xff, 0x90, 0x0, 0xcf,
    0xfc, 0xff, 0xf9, 0x0, 0xc, 0xff, 0xcf, 0xff,
    0x90, 0x0, 0xcf, 0xfc, 0xff, 0xf9, 0x0, 0xc,
    0xff, 0xcf, 0xff, 0x90, 0x0, 0xcf, 0xfc, 0xff,
    0xf9, 0x0, 0xc, 0xff, 0xcf, 0xff, 0x90, 0x0,
    0xcf, 0xfc, 0xff, 0xf9, 0x0, 0xc, 0xff, 0xcf,
    0xff, 0x90, 0x0, 0xcf, 0xfc, 0x66, 0x67, 0x99,
    0x97, 0x66, 0x50, 0x0, 0x6f, 0xff, 0x30, 0x0,
    0x0, 0x6, 0xff, 0xf3, 0x0, 0x0, 0x0, 0x6f,
    0xff, 0x30, 0x0,

    /* U+0077 "w" */
    0xff, 0xf9, 0x0, 0xc, 0xff, 0xc0, 0x0, 0x9f,
    0xff, 0xff, 0xf9, 0x0, 0xc, 0xff, 0xc0, 0x0,
    0x9f, 0xff, 0xff, 0xf9, 0x0, 0xc, 0xff, 0xc0,
    0x0, 0x9f, 0xff, 0xff, 0xf9, 0x0, 0xc, 0xff,
    0xc0, 0x0, 0x9f, 0xff, 0xff, 0xf9, 0x0, 0xc,
    0xff, 0xc0, 0x0, 0x9f, 0xff, 0xff, 0xf9, 0x0,
    0xc, 0xff, 0xc0, 0x0, 0x9f, 0xff, 0xff, 0xf9,
    0x0, 0xc, 0xff, 0xc0, 0x0, 0x9f, 0xff, 0xff,
    0xf9, 0x0, 0xc, 0xff, 0xc0, 0x0, 0x9f, 0xff,
    0xff, 0xf9, 0x0, 0xc, 0xff, 0xc0, 0x0, 0x9f,
    0xff, 0xff, 0xf9, 0x0, 0xc, 0xff, 0xc0, 0x0,
    0x9f, 0xff, 0xcc, 0xc8, 0x33, 0x3a, 0xcc, 0xa3,
    0x33, 0x8c, 0xcc, 0x0, 0x6, 0xff, 0xf3, 0x0,
    0x3f, 0xff, 0x60, 0x0, 0x0, 0x6, 0xff, 0xf3,
    0x0, 0x3f, 0xff, 0x60, 0x0, 0x0, 0x6, 0xff,
    0xf3, 0x0, 0x3f, 0xff, 0x60, 0x0, 0x0, 0x6,
    0xff, 0xf3, 0x0, 0x3f, 0xff, 0x60, 0x0, 0x0,
    0x6, 0xff, 0xf3, 0x0, 0x3f, 0xff, 0x60, 0x0,
    0x0, 0x6, 0xff, 0xf3, 0x0, 0x3f, 0xff, 0x60,
    0x0, 0x0, 0x6, 0xff, 0xf3, 0x0, 0x3f, 0xff,
    0x60, 0x0,

    /* U+0078 "x" */
    0xff, 0xf9, 0x0, 0xc, 0xff, 0xcf, 0xff, 0x90,
    0x0, 0xcf, 0xfc, 0xff, 0xf9, 0x0, 0xc, 0xff,
    0xcf, 0xff, 0x90, 0x0, 0xcf, 0xfc, 0xff, 0xf9,
    0x0, 0xc, 0xff, 0xcf, 0xff, 0x90, 0x0, 0xcf,
    0xfc, 0xff, 0xf9, 0x0, 0xc, 0xff, 0xc3, 0x33,
    0x8f, 0xff, 0x53, 0x32, 0x0, 0x6, 0xff, 0xf3,
    0x0, 0x0, 0x0, 0x6f, 0xff, 0x30, 0x0, 0x33,
    0x35, 0x99, 0x94, 0x33, 0x2f, 0xff, 0x90, 0x0,
    0xcf, 0xfc, 0xff, 0xf9, 0x0, 0xc, 0xff, 0xcf,
    0xff, 0x90, 0x0, 0xcf, 0xfc, 0xff, 0xf9, 0x0,
    0xc, 0xff, 0xcf, 0xff, 0x90, 0x0, 0xcf, 0xfc,
    0xff, 0xf9, 0x0, 0xc, 0xff, 0xcf, 0xff, 0x90,
    0x0, 0xcf, 0xfc,

    /* U+0079 "y" */
    0xff, 0xf9, 0x0, 0xc, 0xff, 0xcf, 0xff, 0x90,
    0x0, 0xcf, 0xfc, 0xff, 0xf9, 0x0, 0xc, 0xff,
    0xcf, 0xff, 0x90, 0x0, 0xcf, 0xfc, 0xff, 0xf9,
    0x0, 0xc, 0xff, 0xcf, 0xff, 0x90, 0x0, 0xcf,
    0xfc, 0xff, 0xf9, 0x0, 0xc, 0xff, 0xc3, 0x33,
    0x7c, 0xcc, 0x53, 0x32, 0x0, 0x6, 0xff, 0xf3,
    0x0, 0x0, 0x0, 0x6f, 0xff, 0x30, 0x0, 0x0,
    0x6, 0xff, 0xf3, 0x0, 0x0, 0x0, 0x6f, 0xff,
    0x30, 0x0, 0x0, 0x6, 0xff, 0xf3, 0x0, 0x0,
    0x0, 0x6f, 0xff, 0x30, 0x0, 0x0, 0x6, 0xff,
    0xf3, 0x0, 0x0, 0x0, 0x6f, 0xff, 0x30, 0x0,
    0x0, 0x6, 0xff, 0xf3, 0x0, 0x0, 0x0, 0x6f,
    0xff, 0x30, 0x0,

    /* U+007A "z" */
    0xff, 0xff, 0xff, 0xff, 0xff, 0xcf, 0xff, 0xff,
    0xff, 0xff, 0xfc, 0xff, 0xff, 0xff, 0xff, 0xff,
    0xc9, 0x99, 0x99, 0x99, 0xef, 0xfc, 0x0, 0x0,
    0x0, 0xc, 0xff, 0xc0, 0x0, 0x0, 0x0, 0xcf,
    0xfc, 0x0, 0x0, 0x0, 0xc, 0xff, 0xc0, 0x0,
    0x6f, 0xff, 0x30, 0x0, 0x0, 0x6, 0xff, 0xf3,
    0x0, 0x0, 0x0, 0x6f, 0xff, 0x30, 0x0, 0x66,
    0x67, 0x99, 0x91, 0x0, 0xf, 0xff, 0x90, 0x0,
    0x0, 0x0, 0xff, 0xf9, 0x0, 0x0, 0x0, 0xf,
    0xff, 0x90, 0x0, 0x0, 0x0, 0xff, 0xfd, 0x99,
    0x99, 0x99, 0x7f, 0xff, 0xff, 0xff, 0xff, 0xfc,
    0xff, 0xff, 0xff, 0xff, 0xff, 0xcf, 0xff, 0xff,
    0xff, 0xff, 0xfc,

    /* U+007B "{" */
    0x0, 0x0, 0x0, 0xc, 0xff, 0xc0, 0x0, 0x0,
    0x0, 0xcf, 0xfc, 0x0, 0x0, 0x0, 0xc, 0xff,
    0xc0, 0x0, 0x6f, 0xff, 0xb9, 0x97, 0x0, 0x6,
    0xff, 0xf3, 0x0, 0x0, 0x0, 0x6f, 0xff, 0x30,
    0x0, 0x0, 0x6, 0xff, 0xf3, 0x0, 0x0, 0x0,
    0x6f, 0xff, 0x30, 0x0, 0x0, 0x6, 0xff, 0xf3,
    0x0, 0x0, 0x0, 0x6f, 0xff, 0x30, 0x0, 0x99,
    0x97, 0x33, 0x30, 0x0, 0xf, 0xff, 0x90, 0x0,
    0x0, 0x0, 0xff, 0xf9, 0x0, 0x0, 0x0, 0xf,
    0xff, 0x90, 0x0, 0x0, 0x0, 0x0, 0x6, 0xff,
    0xf3, 0x0, 0x0, 0x0, 0x6f, 0xff, 0x30, 0x0,
    0x0, 0x6, 0xff, 0xf3, 0x0, 0x0, 0x0, 0x6f,
    0xff, 0x30, 0x0, 0x0, 0x6, 0xff, 0xf3, 0x0,
    0x0, 0x0, 0x6f, 0xff, 0x30, 0x0, 0x0, 0x6,
    0xff, 0xf3, 0x0, 0x0, 0x0, 0x13, 0x33, 0x89,
    0x97, 0x0, 0x0, 0x0, 0xc, 0xff, 0xc0, 0x0,
    0x0, 0x0, 0xcf, 0xfc, 0x0, 0x0, 0x0, 0xc,
    0xff, 0xc0,

    /* U+007C "|" */
    0xcf, 0xfc, 0xcf, 0xfc, 0xcf, 0xfc, 0xcf, 0xfc,
    0xcf, 0xfc, 0xcf, 0xfc, 0xcf, 0xfc, 0xcf, 0xfc,
    0xcf, 0xfc, 0xcf, 0xfc, 0xcf, 0xfc, 0xcf, 0xfc,
    0xcf, 0xfc, 0xcf, 0xfc, 0xcf, 0xfc, 0xcf, 0xfc,
    0xcf, 0xfc, 0xcf, 0xfc, 0xcf, 0xfc, 0xcf, 0xfc,
    0xcf, 0xfc, 0xcf, 0xfc, 0xcf, 0xfc, 0xcf, 0xfc,
    0xcf, 0xfc,

    /* U+007D "}" */
    0xcf, 0xfc, 0x0, 0x0, 0x0, 0xc, 0xff, 0xc0,
    0x0, 0x0, 0x0, 0xcf, 0xfc, 0x0, 0x0, 0x0,
    0x7, 0x99, 0xbf, 0xff, 0x60, 0x0, 0x0, 0x3,
    0xff, 0xf6, 0x0, 0x0, 0x0, 0x3f, 0xff, 0x60,
    0x0, 0x0, 0x3, 0xff, 0xf6, 0x0, 0x0, 0x0,
    0x3f, 0xff, 0x60, 0x0, 0x0, 0x3, 0xff, 0xf6,
    0x0, 0x0, 0x0, 0x3f, 0xff, 0x60, 0x0, 0x0,
    0x0, 0x33, 0x37, 0x99, 0x90, 0x0, 0x0, 0x0,
    0x9f, 0xff, 0x0, 0x0, 0x0, 0x9, 0xff, 0xf0,
    0x0, 0x0, 0x0, 0x9f, 0xff, 0x0, 0x3, 0xff,
    0xf6, 0x0, 0x0, 0x0, 0x3f, 0xff, 0x60, 0x0,
    0x0, 0x3, 0xff, 0xf6, 0x0, 0x0, 0x0, 0x3f,
    0xff, 0x60, 0x0, 0x0, 0x3, 0xff, 0xf6, 0x0,
    0x0, 0x0, 0x3f, 0xff, 0x60, 0x0, 0x0, 0x3,
    0xff, 0xf6, 0x0, 0x7, 0x99, 0x83, 0x33, 0x10,
    0x0, 0xcf, 0xfc, 0x0, 0x0, 0x0, 0xc, 0xff,
    0xc0, 0x0, 0x0, 0x0, 0xcf, 0xfc, 0x0, 0x0,
    0x0, 0x0,

    /* U+007E "~" */
    0x0, 0x6, 0xff, 0xf3, 0x0, 0x0, 0x0, 0x9f,
    0xff, 0x0, 0x6, 0xff, 0xf3, 0x0, 0x0, 0x0,
    0x9f, 0xff, 0x0, 0x6, 0xff, 0xf3, 0x0, 0x0,
    0x0, 0x9f, 0xff, 0x0, 0x3, 0x99, 0x91, 0x0,
    0x0, 0x0, 0x9f, 0xff, 0xff, 0xf9, 0x0, 0xc,
    0xff, 0xc0, 0x0, 0x9f, 0xff, 0xff, 0xf9, 0x0,
    0xc, 0xff, 0xc0, 0x0, 0x9f, 0xff, 0xff, 0xf9,
    0x0, 0xc, 0xff, 0xc0, 0x0, 0x9f, 0xff, 0xff,
    0xf9, 0x0, 0x5, 0x66, 0x79, 0x99, 0x76, 0x66,
    0xff, 0xf9, 0x0, 0x0, 0x0, 0x3f, 0xff, 0x60,
    0x0, 0xff, 0xf9, 0x0, 0x0, 0x0, 0x3f, 0xff,
    0x60, 0x0, 0xff, 0xf9, 0x0, 0x0, 0x0, 0x3f,
    0xff, 0x60, 0x0,

    /* U+00AC "¬" */
    0x99, 0x99, 0x99, 0x99, 0x99, 0x99, 0x99, 0x99,
    0x99, 0xff, 0xff, 0xff, 0xff, 0xff, 0xff, 0xff,
    0xff, 0xff, 0xff, 0xff, 0xff, 0xff, 0xff, 0xff,
    0xff, 0xff, 0xff, 0xff, 0xff, 0xff, 0xff, 0xff,
    0xff, 0xff, 0xff, 0xff, 0x0, 0x0, 0x0, 0x0,
    0x0, 0x0, 0x0, 0x9f, 0xff, 0x0, 0x0, 0x0,
    0x0, 0x0, 0x0, 0x0, 0x9f, 0xff, 0x0, 0x0,
    0x0, 0x0, 0x0, 0x0, 0x0, 0x9f, 0xff, 0x0,
    0x0, 0x0, 0x0, 0x0, 0x0, 0x0, 0x48, 0x88,

    /* U+00B0 "°" */
    0x99, 0x99, 0x99, 0x99, 0x99, 0x7f, 0xff, 0xff,
    0xff, 0xff, 0xfc, 0xff, 0xff, 0xff, 0xff, 0xff,
    0xcf, 0xff, 0xff, 0xff, 0xff, 0xfc, 0xff, 0xf9,
    0x0, 0xc, 0xff, 0xcf, 0xff, 0x90, 0x0, 0xcf,
    0xfc, 0xff, 0xf9, 0x0, 0xc, 0xff, 0xcf, 0xff,
    0xd9, 0x99, 0xef, 0xfc, 0xff, 0xff, 0xff, 0xff,
    0xff, 0xcf, 0xff, 0xff, 0xff, 0xff, 0xfc, 0xff,
    0xff, 0xff, 0xff, 0xff, 0xc0,

    /* U+00B1 "±" */
    0x0, 0x0, 0x0, 0xc, 0xff, 0xc0, 0x0, 0x0,
    0x0, 0x0, 0x0, 0x0, 0xc, 0xff, 0xc0, 0x0,
    0x0, 0x0, 0x0, 0x0, 0x0, 0xc, 0xff, 0xc0,
    0x0, 0x0, 0x0, 0x0, 0x0, 0x0, 0xc, 0xff,
    0xc0, 0x0, 0x0, 0x0, 0x0, 0x0, 0x0, 0xc,
    0xff, 0xc0, 0x0, 0x0, 0x0, 0x0, 0x0, 0x0,
    0xc, 0xff, 0xc0, 0x0, 0x0, 0x0, 0x0, 0x0,
    0x0, 0xc, 0xff, 0xc0, 0x0, 0x0, 0x0, 0xff,
    0xff, 0xff, 0xff, 0xff, 0xff, 0xff, 0xff, 0xff,
    0xff, 0xff, 0xff, 0xff, 0xff, 0xff, 0xff, 0xff,
    0xff, 0xff, 0xff, 0xff, 0xff, 0xff, 0xff, 0xff,
    0xff, 0xff, 0x99, 0x99, 0x99, 0x9e, 0xff, 0xe9,
    0x99, 0x99, 0x99, 0x0, 0x0, 0x0, 0xc, 0xff,
    0xc0, 0x0, 0x0, 0x0, 0x0, 0x0, 0x0, 0xc,
    0xff, 0xc0, 0x0, 0x0, 0x0, 0x0, 0x0, 0x0,
    0xc, 0xff, 0xc0, 0x0, 0x0, 0x0, 0x0, 0x0,
    0x0, 0xc, 0xff, 0xc0, 0x0, 0x0, 0x0, 0x0,
    0x0, 0x0, 0xc, 0xff, 0xc0, 0x0, 0x0, 0x0,
    0x0, 0x0, 0x0, 0xc, 0xff, 0xc0, 0x0, 0x0,
    0x0, 0x0, 0x0, 0x0, 0xc, 0xff, 0xc0, 0x0,
    0x0, 0x0, 0x0, 0x0, 0x0, 0x0, 0x0, 0x0,
    0x0, 0x0, 0x0, 0x0, 0x0, 0x0, 0x0, 0x0,
    0x0, 0x0, 0x0, 0x0, 0x0, 0x0, 0x0, 0x0,
    0x0, 0x0, 0x0, 0x0, 0x0, 0x99, 0x99, 0x99,
    0x99, 0x99, 0x99, 0x99, 0x99, 0x99, 0xff, 0xff,
    0xff, 0xff, 0xff, 0xff, 0xff, 0xff, 0xff, 0xff,
    0xff, 0xff, 0xff, 0xff, 0xff, 0xff, 0xff, 0xff,
    0xff, 0xff, 0xff, 0xff, 0xff, 0xff, 0xff, 0xff,
    0xff,

    /* U+00B2 "²" */
    0x6f, 0xff, 0xff, 0xff, 0xff, 0xf6, 0x6f, 0xff,
    0xff, 0xff, 0xff, 0xf6, 0x6f, 0xff, 0xff, 0xff,
    0xff, 0xf6, 0x39, 0x99, 0x99, 0x9b, 0xff, 0xf6,
    0x0, 0x0, 0x0, 0x3, 0xff, 0xf6, 0x0, 0x0,
    0x0, 0x3, 0xff, 0xf6, 0x0, 0x0, 0x0, 0x3,
    0xff, 0xf6, 0x6f, 0xff, 0xff, 0xff, 0xff, 0xf6,
    0x6f, 0xff, 0xff, 0xff, 0xff, 0xf6, 0x6f, 0xff,
    0xff, 0xff, 0xff, 0xf6, 0x6f, 0xff, 0xa9, 0x99,
    0x99, 0x93, 0x6f, 0xff, 0x30, 0x0, 0x0, 0x0,
    0x6f, 0xff, 0x30, 0x0, 0x0, 0x0, 0x6f, 0xff,
    0x30, 0x0, 0x0, 0x0, 0x6f, 0xff, 0xa9, 0x99,
    0x99, 0x93, 0x6f, 0xff, 0xff, 0xff, 0xff, 0xf6,
    0x6f, 0xff, 0xff, 0xff, 0xff, 0xf6, 0x6f, 0xff,
    0xff, 0xff, 0xff, 0xf6,

    /* U+00B3 "³" */
    0x6f, 0xff, 0xff, 0xff, 0xff, 0xf6, 0x6f, 0xff,
    0xff, 0xff, 0xff, 0xf6, 0x6f, 0xff, 0xff, 0xff,
    0xff, 0xf6, 0x39, 0x99, 0x99, 0x9b, 0xff, 0xf6,
    0x0, 0x0, 0x0, 0x3, 0xff, 0xf6, 0x0, 0x0,
    0x0, 0x3, 0xff, 0xf6, 0x0, 0x0, 0x0, 0x3,
    0xff, 0xf6, 0x6f, 0xff, 0xff, 0xff, 0xff, 0xf6,
    0x6f, 0xff, 0xff, 0xff, 0xff, 0xf6, 0x6f, 0xff,
    0xff, 0xff, 0xff, 0xf6, 0x39, 0x99, 0x99, 0x9a,
    0xff, 0xf6, 0x0, 0x0, 0x0, 0x3, 0xff, 0xf6,
    0x0, 0x0, 0x0, 0x3, 0xff, 0xf6, 0x0, 0x0,
    0x0, 0x3, 0xff, 0xf6, 0x39, 0x99, 0x99, 0x9a,
    0xff, 0xf6, 0x6f, 0xff, 0xff, 0xff, 0xff, 0xf6,
    0x6f, 0xff, 0xff, 0xff, 0xff, 0xf6, 0x6f, 0xff,
    0xff, 0xff, 0xff, 0xf6,

    /* U+00B4 "´" */
    0x0, 0x0, 0x0, 0x1, 0x99, 0x93, 0x0, 0x0,
    0x0, 0x3, 0xff, 0xf6, 0x0, 0x0, 0x0, 0x3,
    0xff, 0xf6, 0x0, 0x0, 0x0, 0x3, 0xff, 0xf6,
    0x0, 0x0, 0xcf, 0xfc, 0x0, 0x0, 0x0, 0x0,
    0xcf, 0xfc, 0x0, 0x0, 0x0, 0x0, 0xcf, 0xfc,
    0x0, 0x0, 0x39, 0x99, 0x76, 0x65, 0x0, 0x0,
    0x6f, 0xff, 0x30, 0x0, 0x0, 0x0, 0x6f, 0xff,
    0x30, 0x0, 0x0, 0x0, 0x6f, 0xff, 0x30, 0x0,
    0x0, 0x0,

    /* U+00B7 "·" */
    0x79, 0x97, 0xcf, 0xfc, 0xcf, 0xfc, 0xcf, 0xfc,

    /* U+00B9 "¹" */
    0x0, 0x0, 0xcf, 0xfc, 0x0, 0x0, 0x0, 0x0,
    0xcf, 0xfc, 0x0, 0x0, 0x0, 0x0, 0xcf, 0xfc,
    0x0, 0x0, 0x39, 0x99, 0xef, 0xfc, 0x0, 0x0,
    0x6f, 0xff, 0xff, 0xfc, 0x0, 0x0, 0x6f, 0xff,
    0xff, 0xfc, 0x0, 0x0, 0x6f, 0xff, 0xff, 0xfc,
    0x0, 0x0, 0x0, 0x0, 0xcf, 0xfc, 0x0, 0x0,
    0x0, 0x0, 0xcf, 0xfc, 0x0, 0x0, 0x0, 0x0,
    0xcf, 0xfc, 0x0, 0x0, 0x0, 0x0, 0xcf, 0xfc,
    0x0, 0x0, 0x0, 0x0, 0xcf, 0xfc, 0x0, 0x0,
    0x0, 0x0, 0xcf, 0xfc, 0x0, 0x0, 0x0, 0x0,
    0xcf, 0xfc, 0x0, 0x0, 0x39, 0x99, 0xef, 0xfe,
    0x99, 0x93, 0x6f, 0xff, 0xff, 0xff, 0xff, 0xf6,
    0x6f, 0xff, 0xff, 0xff, 0xff, 0xf6, 0x6f, 0xff,
    0xff, 0xff, 0xff, 0xf6,

    /* U+00BA "º" */
    0x0, 0x6, 0xff, 0xff, 0xff, 0xff, 0xff, 0x60,
    0x0, 0x0, 0x6, 0xff, 0xff, 0xff, 0xff, 0xff,
    0x60, 0x0, 0x0, 0x6, 0xff, 0xff, 0xff, 0xff,
    0xff, 0x60, 0x0, 0x0, 0x3, 0x99, 0x99, 0x99,
    0x99, 0x99, 0x30, 0x0, 0xff, 0xf9, 0x0, 0x0,
    0x0, 0x0, 0x0, 0x9f, 0xff, 0xff, 0xf9, 0x0,
    0x0, 0x0, 0x0, 0x0, 0x9f, 0xff, 0xff, 0xf9,
    0x0, 0x0, 0x0, 0x0, 0x0, 0x9f, 0xff, 0xff,
    0xf9, 0x0, 0x0, 0x0, 0x0, 0x0, 0x9f, 0xff,
    0xff, 0xf9, 0x0, 0x0, 0x0, 0x0, 0x0, 0x9f,
    0xff, 0xff, 0xf9, 0x0, 0x0, 0x0, 0x0, 0x0,
    0x9f, 0xff, 0xff, 0xf9, 0x0, 0x0, 0x0, 0x0,
    0x0, 0x9f, 0xff, 0xff, 0xf9, 0x0, 0x0, 0x0,
    0x0, 0x0, 0x9f, 0xff, 0xff, 0xf9, 0x0, 0x0,
    0x0, 0x0, 0x0, 0x9f, 0xff, 0xff, 0xf9, 0x0,
    0x0, 0x0, 0x0, 0x0, 0x9f, 0xff, 0x66, 0x67,
    0x99, 0x99, 0x99, 0x99, 0x99, 0x76, 0x66, 0x0,
    0x6, 0xff, 0xff, 0xff, 0xff, 0xff, 0x60, 0x0,
    0x0, 0x6, 0xff, 0xff, 0xff, 0xff, 0xff, 0x60,
    0x0, 0x0, 0x6, 0xff, 0xff, 0xff, 0xff, 0xff,
    0x60, 0x0, 0x0, 0x0, 0x0, 0x0, 0x0, 0x0,
    0x0, 0x0, 0x0, 0x0, 0x0, 0x0, 0x0, 0x0,
    0x0, 0x0, 0x0, 0x0, 0x0, 0x0, 0x0, 0x0,
    0x0, 0x0, 0x0, 0x0, 0x0, 0x99, 0x99, 0x99,
    0x99, 0x99, 0x99, 0x99, 0x99, 0x99, 0xff, 0xff,
    0xff, 0xff, 0xff, 0xff, 0xff, 0xff, 0xff, 0xff,
    0xff, 0xff, 0xff, 0xff, 0xff, 0xff, 0xff, 0xff,
    0xff, 0xff, 0xff, 0xff, 0xff, 0xff, 0xff, 0xff,
    0xff,

    /* U+00BB "»" */
    0xff, 0xf9, 0x0, 0xc, 0xff, 0xc0, 0x0, 0x0,
    0x0, 0xff, 0xf9, 0x0, 0xc, 0xff, 0xc0, 0x0,
    0x0, 0x0, 0xff, 0xf9, 0x0, 0xc, 0xff, 0xc0,
    0x0, 0x0, 0x0, 0x99, 0x99, 0x99, 0x99, 0x99,
    0x99, 0x99, 0x30, 0x0, 0x0, 0x6, 0xff, 0xf3,
    0x0, 0x3f, 0xff, 0x60, 0x0, 0x0, 0x6, 0xff,
    0xf3, 0x0, 0x3f, 0xff, 0x60, 0x0, 0x0, 0x6,
    0xff, 0xf3, 0x0, 0x3f, 0xff, 0x60, 0x0, 0x0,
    0x0, 0x0, 0xc, 0xff, 0xc0, 0x0, 0x9f, 0xff,
    0x0, 0x0, 0x0, 0xc, 0xff, 0xc0, 0x0, 0x9f,
    0xff, 0x0, 0x0, 0x0, 0xc, 0xff, 0xc0, 0x0,
    0x9f, 0xff, 0x0, 0x0, 0x0, 0xc, 0xff, 0xc0,
    0x0, 0x9f, 0xff, 0x0, 0x0, 0x0, 0xc, 0xff,
    0xc0, 0x0, 0x9f, 0xff, 0x0, 0x0, 0x0, 0xc,
    0xff, 0xc0, 0x0, 0x9f, 0xff, 0x0, 0x0, 0x0,
    0xc, 0xff, 0xc0, 0x0, 0x9f, 0xff, 0x0, 0x6,
    0xff, 0xf5, 0x33, 0x5f, 0xff, 0x83, 0x33, 0x0,
    0x6, 0xff, 0xf3, 0x0, 0x3f, 0xff, 0x60, 0x0,
    0x0, 0x6, 0xff, 0xf3, 0x0, 0x3f, 0xff, 0x60,
    0x0, 0x0, 0x3, 0x99, 0x91, 0x0, 0x19, 0x99,
    0x30, 0x0, 0xff, 0xf9, 0x0, 0xc, 0xff, 0xc0,
    0x0, 0x0, 0x0, 0xff, 0xf9, 0x0, 0xc, 0xff,
    0xc0, 0x0, 0x0, 0x0, 0xff, 0xf9, 0x0, 0xc,
    0xff, 0xc0, 0x0, 0x0, 0x0, 0x99, 0x95, 0x0,
    0x7, 0x99, 0x70, 0x0, 0x0, 0x0,

    /* U+00BF "¿" */
    0x0, 0x0, 0x0, 0xc, 0xff, 0xc0, 0x0, 0x0,
    0x0, 0x0, 0x0, 0x0, 0xc, 0xff, 0xc0, 0x0,
    0x0, 0x0, 0x0, 0x0, 0x0, 0xc, 0xff, 0xc0,
    0x0, 0x0, 0x0, 0x0, 0x0, 0x0, 0x7, 0x99,
    0x70, 0x0, 0x0, 0x0, 0x0, 0x0, 0x0, 0x0,
    0x0, 0x0, 0x0, 0x0, 0x0, 0x0, 0x0, 0x0,
    0x0, 0x0, 0x0, 0x0, 0x0, 0x0, 0x0, 0x0,
    0x0, 0x0, 0x0, 0x0, 0x0, 0x0, 0x0, 0x0,
    0x0, 0x0, 0xc, 0xff, 0xc0, 0x0, 0x0, 0x0,
    0x0, 0x0, 0x0, 0xc, 0xff, 0xc0, 0x0, 0x0,
    0x0, 0x0, 0x0, 0x0, 0xc, 0xff, 0xc0, 0x0,
    0x0, 0x0, 0x0, 0x3, 0x99, 0x99, 0x99, 0x70,
    0x0, 0x0, 0x0, 0x0, 0x6, 0xff, 0xf3, 0x0,
    0x0, 0x0, 0x0, 0x0, 0x0, 0x6, 0xff, 0xf3,
    0x0, 0x0, 0x0, 0x0, 0x0, 0x0, 0x6, 0xff,
    0xf3, 0x0, 0x0, 0x0, 0x0, 0x0, 0xcc, 0xc7,
    0x0, 0x0, 0x0, 0x0, 0x0, 0x0, 0x0, 0xff,
    0xf9, 0x0, 0x0, 0x0, 0x0, 0x0, 0x0, 0x0,
    0xff, 0xf9, 0x0, 0x0, 0x0, 0x0, 0x0, 0x0,
    0x0, 0xff, 0xf9, 0x0, 0x0, 0x0, 0x0, 0x0,
    0x0, 0x0, 0xff, 0xf9, 0x0, 0x0, 0x0, 0x0,
    0x0, 0x9f, 0xff, 0xff, 0xf9, 0x0, 0x0, 0x0,
    0x0, 0x0, 0x9f, 0xff, 0xff, 0xf9, 0x0, 0x0,
    0x0, 0x0, 0x0, 0x9f, 0xff, 0x66, 0x67, 0x99,
    0x99, 0x99, 0x99, 0x99, 0x76, 0x66, 0x0, 0x6,
    0xff, 0xff, 0xff, 0xff, 0xff, 0x60, 0x0, 0x0,
    0x6, 0xff, 0xff, 0xff, 0xff, 0xff, 0x60, 0x0,
    0x0, 0x6, 0xff, 0xff, 0xff, 0xff, 0xff, 0x60,
    0x0,

    /* U+00C0 "À" */
    0x0, 0x6, 0xff, 0xf3, 0x0, 0x0, 0x0, 0x0,
    0x0, 0x0, 0x6, 0xff, 0xf3, 0x0, 0x0, 0x0,
    0x0, 0x0, 0x0, 0x6, 0xff, 0xf3, 0x0, 0x0,
    0x0, 0x0, 0x0, 0x0, 0x3, 0x99, 0x96, 0x66,
    0x40, 0x0, 0x0, 0x0, 0x0, 0x0, 0x0, 0xc,
    0xff, 0xc0, 0x0, 0x0, 0x0, 0x0, 0x0, 0x0,
    0xc, 0xff, 0xc0, 0x0, 0x0, 0x0, 0x0, 0x0,
    0x0, 0xc, 0xff, 0xc0, 0x0, 0x0, 0x0, 0x0,
    0x6, 0xff, 0xff, 0xff, 0xff, 0xff, 0x60, 0x0,
    0x0, 0x6, 0xff, 0xff, 0xff, 0xff, 0xff, 0x60,
    0x0, 0x0, 0x6, 0xff, 0xff, 0xff, 0xff, 0xff,
    0x60, 0x0, 0x66, 0x67, 0x99, 0x99, 0x99, 0x99,
    0x99, 0x76, 0x66, 0xff, 0xf9, 0x0, 0x0, 0x0,
    0x0, 0x0, 0x9f, 0xff, 0xff, 0xf9, 0x0, 0x0,
    0x0, 0x0, 0x0, 0x9f, 0xff, 0xff, 0xf9, 0x0,
    0x0, 0x0, 0x0, 0x0, 0x9f, 0xff, 0xff, 0xff,
    0xff, 0xff, 0xff, 0xff, 0xff, 0xff, 0xff, 0xff,
    0xff, 0xff, 0xff, 0xff, 0xff, 0xff, 0xff, 0xff,
    0xff, 0xff, 0xff, 0xff, 0xff, 0xff, 0xff, 0xff,
    0xff, 0xff, 0xfd, 0x99, 0x99, 0x99, 0x99, 0x99,
    0xdf, 0xff, 0xff, 0xf9, 0x0, 0x0, 0x0, 0x0,
    0x0, 0x9f, 0xff, 0xff, 0xf9, 0x0, 0x0, 0x0,
    0x0, 0x0, 0x9f, 0xff, 0xff, 0xf9, 0x0, 0x0,
    0x0, 0x0, 0x0, 0x9f, 0xff, 0xff, 0xf9, 0x0,
    0x0, 0x0, 0x0, 0x0, 0x9f, 0xff, 0xff, 0xf9,
    0x0, 0x0, 0x0, 0x0, 0x0, 0x9f, 0xff, 0xff,
    0xf9, 0x0, 0x0, 0x0, 0x0, 0x0, 0x9f, 0xff,
    0xff, 0xf9, 0x0, 0x0, 0x0, 0x0, 0x0, 0x9f,
    0xff,

    /* U+00C1 "Á" */
    0x0, 0x0, 0x0, 0x0, 0x0, 0x3f, 0xff, 0x60,
    0x0, 0x0, 0x0, 0x0, 0x0, 0x0, 0x3f, 0xff,
    0x60, 0x0, 0x0, 0x0, 0x0, 0x0, 0x0, 0x3f,
    0xff, 0x60, 0x0, 0x0, 0x0, 0x0, 0x4, 0x66,
    0x69, 0x99, 0x30, 0x0, 0x0, 0x0, 0x0, 0xc,
    0xff, 0xc0, 0x0, 0x0, 0x0, 0x0, 0x0, 0x0,
    0xc, 0xff, 0xc0, 0x0, 0x0, 0x0, 0x0, 0x0,
    0x0, 0xc, 0xff, 0xc0, 0x0, 0x0, 0x0, 0x0,
    0x6, 0xff, 0xff, 0xff, 0xff, 0xff, 0x60, 0x0,
    0x0, 0x6, 0xff, 0xff, 0xff, 0xff, 0xff, 0x60,
    0x0, 0x0, 0x6, 0xff, 0xff, 0xff, 0xff, 0xff,
    0x60, 0x0, 0x66, 0x67, 0x99, 0x99, 0x99, 0x99,
    0x99, 0x76, 0x66, 0xff, 0xf9, 0x0, 0x0, 0x0,
    0x0, 0x0, 0x9f, 0xff, 0xff, 0xf9, 0x0, 0x0,
    0x0, 0x0, 0x0, 0x9f, 0xff, 0xff, 0xf9, 0x0,
    0x0, 0x0, 0x0, 0x0, 0x9f, 0xff, 0xff, 0xff,
    0xff, 0xff, 0xff, 0xff, 0xff, 0xff, 0xff, 0xff,
    0xff, 0xff, 0xff, 0xff, 0xff, 0xff, 0xff, 0xff,
    0xff, 0xff, 0xff, 0xff, 0xff, 0xff, 0xff, 0xff,
    0xff, 0xff, 0xfd, 0x99, 0x99, 0x99, 0x99, 0x99,
    0xdf, 0xff, 0xff, 0xf9, 0x0, 0x0, 0x0, 0x0,
    0x0, 0x9f, 0xff, 0xff, 0xf9, 0x0, 0x0, 0x0,
    0x0, 0x0, 0x9f, 0xff, 0xff, 0xf9, 0x0, 0x0,
    0x0, 0x0, 0x0, 0x9f, 0xff, 0xff, 0xf9, 0x0,
    0x0, 0x0, 0x0, 0x0, 0x9f, 0xff, 0xff, 0xf9,
    0x0, 0x0, 0x0, 0x0, 0x0, 0x9f, 0xff, 0xff,
    0xf9, 0x0, 0x0, 0x0, 0x0, 0x0, 0x9f, 0xff,
    0xff, 0xf9, 0x0, 0x0, 0x0, 0x0, 0x0, 0x9f,
    0xff,

    /* U+00C2 "Â" */
    0x0, 0x0, 0x0, 0xc, 0xff, 0xc0, 0x0, 0x0,
    0x0, 0x0, 0x0, 0x0, 0xc, 0xff, 0xc0, 0x0,
    0x0, 0x0, 0x0, 0x0, 0x0, 0xc, 0xff, 0xc0,
    0x0, 0x0, 0x0, 0x0, 0x2, 0x66, 0x69, 0x99,
    0x96, 0x66, 0x20, 0x0, 0x0, 0x6, 0xff, 0xf3,
    0x0, 0x3f, 0xff, 0x60, 0x0, 0x0, 0x6, 0xff,
    0xf3, 0x0, 0x3f, 0xff, 0x60, 0x0, 0x0, 0x6,
    0xff, 0xf3, 0x0, 0x3f, 0xff, 0x60, 0x0, 0x0,
    0x6, 0xff, 0xff, 0xff, 0xff, 0xff, 0x60, 0x0,
    0x0, 0x6, 0xff, 0xff, 0xff, 0xff, 0xff, 0x60,
    0x0, 0x0, 0x6, 0xff, 0xff, 0xff, 0xff, 0xff,
    0x60, 0x0, 0x66, 0x67, 0x99, 0x99, 0x99, 0x99,
    0x99, 0x76, 0x66, 0xff, 0xf9, 0x0, 0x0, 0x0,
    0x0, 0x0, 0x9f, 0xff, 0xff, 0xf9, 0x0, 0x0,
    0x0, 0x0, 0x0, 0x9f, 0xff, 0xff, 0xf9, 0x0,
    0x0, 0x0, 0x0, 0x0, 0x9f, 0xff, 0xff, 0xff,
    0xff, 0xff, 0xff, 0xff, 0xff, 0xff, 0xff, 0xff,
    0xff, 0xff, 0xff, 0xff, 0xff, 0xff, 0xff, 0xff,
    0xff, 0xff, 0xff, 0xff, 0xff, 0xff, 0xff, 0xff,
    0xff, 0xff, 0xfd, 0x99, 0x99, 0x99, 0x99, 0x99,
    0xdf, 0xff, 0xff, 0xf9, 0x0, 0x0, 0x0, 0x0,
    0x0, 0x9f, 0xff, 0xff, 0xf9, 0x0, 0x0, 0x0,
    0x0, 0x0, 0x9f, 0xff, 0xff, 0xf9, 0x0, 0x0,
    0x0, 0x0, 0x0, 0x9f, 0xff, 0xff, 0xf9, 0x0,
    0x0, 0x0, 0x0, 0x0, 0x9f, 0xff, 0xff, 0xf9,
    0x0, 0x0, 0x0, 0x0, 0x0, 0x9f, 0xff, 0xff,
    0xf9, 0x0, 0x0, 0x0, 0x0, 0x0, 0x9f, 0xff,
    0xff, 0xf9, 0x0, 0x0, 0x0, 0x0, 0x0, 0x9f,
    0xff,

    /* U+00C3 "Ã" */
    0x0, 0x6, 0xff, 0xf3, 0x0, 0x0, 0x0, 0x9f,
    0xff, 0x0, 0x6, 0xff, 0xf3, 0x0, 0x0, 0x0,
    0x9f, 0xff, 0x0, 0x6, 0xff, 0xf3, 0x0, 0x0,
    0x0, 0x9f, 0xff, 0x99, 0x99, 0x99, 0x99, 0x99,
    0x99, 0x99, 0x99, 0x99, 0xff, 0xf9, 0x0, 0xc,
    0xff, 0xff, 0xff, 0x60, 0x0, 0xff, 0xf9, 0x0,
    0xc, 0xff, 0xff, 0xff, 0x60, 0x0, 0xff, 0xf9,
    0x0, 0xc, 0xff, 0xff, 0xff, 0x60, 0x0, 0x0,
    0x6, 0xff, 0xff, 0xff, 0xff, 0xff, 0x60, 0x0,
    0x0, 0x6, 0xff, 0xff, 0xff, 0xff, 0xff, 0x60,
    0x0, 0x0, 0x6, 0xff, 0xff, 0xff, 0xff, 0xff,
    0x60, 0x0, 0x66, 0x67, 0x99, 0x99, 0x99, 0x99,
    0x99, 0x76, 0x66, 0xff, 0xf9, 0x0, 0x0, 0x0,
    0x0, 0x0, 0x9f, 0xff, 0xff, 0xf9, 0x0, 0x0,
    0x0, 0x0, 0x0, 0x9f, 0xff, 0xff, 0xf9, 0x0,
    0x0, 0x0, 0x0, 0x0, 0x9f, 0xff, 0xff, 0xff,
    0xff, 0xff, 0xff, 0xff, 0xff, 0xff, 0xff, 0xff,
    0xff, 0xff, 0xff, 0xff, 0xff, 0xff, 0xff, 0xff,
    0xff, 0xff, 0xff, 0xff, 0xff, 0xff, 0xff, 0xff,
    0xff, 0xff, 0xfd, 0x99, 0x99, 0x99, 0x99, 0x99,
    0xdf, 0xff, 0xff, 0xf9, 0x0, 0x0, 0x0, 0x0,
    0x0, 0x9f, 0xff, 0xff, 0xf9, 0x0, 0x0, 0x0,
    0x0, 0x0, 0x9f, 0xff, 0xff, 0xf9, 0x0, 0x0,
    0x0, 0x0, 0x0, 0x9f, 0xff, 0xff, 0xf9, 0x0,
    0x0, 0x0, 0x0, 0x0, 0x9f, 0xff, 0xff, 0xf9,
    0x0, 0x0, 0x0, 0x0, 0x0, 0x9f, 0xff, 0xff,
    0xf9, 0x0, 0x0, 0x0, 0x0, 0x0, 0x9f, 0xff,
    0xff, 0xf9, 0x0, 0x0, 0x0, 0x0, 0x0, 0x9f,
    0xff,

    /* U+00C4 "Ä" */
    0x0, 0x6, 0xff, 0xf3, 0x0, 0x3f, 0xff, 0x60,
    0x0, 0x0, 0x6, 0xff, 0xf3, 0x0, 0x3f, 0xff,
    0x60, 0x0, 0x0, 0x6, 0xff, 0xf3, 0x0, 0x3f,
    0xff, 0x60, 0x0, 0x0, 0x3, 0x99, 0x91, 0x0,
    0x19, 0x99, 0x30, 0x0, 0x0, 0x0, 0x0, 0x0,
    0x0, 0x0, 0x0, 0x0, 0x0, 0x0, 0x0, 0x0,
    0x0, 0x0, 0x0, 0x0, 0x0, 0x0, 0x0, 0x0,
    0x0, 0x0, 0x0, 0x0, 0x0, 0x0, 0x0, 0x0,
    0x6, 0xff, 0xff, 0xff, 0xff, 0xff, 0x60, 0x0,
    0x0, 0x6, 0xff, 0xff, 0xff, 0xff, 0xff, 0x60,
    0x0, 0x0, 0x6, 0xff, 0xff, 0xff, 0xff, 0xff,
    0x60, 0x0, 0x66, 0x67, 0x99, 0x99, 0x99, 0x99,
    0x99, 0x76, 0x66, 0xff, 0xf9, 0x0, 0x0, 0x0,
    0x0, 0x0, 0x9f, 0xff, 0xff, 0xf9, 0x0, 0x0,
    0x0, 0x0, 0x0, 0x9f, 0xff, 0xff, 0xf9, 0x0,
    0x0, 0x0, 0x0, 0x0, 0x9f, 0xff, 0xff, 0xff,
    0xff, 0xff, 0xff, 0xff, 0xff, 0xff, 0xff, 0xff,
    0xff, 0xff, 0xff, 0xff, 0xff, 0xff, 0xff, 0xff,
    0xff, 0xff, 0xff, 0xff, 0xff, 0xff, 0xff, 0xff,
    0xff, 0xff, 0xfd, 0x99, 0x99, 0x99, 0x99, 0x99,
    0xdf, 0xff, 0xff, 0xf9, 0x0, 0x0, 0x0, 0x0,
    0x0, 0x9f, 0xff, 0xff, 0xf9, 0x0, 0x0, 0x0,
    0x0, 0x0, 0x9f, 0xff, 0xff, 0xf9, 0x0, 0x0,
    0x0, 0x0, 0x0, 0x9f, 0xff, 0xff, 0xf9, 0x0,
    0x0, 0x0, 0x0, 0x0, 0x9f, 0xff, 0xff, 0xf9,
    0x0, 0x0, 0x0, 0x0, 0x0, 0x9f, 0xff, 0xff,
    0xf9, 0x0, 0x0, 0x0, 0x0, 0x0, 0x9f, 0xff,
    0xff, 0xf9, 0x0, 0x0, 0x0, 0x0, 0x0, 0x9f,
    0xff,

    /* U+00C5 "Å" */
    0x0, 0x6, 0xff, 0xff, 0xff, 0xff, 0xff, 0x60,
    0x0, 0x0, 0x6, 0xff, 0xff, 0xff, 0xff, 0xff,
    0x60, 0x0, 0x0, 0x6, 0xff, 0xff, 0xff, 0xff,
    0xff, 0x60, 0x0, 0x0, 0x6, 0xff, 0xfb, 0x99,
    0xbf, 0xff, 0x60, 0x0, 0x0, 0x6, 0xff, 0xf3,
    0x0, 0x3f, 0xff, 0x60, 0x0, 0x0, 0x6, 0xff,
    0xf3, 0x0, 0x3f, 0xff, 0x60, 0x0, 0x0, 0x6,
    0xff, 0xf3, 0x0, 0x3f, 0xff, 0x60, 0x0, 0x0,
    0x6, 0xff, 0xff, 0xff, 0xff, 0xff, 0x60, 0x0,
    0x0, 0x6, 0xff, 0xff, 0xff, 0xff, 0xff, 0x60,
    0x0, 0x0, 0x6, 0xff, 0xff, 0xff, 0xff, 0xff,
    0x60, 0x0, 0x66, 0x67, 0x99, 0x99, 0x99, 0x99,
    0x99, 0x76, 0x66, 0xff, 0xf9, 0x0, 0x0, 0x0,
    0x0, 0x0, 0x9f, 0xff, 0xff, 0xf9, 0x0, 0x0,
    0x0, 0x0, 0x0, 0x9f, 0xff, 0xff, 0xf9, 0x0,
    0x0, 0x0, 0x0, 0x0, 0x9f, 0xff, 0xff, 0xff,
    0xff, 0xff, 0xff, 0xff, 0xff, 0xff, 0xff, 0xff,
    0xff, 0xff, 0xff, 0xff, 0xff, 0xff, 0xff, 0xff,
    0xff, 0xff, 0xff, 0xff, 0xff, 0xff, 0xff, 0xff,
    0xff, 0xff, 0xfd, 0x99, 0x99, 0x99, 0x99, 0x99,
    0xdf, 0xff, 0xff, 0xf9, 0x0, 0x0, 0x0, 0x0,
    0x0, 0x9f, 0xff, 0xff, 0xf9, 0x0, 0x0, 0x0,
    0x0, 0x0, 0x9f, 0xff, 0xff, 0xf9, 0x0, 0x0,
    0x0, 0x0, 0x0, 0x9f, 0xff, 0xff, 0xf9, 0x0,
    0x0, 0x0, 0x0, 0x0, 0x9f, 0xff, 0xff, 0xf9,
    0x0, 0x0, 0x0, 0x0, 0x0, 0x9f, 0xff, 0xff,
    0xf9, 0x0, 0x0, 0x0, 0x0, 0x0, 0x9f, 0xff,
    0xff, 0xf9, 0x0, 0x0, 0x0, 0x0, 0x0, 0x9f,
    0xff,

    /* U+00C6 "Æ" */
    0x0, 0x0, 0x0, 0xc, 0xff, 0xff, 0xff, 0xff,
    0xff, 0x0, 0x0, 0x0, 0xc, 0xff, 0xff, 0xff,
    0xff, 0xff, 0x0, 0x0, 0x0, 0xc, 0xff, 0xff,
    0xff, 0xff, 0xff, 0x0, 0x3, 0x99, 0x9e, 0xff,
    0xe9, 0x99, 0x99, 0x99, 0x0, 0x6, 0xff, 0xff,
    0xff, 0xc0, 0x0, 0x0, 0x0, 0x0, 0x6, 0xff,
    0xff, 0xff, 0xc0, 0x0, 0x0, 0x0, 0x0, 0x6,
    0xff, 0xff, 0xff, 0xc0, 0x0, 0x0, 0x0, 0xff,
    0xf9, 0x0, 0xc, 0xff, 0xc0, 0x0, 0x0, 0x0,
    0xff, 0xf9, 0x0, 0xc, 0xff, 0xc0, 0x0, 0x0,
    0x0, 0xff, 0xf9, 0x0, 0xc, 0xff, 0xc0, 0x0,
    0x0, 0x0, 0xff, 0xf9, 0x0, 0xc, 0xff, 0xe9,
    0x99, 0x99, 0x99, 0xff, 0xf9, 0x0, 0xc, 0xff,
    0xff, 0xff, 0xff, 0xff, 0xff, 0xf9, 0x0, 0xc,
    0xff, 0xff, 0xff, 0xff, 0xff, 0xff, 0xf9, 0x0,
    0xc, 0xff, 0xff, 0xff, 0xff, 0xff, 0xff, 0xff,
    0xff, 0xff, 0xff, 0xc0, 0x0, 0x0, 0x0, 0xff,
    0xff, 0xff, 0xff, 0xff, 0xc0, 0x0, 0x0, 0x0,
    0xff, 0xff, 0xff, 0xff, 0xff, 0xc0, 0x0, 0x0,
    0x0, 0xff, 0xfd, 0x99, 0x9e, 0xff, 0xc0, 0x0,
    0x0, 0x0, 0xff, 0xf9, 0x0, 0xc, 0xff, 0xc0,
    0x0, 0x0, 0x0, 0xff, 0xf9, 0x0, 0xc, 0xff,
    0xc0, 0x0, 0x0, 0x0, 0xff, 0xf9, 0x0, 0xc,
    0xff, 0xc0, 0x0, 0x0, 0x0, 0xff, 0xf9, 0x0,
    0xc, 0xff, 0xe9, 0x99, 0x99, 0x99, 0xff, 0xf9,
    0x0, 0xc, 0xff, 0xff, 0xff, 0xff, 0xff, 0xff,
    0xf9, 0x0, 0xc, 0xff, 0xff, 0xff, 0xff, 0xff,
    0xff, 0xf9, 0x0, 0xc, 0xff, 0xff, 0xff, 0xff,
    0xff,

    /* U+00C7 "Ç" */
    0x0, 0x6, 0xff, 0xff, 0xff, 0xff, 0xff, 0xff,
    0xff, 0x0, 0x6, 0xff, 0xff, 0xff, 0xff, 0xff,
    0xff, 0xff, 0x0, 0x6, 0xff, 0xff, 0xff, 0xff,
    0xff, 0xff, 0xff, 0xcc, 0xcb, 0x99, 0x99, 0x99,
    0x99, 0x99, 0x99, 0x99, 0xff, 0xf9, 0x0, 0x0,
    0x0, 0x0, 0x0, 0x0, 0x0, 0xff, 0xf9, 0x0,
    0x0, 0x0, 0x0, 0x0, 0x0, 0x0, 0xff, 0xf9,
    0x0, 0x0, 0x0, 0x0, 0x0, 0x0, 0x0, 0xff,
    0xf9, 0x0, 0x0, 0x0, 0x0, 0x0, 0x0, 0x0,
    0xff, 0xf9, 0x0, 0x0, 0x0, 0x0, 0x0, 0x0,
    0x0, 0xff, 0xf9, 0x0, 0x0, 0x0, 0x0, 0x0,
    0x0, 0x0, 0xff, 0xf9, 0x0, 0x0, 0x0, 0x0,
    0x0, 0x0, 0x0, 0xff, 0xf9, 0x0, 0x0, 0x0,
    0x0, 0x0, 0x0, 0x0, 0xff, 0xf9, 0x0, 0x0,
    0x0, 0x0, 0x0, 0x0, 0x0, 0xff, 0xf9, 0x0,
    0x0, 0x0, 0x0, 0x0, 0x0, 0x0, 0x0, 0x6,
    0xff, 0xff, 0xff, 0xff, 0xff, 0xff, 0xff, 0x0,
    0x6, 0xff, 0xff, 0xff, 0xff, 0xff, 0xff, 0xff,
    0x0, 0x6, 0xff, 0xff, 0xff, 0xff, 0xff, 0xff,
    0xff, 0x0, 0x3, 0x99, 0x99, 0x99, 0xaf, 0xff,
    0xc9, 0x99, 0x0, 0x0, 0x0, 0x0, 0x0, 0x3f,
    0xff, 0x60, 0x0, 0x0, 0x0, 0x0, 0x0, 0x0,
    0x3f, 0xff, 0x60, 0x0, 0x0, 0x0, 0x0, 0x0,
    0x0, 0x3f, 0xff, 0x60, 0x0, 0x0, 0x3, 0x99,
    0x99, 0x99, 0xaf, 0xff, 0xc9, 0x99, 0x0, 0x6,
    0xff, 0xff, 0xff, 0xff, 0xff, 0xff, 0xff, 0x0,
    0x6, 0xff, 0xff, 0xff, 0xff, 0xff, 0xff, 0xff,
    0x0, 0x6, 0xff, 0xff, 0xff, 0xff, 0xff, 0xff,
    0xff,

    /* U+00C8 "È" */
    0x0, 0x6, 0xff, 0xf3, 0x0, 0x0, 0x0, 0x0,
    0x0, 0x0, 0x6, 0xff, 0xf3, 0x0, 0x0, 0x0,
    0x0, 0x0, 0x0, 0x6, 0xff, 0xf3, 0x0, 0x0,
    0x0, 0x0, 0x0, 0x0, 0x3, 0x99, 0x96, 0x66,
    0x40, 0x0, 0x0, 0x0, 0x0, 0x0, 0x0, 0xc,
    0xff, 0xc0, 0x0, 0x0, 0x0, 0x0, 0x0, 0x0,
    0xc, 0xff, 0xc0, 0x0, 0x0, 0x0, 0x0, 0x0,
    0x0, 0xc, 0xff, 0xc0, 0x0, 0x0, 0x0, 0xff,
    0xff, 0xff, 0xff, 0xff, 0xff, 0xff, 0xff, 0xff,
    0xff, 0xff, 0xff, 0xff, 0xff, 0xff, 0xff, 0xff,
    0xff, 0xff, 0xff, 0xff, 0xff, 0xff, 0xff, 0xff,
    0xff, 0xff, 0xff, 0xfd, 0x99, 0x99, 0x99, 0x99,
    0x99, 0x99, 0x99, 0xff, 0xf9, 0x0, 0x0, 0x0,
    0x0, 0x0, 0x0, 0x0, 0xff, 0xf9, 0x0, 0x0,
    0x0, 0x0, 0x0, 0x0, 0x0, 0xff, 0xf9, 0x0,
    0x0, 0x0, 0x0, 0x0, 0x0, 0x0, 0xff, 0xff,
    0xff, 0xff, 0xff, 0xff, 0xff, 0x60, 0x0, 0xff,
    0xff, 0xff, 0xff, 0xff, 0xff, 0xff, 0x60, 0x0,
    0xff, 0xff, 0xff, 0xff, 0xff, 0xff, 0xff, 0x60,
    0x0, 0xff, 0xfd, 0x99, 0x99, 0x99, 0x99, 0x99,
    0x30, 0x0, 0xff, 0xf9, 0x0, 0x0, 0x0, 0x0,
    0x0, 0x0, 0x0, 0xff, 0xf9, 0x0, 0x0, 0x0,
    0x0, 0x0, 0x0, 0x0, 0xff, 0xf9, 0x0, 0x0,
    0x0, 0x0, 0x0, 0x0, 0x0, 0xff, 0xfd, 0x99,
    0x99, 0x99, 0x99, 0x99, 0x99, 0x99, 0xff, 0xff,
    0xff, 0xff, 0xff, 0xff, 0xff, 0xff, 0xff, 0xff,
    0xff, 0xff, 0xff, 0xff, 0xff, 0xff, 0xff, 0xff,
    0xff, 0xff, 0xff, 0xff, 0xff, 0xff, 0xff, 0xff,
    0xff,

    /* U+00C9 "É" */
    0x0, 0x0, 0x0, 0x0, 0x0, 0x3f, 0xff, 0x60,
    0x0, 0x0, 0x0, 0x0, 0x0, 0x0, 0x3f, 0xff,
    0x60, 0x0, 0x0, 0x0, 0x0, 0x0, 0x0, 0x3f,
    0xff, 0x60, 0x0, 0x0, 0x0, 0x0, 0x4, 0x66,
    0x69, 0x99, 0x30, 0x0, 0x0, 0x0, 0x0, 0xc,
    0xff, 0xc0, 0x0, 0x0, 0x0, 0x0, 0x0, 0x0,
    0xc, 0xff, 0xc0, 0x0, 0x0, 0x0, 0x0, 0x0,
    0x0, 0xc, 0xff, 0xc0, 0x0, 0x0, 0x0, 0xff,
    0xff, 0xff, 0xff, 0xff, 0xff, 0xff, 0xff, 0xff,
    0xff, 0xff, 0xff, 0xff, 0xff, 0xff, 0xff, 0xff,
    0xff, 0xff, 0xff, 0xff, 0xff, 0xff, 0xff, 0xff,
    0xff, 0xff, 0xff, 0xfd, 0x99, 0x99, 0x99, 0x99,
    0x99, 0x99, 0x99, 0xff, 0xf9, 0x0, 0x0, 0x0,
    0x0, 0x0, 0x0, 0x0, 0xff, 0xf9, 0x0, 0x0,
    0x0, 0x0, 0x0, 0x0, 0x0, 0xff, 0xf9, 0x0,
    0x0, 0x0, 0x0, 0x0, 0x0, 0x0, 0xff, 0xff,
    0xff, 0xff, 0xff, 0xff, 0xff, 0x60, 0x0, 0xff,
    0xff, 0xff, 0xff, 0xff, 0xff, 0xff, 0x60, 0x0,
    0xff, 0xff, 0xff, 0xff, 0xff, 0xff, 0xff, 0x60,
    0x0, 0xff, 0xfd, 0x99, 0x99, 0x99, 0x99, 0x99,
    0x30, 0x0, 0xff, 0xf9, 0x0, 0x0, 0x0, 0x0,
    0x0, 0x0, 0x0, 0xff, 0xf9, 0x0, 0x0, 0x0,
    0x0, 0x0, 0x0, 0x0, 0xff, 0xf9, 0x0, 0x0,
    0x0, 0x0, 0x0, 0x0, 0x0, 0xff, 0xfd, 0x99,
    0x99, 0x99, 0x99, 0x99, 0x99, 0x99, 0xff, 0xff,
    0xff, 0xff, 0xff, 0xff, 0xff, 0xff, 0xff, 0xff,
    0xff, 0xff, 0xff, 0xff, 0xff, 0xff, 0xff, 0xff,
    0xff, 0xff, 0xff, 0xff, 0xff, 0xff, 0xff, 0xff,
    0xff,

    /* U+00CA "Ê" */
    0x0, 0x0, 0x0, 0xc, 0xff, 0xc0, 0x0, 0x0,
    0x0, 0x0, 0x0, 0x0, 0xc, 0xff, 0xc0, 0x0,
    0x0, 0x0, 0x0, 0x0, 0x0, 0xc, 0xff, 0xc0,
    0x0, 0x0, 0x0, 0x0, 0x2, 0x66, 0x69, 0x99,
    0x96, 0x66, 0x20, 0x0, 0x0, 0x6, 0xff, 0xf3,
    0x0, 0x3f, 0xff, 0x60, 0x0, 0x0, 0x6, 0xff,
    0xf3, 0x0, 0x3f, 0xff, 0x60, 0x0, 0x0, 0x6,
    0xff, 0xf3, 0x0, 0x3f, 0xff, 0x60, 0x0, 0xff,
    0xff, 0xff, 0xff, 0xff, 0xff, 0xff, 0xff, 0xff,
    0xff, 0xff, 0xff, 0xff, 0xff, 0xff, 0xff, 0xff,
    0xff, 0xff, 0xff, 0xff, 0xff, 0xff, 0xff, 0xff,
    0xff, 0xff, 0xff, 0xfd, 0x99, 0x99, 0x99, 0x99,
    0x99, 0x99, 0x99, 0xff, 0xf9, 0x0, 0x0, 0x0,
    0x0, 0x0, 0x0, 0x0, 0xff, 0xf9, 0x0, 0x0,
    0x0, 0x0, 0x0, 0x0, 0x0, 0xff, 0xf9, 0x0,
    0x0, 0x0, 0x0, 0x0, 0x0, 0x0, 0xff, 0xff,
    0xff, 0xff, 0xff, 0xff, 0xff, 0x60, 0x0, 0xff,
    0xff, 0xff, 0xff, 0xff, 0xff, 0xff, 0x60, 0x0,
    0xff, 0xff, 0xff, 0xff, 0xff, 0xff, 0xff, 0x60,
    0x0, 0xff, 0xfd, 0x99, 0x99, 0x99, 0x99, 0x99,
    0x30, 0x0, 0xff, 0xf9, 0x0, 0x0, 0x0, 0x0,
    0x0, 0x0, 0x0, 0xff, 0xf9, 0x0, 0x0, 0x0,
    0x0, 0x0, 0x0, 0x0, 0xff, 0xf9, 0x0, 0x0,
    0x0, 0x0, 0x0, 0x0, 0x0, 0xff, 0xfd, 0x99,
    0x99, 0x99, 0x99, 0x99, 0x99, 0x99, 0xff, 0xff,
    0xff, 0xff, 0xff, 0xff, 0xff, 0xff, 0xff, 0xff,
    0xff, 0xff, 0xff, 0xff, 0xff, 0xff, 0xff, 0xff,
    0xff, 0xff, 0xff, 0xff, 0xff, 0xff, 0xff, 0xff,
    0xff,

    /* U+00CB "Ë" */
    0x0, 0x6, 0xff, 0xf3, 0x0, 0x3f, 0xff, 0x60,
    0x0, 0x0, 0x6, 0xff, 0xf3, 0x0, 0x3f, 0xff,
    0x60, 0x0, 0x0, 0x6, 0xff, 0xf3, 0x0, 0x3f,
    0xff, 0x60, 0x0, 0x0, 0x3, 0x99, 0x91, 0x0,
    0x19, 0x99, 0x30, 0x0, 0x0, 0x0, 0x0, 0x0,
    0x0, 0x0, 0x0, 0x0, 0x0, 0x0, 0x0, 0x0,
    0x0, 0x0, 0x0, 0x0, 0x0, 0x0, 0x0, 0x0,
    0x0, 0x0, 0x0, 0x0, 0x0, 0x0, 0x0, 0xff,
    0xff, 0xff, 0xff, 0xff, 0xff, 0xff, 0xff, 0xff,
    0xff, 0xff, 0xff, 0xff, 0xff, 0xff, 0xff, 0xff,
    0xff, 0xff, 0xff, 0xff, 0xff, 0xff, 0xff, 0xff,
    0xff, 0xff, 0xff, 0xfd, 0x99, 0x99, 0x99, 0x99,
    0x99, 0x99, 0x99, 0xff, 0xf9, 0x0, 0x0, 0x0,
    0x0, 0x0, 0x0, 0x0, 0xff, 0xf9, 0x0, 0x0,
    0x0, 0x0, 0x0, 0x0, 0x0, 0xff, 0xf9, 0x0,
    0x0, 0x0, 0x0, 0x0, 0x0, 0x0, 0xff, 0xff,
    0xff, 0xff, 0xff, 0xff, 0xff, 0x60, 0x0, 0xff,
    0xff, 0xff, 0xff, 0xff, 0xff, 0xff, 0x60, 0x0,
    0xff, 0xff, 0xff, 0xff, 0xff, 0xff, 0xff, 0x60,
    0x0, 0xff, 0xfd, 0x99, 0x99, 0x99, 0x99, 0x99,
    0x30, 0x0, 0xff, 0xf9, 0x0, 0x0, 0x0, 0x0,
    0x0, 0x0, 0x0, 0xff, 0xf9, 0x0, 0x0, 0x0,
    0x0, 0x0, 0x0, 0x0, 0xff, 0xf9, 0x0, 0x0,
    0x0, 0x0, 0x0, 0x0, 0x0, 0xff, 0xfd, 0x99,
    0x99, 0x99, 0x99, 0x99, 0x99, 0x99, 0xff, 0xff,
    0xff, 0xff, 0xff, 0xff, 0xff, 0xff, 0xff, 0xff,
    0xff, 0xff, 0xff, 0xff, 0xff, 0xff, 0xff, 0xff,
    0xff, 0xff, 0xff, 0xff, 0xff, 0xff, 0xff, 0xff,
    0xff,

    /* U+00CC "Ì" */
    0x6f, 0xff, 0x30, 0x0, 0x0, 0x0, 0x6f, 0xff,
    0x30, 0x0, 0x0, 0x0, 0x6f, 0xff, 0x30, 0x0,
    0x0, 0x0, 0x39, 0x99, 0x66, 0x64, 0x0, 0x0,
    0x0, 0x0, 0xcf, 0xfc, 0x0, 0x0, 0x0, 0x0,
    0xcf, 0xfc, 0x0, 0x0, 0x0, 0x0, 0xcf, 0xfc,
    0x0, 0x0, 0x6f, 0xff, 0xff, 0xff, 0xff, 0xf6,
    0x6f, 0xff, 0xff, 0xff, 0xff, 0xf6, 0x6f, 0xff,
    0xff, 0xff, 0xff, 0xf6, 0x39, 0x99, 0xef, 0xfe,
    0x99, 0x93, 0x0, 0x0, 0xcf, 0xfc, 0x0, 0x0,
    0x0, 0x0, 0xcf, 0xfc, 0x0, 0x0, 0x0, 0x0,
    0xcf, 0xfc, 0x0, 0x0, 0x0, 0x0, 0xcf, 0xfc,
    0x0, 0x0, 0x0, 0x0, 0xcf, 0xfc, 0x0, 0x0,
    0x0, 0x0, 0xcf, 0xfc, 0x0, 0x0, 0x0, 0x0,
    0xcf, 0xfc, 0x0, 0x0, 0x0, 0x0, 0xcf, 0xfc,
    0x0, 0x0, 0x0, 0x0, 0xcf, 0xfc, 0x0, 0x0,
    0x0, 0x0, 0xcf, 0xfc, 0x0, 0x0, 0x39, 0x99,
    0xef, 0xfe, 0x99, 0x93, 0x6f, 0xff, 0xff, 0xff,
    0xff, 0xf6, 0x6f, 0xff, 0xff, 0xff, 0xff, 0xf6,
    0x6f, 0xff, 0xff, 0xff, 0xff, 0xf6,

    /* U+00CD "Í" */
    0x0, 0x0, 0x0, 0x3, 0xff, 0xf6, 0x0, 0x0,
    0x0, 0x3, 0xff, 0xf6, 0x0, 0x0, 0x0, 0x3,
    0xff, 0xf6, 0x0, 0x0, 0x46, 0x66, 0x99, 0x93,
    0x0, 0x0, 0xcf, 0xfc, 0x0, 0x0, 0x0, 0x0,
    0xcf, 0xfc, 0x0, 0x0, 0x0, 0x0, 0xcf, 0xfc,
    0x0, 0x0, 0x6f, 0xff, 0xff, 0xff, 0xff, 0xf6,
    0x6f, 0xff, 0xff, 0xff, 0xff, 0xf6, 0x6f, 0xff,
    0xff, 0xff, 0xff, 0xf6, 0x39, 0x99, 0xef, 0xfe,
    0x99, 0x93, 0x0, 0x0, 0xcf, 0xfc, 0x0, 0x0,
    0x0, 0x0, 0xcf, 0xfc, 0x0, 0x0, 0x0, 0x0,
    0xcf, 0xfc, 0x0, 0x0, 0x0, 0x0, 0xcf, 0xfc,
    0x0, 0x0, 0x0, 0x0, 0xcf, 0xfc, 0x0, 0x0,
    0x0, 0x0, 0xcf, 0xfc, 0x0, 0x0, 0x0, 0x0,
    0xcf, 0xfc, 0x0, 0x0, 0x0, 0x0, 0xcf, 0xfc,
    0x0, 0x0, 0x0, 0x0, 0xcf, 0xfc, 0x0, 0x0,
    0x0, 0x0, 0xcf, 0xfc, 0x0, 0x0, 0x39, 0x99,
    0xef, 0xfe, 0x99, 0x93, 0x6f, 0xff, 0xff, 0xff,
    0xff, 0xf6, 0x6f, 0xff, 0xff, 0xff, 0xff, 0xf6,
    0x6f, 0xff, 0xff, 0xff, 0xff, 0xf6,

    /* U+00CE "Î" */
    0x0, 0x0, 0xcf, 0xfc, 0x0, 0x0, 0x0, 0x0,
    0xcf, 0xfc, 0x0, 0x0, 0x0, 0x0, 0xcf, 0xfc,
    0x0, 0x0, 0x6f, 0xff, 0xb9, 0x9b, 0xff, 0xf6,
    0x6f, 0xff, 0x30, 0x3, 0xff, 0xf6, 0x6f, 0xff,
    0x30, 0x3, 0xff, 0xf6, 0x6f, 0xff, 0x30, 0x3,
    0xff, 0xf6, 0x6f, 0xff, 0xff, 0xff, 0xff, 0xf6,
    0x6f, 0xff, 0xff, 0xff, 0xff, 0xf6, 0x6f, 0xff,
    0xff, 0xff, 0xff, 0xf6, 0x13, 0x33, 0xdf, 0xfd,
    0x33, 0x31, 0x0, 0x0, 0xcf, 0xfc, 0x0, 0x0,
    0x0, 0x0, 0xcf, 0xfc, 0x0, 0x0, 0x0, 0x0,
    0xcf, 0xfc, 0x0, 0x0, 0x0, 0x0, 0xcf, 0xfc,
    0x0, 0x0, 0x0, 0x0, 0xcf, 0xfc, 0x0, 0x0,
    0x0, 0x0, 0xcf, 0xfc, 0x0, 0x0, 0x0, 0x0,
    0xcf, 0xfc, 0x0, 0x0, 0x0, 0x0, 0xcf, 0xfc,
    0x0, 0x0, 0x0, 0x0, 0xcf, 0xfc, 0x0, 0x0,
    0x0, 0x0, 0xcf, 0xfc, 0x0, 0x0, 0x39, 0x99,
    0xef, 0xfe, 0x99, 0x93, 0x6f, 0xff, 0xff, 0xff,
    0xff, 0xf6, 0x6f, 0xff, 0xff, 0xff, 0xff, 0xf6,
    0x6f, 0xff, 0xff, 0xff, 0xff, 0xf6,

    /* U+00CF "Ï" */
    0x6f, 0xff, 0x30, 0x3, 0xff, 0xf6, 0x6f, 0xff,
    0x30, 0x3, 0xff, 0xf6, 0x6f, 0xff, 0x30, 0x3,
    0xff, 0xf6, 0x39, 0x99, 0x10, 0x1, 0x99, 0x93,
    0x0, 0x0, 0x0, 0x0, 0x0, 0x0, 0x0, 0x0,
    0x0, 0x0, 0x0, 0x0, 0x0, 0x0, 0x0, 0x0,
    0x0, 0x0, 0x6f, 0xff, 0xff, 0xff, 0xff, 0xf6,
    0x6f, 0xff, 0xff, 0xff, 0xff, 0xf6, 0x6f, 0xff,
    0xff, 0xff, 0xff, 0xf6, 0x39, 0x99, 0xef, 0xfe,
    0x99, 0x93, 0x0, 0x0, 0xcf, 0xfc, 0x0, 0x0,
    0x0, 0x0, 0xcf, 0xfc, 0x0, 0x0, 0x0, 0x0,
    0xcf, 0xfc, 0x0, 0x0, 0x0, 0x0, 0xcf, 0xfc,
    0x0, 0x0, 0x0, 0x0, 0xcf, 0xfc, 0x0, 0x0,
    0x0, 0x0, 0xcf, 0xfc, 0x0, 0x0, 0x0, 0x0,
    0xcf, 0xfc, 0x0, 0x0, 0x0, 0x0, 0xcf, 0xfc,
    0x0, 0x0, 0x0, 0x0, 0xcf, 0xfc, 0x0, 0x0,
    0x0, 0x0, 0xcf, 0xfc, 0x0, 0x0, 0x39, 0x99,
    0xef, 0xfe, 0x99, 0x93, 0x6f, 0xff, 0xff, 0xff,
    0xff, 0xf6, 0x6f, 0xff, 0xff, 0xff, 0xff, 0xf6,
    0x6f, 0xff, 0xff, 0xff, 0xff, 0xf6,

    /* U+00D0 "Ð" */
    0x0, 0x6, 0xff, 0xff, 0xff, 0xc0, 0x0, 0x0,
    0x0, 0x0, 0x6, 0xff, 0xff, 0xff, 0xc0, 0x0,
    0x0, 0x0, 0x0, 0x6, 0xff, 0xff, 0xff, 0xc0,
    0x0, 0x0, 0x0, 0x0, 0x6, 0xff, 0xfb, 0x99,
    0x99, 0x99, 0x30, 0x0, 0x0, 0x6, 0xff, 0xf3,
    0x0, 0x3f, 0xff, 0x60, 0x0, 0x0, 0x6, 0xff,
    0xf3, 0x0, 0x3f, 0xff, 0x60, 0x0, 0x0, 0x6,
    0xff, 0xf3, 0x0, 0x3f, 0xff, 0x60, 0x0, 0x0,
    0x6, 0xff, 0xf3, 0x0, 0x0, 0x0, 0x9f, 0xff,
    0x0, 0x6, 0xff, 0xf3, 0x0, 0x0, 0x0, 0x9f,
    0xff, 0x0, 0x6, 0xff, 0xf3, 0x0, 0x0, 0x0,
    0x9f, 0xff, 0x99, 0x9c, 0xff, 0xfb, 0x99, 0x70,
    0x0, 0x9f, 0xff, 0xff, 0xff, 0xff, 0xff, 0xff,
    0xc0, 0x0, 0x9f, 0xff, 0xff, 0xff, 0xff, 0xff,
    0xff, 0xc0, 0x0, 0x9f, 0xff, 0xff, 0xff, 0xff,
    0xff, 0xff, 0xc0, 0x0, 0x9f, 0xff, 0x0, 0x6,
    0xff, 0xf3, 0x0, 0x0, 0x0, 0x9f, 0xff, 0x0,
    0x6, 0xff, 0xf3, 0x0, 0x0, 0x0, 0x9f, 0xff,
    0x0, 0x6, 0xff, 0xf3, 0x0, 0x0, 0x0, 0x9f,
    0xff, 0x0, 0x6, 0xff, 0xf3, 0x0, 0x0, 0x0,
    0x7c, 0xcc, 0x0, 0x6, 0xff, 0xf3, 0x0, 0x3f,
    0xff, 0x60, 0x0, 0x0, 0x6, 0xff, 0xf3, 0x0,
    0x3f, 0xff, 0x60, 0x0, 0x0, 0x6, 0xff, 0xf3,
    0x0, 0x3f, 0xff, 0x60, 0x0, 0x0, 0x6, 0xff,
    0xfa, 0x99, 0x86, 0x66, 0x20, 0x0, 0x0, 0x6,
    0xff, 0xff, 0xff, 0xc0, 0x0, 0x0, 0x0, 0x0,
    0x6, 0xff, 0xff, 0xff, 0xc0, 0x0, 0x0, 0x0,
    0x0, 0x6, 0xff, 0xff, 0xff, 0xc0, 0x0, 0x0,
    0x0,

    /* U+00D1 "Ñ" */
    0x0, 0x6, 0xff, 0xf3, 0x0, 0x0, 0x0, 0x9f,
    0xff, 0x0, 0x6, 0xff, 0xf3, 0x0, 0x0, 0x0,
    0x9f, 0xff, 0x0, 0x6, 0xff, 0xf3, 0x0, 0x0,
    0x0, 0x9f, 0xff, 0x99, 0x99, 0x99, 0x99, 0x99,
    0x99, 0x99, 0x99, 0x99, 0xff, 0xf9, 0x0, 0xc,
    0xff, 0xff, 0xff, 0x60, 0x0, 0xff, 0xf9, 0x0,
    0xc, 0xff, 0xff, 0xff, 0x60, 0x0, 0xff, 0xf9,
    0x0, 0xc, 0xff, 0xff, 0xff, 0x60, 0x0, 0xff,
    0xf9, 0x0, 0x0, 0x0, 0x0, 0x0, 0x9f, 0xff,
    0xff, 0xf9, 0x0, 0x0, 0x0, 0x0, 0x0, 0x9f,
    0xff, 0xff, 0xf9, 0x0, 0x0, 0x0, 0x0, 0x0,
    0x9f, 0xff, 0xff, 0xfd, 0x99, 0x91, 0x0, 0x0,
    0x0, 0x9f, 0xff, 0xff, 0xff, 0xff, 0xf3, 0x0,
    0x0, 0x0, 0x9f, 0xff, 0xff, 0xff, 0xff, 0xf3,
    0x0, 0x0, 0x0, 0x9f, 0xff, 0xff, 0xff, 0xff,
    0xf3, 0x0, 0x0, 0x0, 0x9f, 0xff, 0xff, 0xf9,
    0x0, 0xc, 0xff, 0xc0, 0x0, 0x9f, 0xff, 0xff,
    0xf9, 0x0, 0xc, 0xff, 0xc0, 0x0, 0x9f, 0xff,
    0xff, 0xf9, 0x0, 0xc, 0xff, 0xc0, 0x0, 0x9f,
    0xff, 0xff, 0xf9, 0x0, 0x7, 0x99, 0x70, 0x0,
    0x9f, 0xff, 0xff, 0xf9, 0x0, 0x0, 0x0, 0x3f,
    0xff, 0xff, 0xff, 0xff, 0xf9, 0x0, 0x0, 0x0,
    0x3f, 0xff, 0xff, 0xff, 0xff, 0xf9, 0x0, 0x0,
    0x0, 0x3f, 0xff, 0xff, 0xff, 0xff, 0xf9, 0x0,
    0x0, 0x0, 0x19, 0x99, 0xdf, 0xff, 0xff, 0xf9,
    0x0, 0x0, 0x0, 0x0, 0x0, 0x9f, 0xff, 0xff,
    0xf9, 0x0, 0x0, 0x0, 0x0, 0x0, 0x9f, 0xff,
    0xff, 0xf9, 0x0, 0x0, 0x0, 0x0, 0x0, 0x9f,
    0xff,

    /* U+00D2 "Ò" */
    0x0, 0x6, 0xff, 0xf3, 0x0, 0x0, 0x0, 0x0,
    0x0, 0x0, 0x6, 0xff, 0xf3, 0x0, 0x0, 0x0,
    0x0, 0x0, 0x0, 0x6, 0xff, 0xf3, 0x0, 0x0,
    0x0, 0x0, 0x0, 0x0, 0x3, 0x99, 0x96, 0x66,
    0x40, 0x0, 0x0, 0x0, 0x0, 0x0, 0x0, 0xc,
    0xff, 0xc0, 0x0, 0x0, 0x0, 0x0, 0x0, 0x0,
    0xc, 0xff, 0xc0, 0x0, 0x0, 0x0, 0x0, 0x0,
    0x0, 0xc, 0xff, 0xc0, 0x0, 0x0, 0x0, 0x0,
    0x6, 0xff, 0xff, 0xff, 0xff, 0xff, 0x60, 0x0,
    0x0, 0x6, 0xff, 0xff, 0xff, 0xff, 0xff, 0x60,
    0x0, 0x0, 0x6, 0xff, 0xff, 0xff, 0xff, 0xff,
    0x60, 0x0, 0x0, 0x3, 0x99, 0x99, 0x99, 0x99,
    0x99, 0x30, 0x0, 0xff, 0xf9, 0x0, 0x0, 0x0,
    0x0, 0x0, 0x9f, 0xff, 0xff, 0xf9, 0x0, 0x0,
    0x0, 0x0, 0x0, 0x9f, 0xff, 0xff, 0xf9, 0x0,
    0x0, 0x0, 0x0, 0x0, 0x9f, 0xff, 0xff, 0xf9,
    0x0, 0x0, 0x0, 0x0, 0x0, 0x9f, 0xff, 0xff,
    0xf9, 0x0, 0x0, 0x0, 0x0, 0x0, 0x9f, 0xff,
    0xff, 0xf9, 0x0, 0x0, 0x0, 0x0, 0x0, 0x9f,
    0xff, 0xff, 0xf9, 0x0, 0x0, 0x0, 0x0, 0x0,
    0x9f, 0xff, 0xff, 0xf9, 0x0, 0x0, 0x0, 0x0,
    0x0, 0x9f, 0xff, 0xff, 0xf9, 0x0, 0x0, 0x0,
    0x0, 0x0, 0x9f, 0xff, 0xff, 0xf9, 0x0, 0x0,
    0x0, 0x0, 0x0, 0x9f, 0xff, 0x66, 0x67, 0x99,
    0x99, 0x99, 0x99, 0x99, 0x76, 0x66, 0x0, 0x6,
    0xff, 0xff, 0xff, 0xff, 0xff, 0x60, 0x0, 0x0,
    0x6, 0xff, 0xff, 0xff, 0xff, 0xff, 0x60, 0x0,
    0x0, 0x6, 0xff, 0xff, 0xff, 0xff, 0xff, 0x60,
    0x0,

    /* U+00D3 "Ó" */
    0x0, 0x0, 0x0, 0x0, 0x0, 0x3f, 0xff, 0x60,
    0x0, 0x0, 0x0, 0x0, 0x0, 0x0, 0x3f, 0xff,
    0x60, 0x0, 0x0, 0x0, 0x0, 0x0, 0x0, 0x3f,
    0xff, 0x60, 0x0, 0x0, 0x0, 0x0, 0x4, 0x66,
    0x69, 0x99, 0x30, 0x0, 0x0, 0x0, 0x0, 0xc,
    0xff, 0xc0, 0x0, 0x0, 0x0, 0x0, 0x0, 0x0,
    0xc, 0xff, 0xc0, 0x0, 0x0, 0x0, 0x0, 0x0,
    0x0, 0xc, 0xff, 0xc0, 0x0, 0x0, 0x0, 0x0,
    0x6, 0xff, 0xff, 0xff, 0xff, 0xff, 0x60, 0x0,
    0x0, 0x6, 0xff, 0xff, 0xff, 0xff, 0xff, 0x60,
    0x0, 0x0, 0x6, 0xff, 0xff, 0xff, 0xff, 0xff,
    0x60, 0x0, 0x0, 0x3, 0x99, 0x99, 0x99, 0x99,
    0x99, 0x30, 0x0, 0xff, 0xf9, 0x0, 0x0, 0x0,
    0x0, 0x0, 0x9f, 0xff, 0xff, 0xf9, 0x0, 0x0,
    0x0, 0x0, 0x0, 0x9f, 0xff, 0xff, 0xf9, 0x0,
    0x0, 0x0, 0x0, 0x0, 0x9f, 0xff, 0xff, 0xf9,
    0x0, 0x0, 0x0, 0x0, 0x0, 0x9f, 0xff, 0xff,
    0xf9, 0x0, 0x0, 0x0, 0x0, 0x0, 0x9f, 0xff,
    0xff, 0xf9, 0x0, 0x0, 0x0, 0x0, 0x0, 0x9f,
    0xff, 0xff, 0xf9, 0x0, 0x0, 0x0, 0x0, 0x0,
    0x9f, 0xff, 0xff, 0xf9, 0x0, 0x0, 0x0, 0x0,
    0x0, 0x9f, 0xff, 0xff, 0xf9, 0x0, 0x0, 0x0,
    0x0, 0x0, 0x9f, 0xff, 0xff, 0xf9, 0x0, 0x0,
    0x0, 0x0, 0x0, 0x9f, 0xff, 0x66, 0x67, 0x99,
    0x99, 0x99, 0x99, 0x99, 0x76, 0x66, 0x0, 0x6,
    0xff, 0xff, 0xff, 0xff, 0xff, 0x60, 0x0, 0x0,
    0x6, 0xff, 0xff, 0xff, 0xff, 0xff, 0x60, 0x0,
    0x0, 0x6, 0xff, 0xff, 0xff, 0xff, 0xff, 0x60,
    0x0,

    /* U+00D4 "Ô" */
    0x0, 0x0, 0x0, 0xc, 0xff, 0xc0, 0x0, 0x0,
    0x0, 0x0, 0x0, 0x0, 0xc, 0xff, 0xc0, 0x0,
    0x0, 0x0, 0x0, 0x0, 0x0, 0xc, 0xff, 0xc0,
    0x0, 0x0, 0x0, 0x0, 0x2, 0x66, 0x69, 0x99,
    0x96, 0x66, 0x20, 0x0, 0x0, 0x6, 0xff, 0xf3,
    0x0, 0x3f, 0xff, 0x60, 0x0, 0x0, 0x6, 0xff,
    0xf3, 0x0, 0x3f, 0xff, 0x60, 0x0, 0x0, 0x6,
    0xff, 0xf3, 0x0, 0x3f, 0xff, 0x60, 0x0, 0x0,
    0x6, 0xff, 0xff, 0xff, 0xff, 0xff, 0x60, 0x0,
    0x0, 0x6, 0xff, 0xff, 0xff, 0xff, 0xff, 0x60,
    0x0, 0x0, 0x6, 0xff, 0xff, 0xff, 0xff, 0xff,
    0x60, 0x0, 0x0, 0x3, 0x99, 0x99, 0x99, 0x99,
    0x99, 0x30, 0x0, 0xff, 0xf9, 0x0, 0x0, 0x0,
    0x0, 0x0, 0x9f, 0xff, 0xff, 0xf9, 0x0, 0x0,
    0x0, 0x0, 0x0, 0x9f, 0xff, 0xff, 0xf9, 0x0,
    0x0, 0x0, 0x0, 0x0, 0x9f, 0xff, 0xff, 0xf9,
    0x0, 0x0, 0x0, 0x0, 0x0, 0x9f, 0xff, 0xff,
    0xf9, 0x0, 0x0, 0x0, 0x0, 0x0, 0x9f, 0xff,
    0xff, 0xf9, 0x0, 0x0, 0x0, 0x0, 0x0, 0x9f,
    0xff, 0xff, 0xf9, 0x0, 0x0, 0x0, 0x0, 0x0,
    0x9f, 0xff, 0xff, 0xf9, 0x0, 0x0, 0x0, 0x0,
    0x0, 0x9f, 0xff, 0xff, 0xf9, 0x0, 0x0, 0x0,
    0x0, 0x0, 0x9f, 0xff, 0xff, 0xf9, 0x0, 0x0,
    0x0, 0x0, 0x0, 0x9f, 0xff, 0x66, 0x67, 0x99,
    0x99, 0x99, 0x99, 0x99, 0x76, 0x66, 0x0, 0x6,
    0xff, 0xff, 0xff, 0xff, 0xff, 0x60, 0x0, 0x0,
    0x6, 0xff, 0xff, 0xff, 0xff, 0xff, 0x60, 0x0,
    0x0, 0x6, 0xff, 0xff, 0xff, 0xff, 0xff, 0x60,
    0x0,

    /* U+00D5 "Õ" */
    0x0, 0x6, 0xff, 0xf3, 0x0, 0x0, 0x0, 0x9f,
    0xff, 0x0, 0x6, 0xff, 0xf3, 0x0, 0x0, 0x0,
    0x9f, 0xff, 0x0, 0x6, 0xff, 0xf3, 0x0, 0x0,
    0x0, 0x9f, 0xff, 0x99, 0x99, 0x99, 0x99, 0x99,
    0x99, 0x99, 0x99, 0x99, 0xff, 0xf9, 0x0, 0xc,
    0xff, 0xff, 0xff, 0x60, 0x0, 0xff, 0xf9, 0x0,
    0xc, 0xff, 0xff, 0xff, 0x60, 0x0, 0xff, 0xf9,
    0x0, 0xc, 0xff, 0xff, 0xff, 0x60, 0x0, 0x0,
    0x6, 0xff, 0xff, 0xff, 0xff, 0xff, 0x60, 0x0,
    0x0, 0x6, 0xff, 0xff, 0xff, 0xff, 0xff, 0x60,
    0x0, 0x0, 0x6, 0xff, 0xff, 0xff, 0xff, 0xff,
    0x60, 0x0, 0x0, 0x3, 0x99, 0x99, 0x99, 0x99,
    0x99, 0x30, 0x0, 0xff, 0xf9, 0x0, 0x0, 0x0,
    0x0, 0x0, 0x9f, 0xff, 0xff, 0xf9, 0x0, 0x0,
    0x0, 0x0, 0x0, 0x9f, 0xff, 0xff, 0xf9, 0x0,
    0x0, 0x0, 0x0, 0x0, 0x9f, 0xff, 0xff, 0xf9,
    0x0, 0x0, 0x0, 0x0, 0x0, 0x9f, 0xff, 0xff,
    0xf9, 0x0, 0x0, 0x0, 0x0, 0x0, 0x9f, 0xff,
    0xff, 0xf9, 0x0, 0x0, 0x0, 0x0, 0x0, 0x9f,
    0xff, 0xff, 0xf9, 0x0, 0x0, 0x0, 0x0, 0x0,
    0x9f, 0xff, 0xff, 0xf9, 0x0, 0x0, 0x0, 0x0,
    0x0, 0x9f, 0xff, 0xff, 0xf9, 0x0, 0x0, 0x0,
    0x0, 0x0, 0x9f, 0xff, 0xff, 0xf9, 0x0, 0x0,
    0x0, 0x0, 0x0, 0x9f, 0xff, 0x66, 0x67, 0x99,
    0x99, 0x99, 0x99, 0x99, 0x76, 0x66, 0x0, 0x6,
    0xff, 0xff, 0xff, 0xff, 0xff, 0x60, 0x0, 0x0,
    0x6, 0xff, 0xff, 0xff, 0xff, 0xff, 0x60, 0x0,
    0x0, 0x6, 0xff, 0xff, 0xff, 0xff, 0xff, 0x60,
    0x0,

    /* U+00D6 "Ö" */
    0x0, 0x6, 0xff, 0xf3, 0x0, 0x3f, 0xff, 0x60,
    0x0, 0x0, 0x6, 0xff, 0xf3, 0x0, 0x3f, 0xff,
    0x60, 0x0, 0x0, 0x6, 0xff, 0xf3, 0x0, 0x3f,
    0xff, 0x60, 0x0, 0x0, 0x3, 0x99, 0x91, 0x0,
    0x19, 0x99, 0x30, 0x0, 0x0, 0x0, 0x0, 0x0,
    0x0, 0x0, 0x0, 0x0, 0x0, 0x0, 0x0, 0x0,
    0x0, 0x0, 0x0, 0x0, 0x0, 0x0, 0x0, 0x0,
    0x0, 0x0, 0x0, 0x0, 0x0, 0x0, 0x0, 0x0,
    0x6, 0xff, 0xff, 0xff, 0xff, 0xff, 0x60, 0x0,
    0x0, 0x6, 0xff, 0xff, 0xff, 0xff, 0xff, 0x60,
    0x0, 0x0, 0x6, 0xff, 0xff, 0xff, 0xff, 0xff,
    0x60, 0x0, 0x0, 0x3, 0x99, 0x99, 0x99, 0x99,
    0x99, 0x30, 0x0, 0xff, 0xf9, 0x0, 0x0, 0x0,
    0x0, 0x0, 0x9f, 0xff, 0xff, 0xf9, 0x0, 0x0,
    0x0, 0x0, 0x0, 0x9f, 0xff, 0xff, 0xf9, 0x0,
    0x0, 0x0, 0x0, 0x0, 0x9f, 0xff, 0xff, 0xf9,
    0x0, 0x0, 0x0, 0x0, 0x0, 0x9f, 0xff, 0xff,
    0xf9, 0x0, 0x0, 0x0, 0x0, 0x0, 0x9f, 0xff,
    0xff, 0xf9, 0x0, 0x0, 0x0, 0x0, 0x0, 0x9f,
    0xff, 0xff, 0xf9, 0x0, 0x0, 0x0, 0x0, 0x0,
    0x9f, 0xff, 0xff, 0xf9, 0x0, 0x0, 0x0, 0x0,
    0x0, 0x9f, 0xff, 0xff, 0xf9, 0x0, 0x0, 0x0,
    0x0, 0x0, 0x9f, 0xff, 0xff, 0xf9, 0x0, 0x0,
    0x0, 0x0, 0x0, 0x9f, 0xff, 0x66, 0x67, 0x99,
    0x99, 0x99, 0x99, 0x99, 0x76, 0x66, 0x0, 0x6,
    0xff, 0xff, 0xff, 0xff, 0xff, 0x60, 0x0, 0x0,
    0x6, 0xff, 0xff, 0xff, 0xff, 0xff, 0x60, 0x0,
    0x0, 0x6, 0xff, 0xff, 0xff, 0xff, 0xff, 0x60,
    0x0,

    /* U+00D7 "×" */
    0x99, 0x95, 0x0, 0x0, 0x0, 0x0, 0x0, 0x59,
    0x99, 0xff, 0xf9, 0x0, 0x0, 0x0, 0x0, 0x0,
    0x9f, 0xff, 0xff, 0xf9, 0x0, 0x0, 0x0, 0x0,
    0x0, 0x9f, 0xff, 0xff, 0xf9, 0x0, 0x0, 0x0,
    0x0, 0x0, 0x9f, 0xff, 0x0, 0x6, 0xff, 0xf3,
    0x0, 0x3f, 0xff, 0x60, 0x0, 0x0, 0x6, 0xff,
    0xf3, 0x0, 0x3f, 0xff, 0x60, 0x0, 0x0, 0x6,
    0xff, 0xf3, 0x0, 0x3f, 0xff, 0x60, 0x0, 0x0,
    0x3, 0x99, 0x99, 0x99, 0x99, 0x99, 0x30, 0x0,
    0x0, 0x0, 0x0, 0xc, 0xff, 0xc0, 0x0, 0x0,
    0x0, 0x0, 0x0, 0x0, 0xc, 0xff, 0xc0, 0x0,
    0x0, 0x0, 0x0, 0x0, 0x0, 0xc, 0xff, 0xc0,
    0x0, 0x0, 0x0, 0x0, 0x6, 0xff, 0xf3, 0x0,
    0x3f, 0xff, 0x60, 0x0, 0x0, 0x6, 0xff, 0xf3,
    0x0, 0x3f, 0xff, 0x60, 0x0, 0x0, 0x6, 0xff,
    0xf3, 0x0, 0x3f, 0xff, 0x60, 0x0, 0x0, 0x3,
    0x99, 0x91, 0x0, 0x19, 0x99, 0x30, 0x0, 0xff,
    0xf9, 0x0, 0x0, 0x0, 0x0, 0x0, 0x9f, 0xff,
    0xff, 0xf9, 0x0, 0x0, 0x0, 0x0, 0x0, 0x9f,
    0xff, 0xff, 0xf9, 0x0, 0x0, 0x0, 0x0, 0x0,
    0x9f, 0xff, 0x99, 0x95, 0x0, 0x0, 0x0, 0x0,
    0x0, 0x59, 0x99,

    /* U+00D8 "Ø" */
    0x0, 0x0, 0x0, 0xc, 0xff, 0xc0, 0x0, 0x0,
    0x0, 0x0, 0x0, 0x0, 0xc, 0xff, 0xc0, 0x0,
    0x0, 0x0, 0x0, 0x0, 0x0, 0xc, 0xff, 0xc0,
    0x0, 0x0, 0x0, 0x0, 0x6, 0xff, 0xfb, 0x99,
    0xbf, 0xff, 0x60, 0x0, 0x0, 0x6, 0xff, 0xf3,
    0x0, 0x3f, 0xff, 0x60, 0x0, 0x0, 0x6, 0xff,
    0xf3, 0x0, 0x3f, 0xff, 0x60, 0x0, 0x0, 0x6,
    0xff, 0xf3, 0x0, 0x3f, 0xff, 0x60, 0x0, 0x0,
    0x6, 0xff, 0xf3, 0x0, 0x3f, 0xff, 0xff, 0xff,
    0x0, 0x6, 0xff, 0xf3, 0x0, 0x3f, 0xff, 0xff,
    0xff, 0x0, 0x6, 0xff, 0xf3, 0x0, 0x3f, 0xff,
    0xff, 0xff, 0x0, 0x6, 0xff, 0xfb, 0x99, 0xbf,
    0xff, 0xc9, 0x99, 0x0, 0x6, 0xff, 0xff, 0xff,
    0xff, 0xff, 0x60, 0x0, 0x0, 0x6, 0xff, 0xff,
    0xff, 0xff, 0xff, 0x60, 0x0, 0x0, 0x6, 0xff,
    0xff, 0xff, 0xff, 0xff, 0x60, 0x0, 0xff, 0xff,
    0xff, 0xf3, 0x0, 0x3f, 0xff, 0x60, 0x0, 0xff,
    0xff, 0xff, 0xf3, 0x0, 0x3f, 0xff, 0x60, 0x0,
    0xff, 0xff, 0xff, 0xf3, 0x0, 0x3f, 0xff, 0x60,
    0x0, 0x99, 0x9c, 0xff, 0xf3, 0x0, 0x3f, 0xff,
    0x60, 0x0, 0x0, 0x6, 0xff, 0xf3, 0x0, 0x3f,
    0xff, 0x60, 0x0, 0x0, 0x6, 0xff, 0xf3, 0x0,
    0x3f, 0xff, 0x60, 0x0, 0x0, 0x6, 0xff, 0xf3,
    0x0, 0x3f, 0xff, 0x60, 0x0, 0x0, 0x0, 0x0,
    0x7, 0x99, 0x70, 0x0, 0x0, 0x0, 0x0, 0x0,
    0x0, 0xc, 0xff, 0xc0, 0x0, 0x0, 0x0, 0x0,
    0x0, 0x0, 0xc, 0xff, 0xc0, 0x0, 0x0, 0x0,
    0x0, 0x0, 0x0, 0xc, 0xff, 0xc0, 0x0, 0x0,
    0x0,

    /* U+00D9 "Ù" */
    0x0, 0x6, 0xff, 0xf3, 0x0, 0x0, 0x0, 0x0,
    0x0, 0x0, 0x6, 0xff, 0xf3, 0x0, 0x0, 0x0,
    0x0, 0x0, 0x0, 0x6, 0xff, 0xf3, 0x0, 0x0,
    0x0, 0x0, 0x0, 0x0, 0x3, 0x99, 0x99, 0x99,
    0x70, 0x0, 0x0, 0x0, 0x0, 0x0, 0x0, 0xc,
    0xff, 0xc0, 0x0, 0x0, 0x0, 0x0, 0x0, 0x0,
    0xc, 0xff, 0xc0, 0x0, 0x0, 0x0, 0x0, 0x0,
    0x0, 0xc, 0xff, 0xc0, 0x0, 0x0, 0x0, 0xff,
    0xf9, 0x0, 0x0, 0x0, 0x0, 0x0, 0x9f, 0xff,
    0xff, 0xf9, 0x0, 0x0, 0x0, 0x0, 0x0, 0x9f,
    0xff, 0xff, 0xf9, 0x0, 0x0, 0x0, 0x0, 0x0,
    0x9f, 0xff, 0xff, 0xf9, 0x0, 0x0, 0x0, 0x0,
    0x0, 0x9f, 0xff, 0xff, 0xf9, 0x0, 0x0, 0x0,
    0x0, 0x0, 0x9f, 0xff, 0xff, 0xf9, 0x0, 0x0,
    0x0, 0x0, 0x0, 0x9f, 0xff, 0xff, 0xf9, 0x0,
    0x0, 0x0, 0x0, 0x0, 0x9f, 0xff, 0xff, 0xf9,
    0x0, 0x0, 0x0, 0x0, 0x0, 0x9f, 0xff, 0xff,
    0xf9, 0x0, 0x0, 0x0, 0x0, 0x0, 0x9f, 0xff,
    0xff, 0xf9, 0x0, 0x0, 0x0, 0x0, 0x0, 0x9f,
    0xff, 0xff, 0xf9, 0x0, 0x0, 0x0, 0x0, 0x0,
    0x9f, 0xff, 0xff, 0xf9, 0x0, 0x0, 0x0, 0x0,
    0x0, 0x9f, 0xff, 0xff, 0xf9, 0x0, 0x0, 0x0,
    0x0, 0x0, 0x9f, 0xff, 0xff, 0xf9, 0x0, 0x0,
    0x0, 0x0, 0x0, 0x9f, 0xff, 0x66, 0x67, 0x99,
    0x99, 0x99, 0x99, 0x99, 0x76, 0x66, 0x0, 0x6,
    0xff, 0xff, 0xff, 0xff, 0xff, 0x60, 0x0, 0x0,
    0x6, 0xff, 0xff, 0xff, 0xff, 0xff, 0x60, 0x0,
    0x0, 0x6, 0xff, 0xff, 0xff, 0xff, 0xff, 0x60,
    0x0,

    /* U+00DA "Ú" */
    0x0, 0x0, 0x0, 0x0, 0x0, 0x3f, 0xff, 0x60,
    0x0, 0x0, 0x0, 0x0, 0x0, 0x0, 0x3f, 0xff,
    0x60, 0x0, 0x0, 0x0, 0x0, 0x0, 0x0, 0x3f,
    0xff, 0x60, 0x0, 0x0, 0x0, 0x0, 0x7, 0x99,
    0x99, 0x99, 0x30, 0x0, 0x0, 0x0, 0x0, 0xc,
    0xff, 0xc0, 0x0, 0x0, 0x0, 0x0, 0x0, 0x0,
    0xc, 0xff, 0xc0, 0x0, 0x0, 0x0, 0x0, 0x0,
    0x0, 0xc, 0xff, 0xc0, 0x0, 0x0, 0x0, 0xff,
    0xf9, 0x0, 0x0, 0x0, 0x0, 0x0, 0x9f, 0xff,
    0xff, 0xf9, 0x0, 0x0, 0x0, 0x0, 0x0, 0x9f,
    0xff, 0xff, 0xf9, 0x0, 0x0, 0x0, 0x0, 0x0,
    0x9f, 0xff, 0xff, 0xf9, 0x0, 0x0, 0x0, 0x0,
    0x0, 0x9f, 0xff, 0xff, 0xf9, 0x0, 0x0, 0x0,
    0x0, 0x0, 0x9f, 0xff, 0xff, 0xf9, 0x0, 0x0,
    0x0, 0x0, 0x0, 0x9f, 0xff, 0xff, 0xf9, 0x0,
    0x0, 0x0, 0x0, 0x0, 0x9f, 0xff, 0xff, 0xf9,
    0x0, 0x0, 0x0, 0x0, 0x0, 0x9f, 0xff, 0xff,
    0xf9, 0x0, 0x0, 0x0, 0x0, 0x0, 0x9f, 0xff,
    0xff, 0xf9, 0x0, 0x0, 0x0, 0x0, 0x0, 0x9f,
    0xff, 0xff, 0xf9, 0x0, 0x0, 0x0, 0x0, 0x0,
    0x9f, 0xff, 0xff, 0xf9, 0x0, 0x0, 0x0, 0x0,
    0x0, 0x9f, 0xff, 0xff, 0xf9, 0x0, 0x0, 0x0,
    0x0, 0x0, 0x9f, 0xff, 0xff, 0xf9, 0x0, 0x0,
    0x0, 0x0, 0x0, 0x9f, 0xff, 0x66, 0x67, 0x99,
    0x99, 0x99, 0x99, 0x99, 0x76, 0x66, 0x0, 0x6,
    0xff, 0xff, 0xff, 0xff, 0xff, 0x60, 0x0, 0x0,
    0x6, 0xff, 0xff, 0xff, 0xff, 0xff, 0x60, 0x0,
    0x0, 0x6, 0xff, 0xff, 0xff, 0xff, 0xff, 0x60,
    0x0,

    /* U+00DB "Û" */
    0x0, 0x0, 0x0, 0xc, 0xff, 0xc0, 0x0, 0x0,
    0x0, 0x0, 0x0, 0x0, 0xc, 0xff, 0xc0, 0x0,
    0x0, 0x0, 0x0, 0x0, 0x0, 0xc, 0xff, 0xc0,
    0x0, 0x0, 0x0, 0x0, 0x3, 0x99, 0x99, 0x99,
    0x99, 0x99, 0x30, 0x0, 0x0, 0x6, 0xff, 0xf3,
    0x0, 0x3f, 0xff, 0x60, 0x0, 0x0, 0x6, 0xff,
    0xf3, 0x0, 0x3f, 0xff, 0x60, 0x0, 0x0, 0x6,
    0xff, 0xf3, 0x0, 0x3f, 0xff, 0x60, 0x0, 0xff,
    0xf9, 0x0, 0x0, 0x0, 0x0, 0x0, 0x9f, 0xff,
    0xff, 0xf9, 0x0, 0x0, 0x0, 0x0, 0x0, 0x9f,
    0xff, 0xff, 0xf9, 0x0, 0x0, 0x0, 0x0, 0x0,
    0x9f, 0xff, 0xff, 0xf9, 0x0, 0x0, 0x0, 0x0,
    0x0, 0x9f, 0xff, 0xff, 0xf9, 0x0, 0x0, 0x0,
    0x0, 0x0, 0x9f, 0xff, 0xff, 0xf9, 0x0, 0x0,
    0x0, 0x0, 0x0, 0x9f, 0xff, 0xff, 0xf9, 0x0,
    0x0, 0x0, 0x0, 0x0, 0x9f, 0xff, 0xff, 0xf9,
    0x0, 0x0, 0x0, 0x0, 0x0, 0x9f, 0xff, 0xff,
    0xf9, 0x0, 0x0, 0x0, 0x0, 0x0, 0x9f, 0xff,
    0xff, 0xf9, 0x0, 0x0, 0x0, 0x0, 0x0, 0x9f,
    0xff, 0xff, 0xf9, 0x0, 0x0, 0x0, 0x0, 0x0,
    0x9f, 0xff, 0xff, 0xf9, 0x0, 0x0, 0x0, 0x0,
    0x0, 0x9f, 0xff, 0xff, 0xf9, 0x0, 0x0, 0x0,
    0x0, 0x0, 0x9f, 0xff, 0xff, 0xf9, 0x0, 0x0,
    0x0, 0x0, 0x0, 0x9f, 0xff, 0x66, 0x67, 0x99,
    0x99, 0x99, 0x99, 0x99, 0x76, 0x66, 0x0, 0x6,
    0xff, 0xff, 0xff, 0xff, 0xff, 0x60, 0x0, 0x0,
    0x6, 0xff, 0xff, 0xff, 0xff, 0xff, 0x60, 0x0,
    0x0, 0x6, 0xff, 0xff, 0xff, 0xff, 0xff, 0x60,
    0x0,

    /* U+00DC "Ü" */
    0x0, 0x6, 0xff, 0xf3, 0x0, 0x3f, 0xff, 0x60,
    0x0, 0x0, 0x6, 0xff, 0xf3, 0x0, 0x3f, 0xff,
    0x60, 0x0, 0x0, 0x6, 0xff, 0xf3, 0x0, 0x3f,
    0xff, 0x60, 0x0, 0x0, 0x3, 0x99, 0x91, 0x0,
    0x19, 0x99, 0x30, 0x0, 0x0, 0x0, 0x0, 0x0,
    0x0, 0x0, 0x0, 0x0, 0x0, 0x0, 0x0, 0x0,
    0x0, 0x0, 0x0, 0x0, 0x0, 0x0, 0x0, 0x0,
    0x0, 0x0, 0x0, 0x0, 0x0, 0x0, 0x0, 0xff,
    0xf9, 0x0, 0x0, 0x0, 0x0, 0x0, 0x9f, 0xff,
    0xff, 0xf9, 0x0, 0x0, 0x0, 0x0, 0x0, 0x9f,
    0xff, 0xff, 0xf9, 0x0, 0x0, 0x0, 0x0, 0x0,
    0x9f, 0xff, 0xff, 0xf9, 0x0, 0x0, 0x0, 0x0,
    0x0, 0x9f, 0xff, 0xff, 0xf9, 0x0, 0x0, 0x0,
    0x0, 0x0, 0x9f, 0xff, 0xff, 0xf9, 0x0, 0x0,
    0x0, 0x0, 0x0, 0x9f, 0xff, 0xff, 0xf9, 0x0,
    0x0, 0x0, 0x0, 0x0, 0x9f, 0xff, 0xff, 0xf9,
    0x0, 0x0, 0x0, 0x0, 0x0, 0x9f, 0xff, 0xff,
    0xf9, 0x0, 0x0, 0x0, 0x0, 0x0, 0x9f, 0xff,
    0xff, 0xf9, 0x0, 0x0, 0x0, 0x0, 0x0, 0x9f,
    0xff, 0xff, 0xf9, 0x0, 0x0, 0x0, 0x0, 0x0,
    0x9f, 0xff, 0xff, 0xf9, 0x0, 0x0, 0x0, 0x0,
    0x0, 0x9f, 0xff, 0xff, 0xf9, 0x0, 0x0, 0x0,
    0x0, 0x0, 0x9f, 0xff, 0xff, 0xf9, 0x0, 0x0,
    0x0, 0x0, 0x0, 0x9f, 0xff, 0x66, 0x67, 0x99,
    0x99, 0x99, 0x99, 0x99, 0x76, 0x66, 0x0, 0x6,
    0xff, 0xff, 0xff, 0xff, 0xff, 0x60, 0x0, 0x0,
    0x6, 0xff, 0xff, 0xff, 0xff, 0xff, 0x60, 0x0,
    0x0, 0x6, 0xff, 0xff, 0xff, 0xff, 0xff, 0x60,
    0x0,

    /* U+00DD "Ý" */
    0x0, 0x0, 0x0, 0x0, 0x0, 0x3f, 0xff, 0x60,
    0x0, 0x0, 0x0, 0x0, 0x0, 0x0, 0x3f, 0xff,
    0x60, 0x0, 0x0, 0x0, 0x0, 0x0, 0x0, 0x3f,
    0xff, 0x60, 0x0, 0x0, 0x0, 0x0, 0x7, 0x99,
    0x99, 0x99, 0x30, 0x0, 0x0, 0x0, 0x0, 0xc,
    0xff, 0xc0, 0x0, 0x0, 0x0, 0x0, 0x0, 0x0,
    0xc, 0xff, 0xc0, 0x0, 0x0, 0x0, 0x0, 0x0,
    0x0, 0xc, 0xff, 0xc0, 0x0, 0x0, 0x0, 0xff,
    0xf9, 0x0, 0x0, 0x0, 0x0, 0x0, 0x9f, 0xff,
    0xff, 0xf9, 0x0, 0x0, 0x0, 0x0, 0x0, 0x9f,
    0xff, 0xff, 0xf9, 0x0, 0x0, 0x0, 0x0, 0x0,
    0x9f, 0xff, 0x99, 0x99, 0x99, 0x91, 0x0, 0x19,
    0x99, 0x99, 0x99, 0x0, 0x6, 0xff, 0xf3, 0x0,
    0x3f, 0xff, 0x60, 0x0, 0x0, 0x6, 0xff, 0xf3,
    0x0, 0x3f, 0xff, 0x60, 0x0, 0x0, 0x6, 0xff,
    0xf3, 0x0, 0x3f, 0xff, 0x60, 0x0, 0x0, 0x0,
    0x0, 0xa, 0xcc, 0xa0, 0x0, 0x0, 0x0, 0x0,
    0x0, 0x0, 0xc, 0xff, 0xc0, 0x0, 0x0, 0x0,
    0x0, 0x0, 0x0, 0xc, 0xff, 0xc0, 0x0, 0x0,
    0x0, 0x0, 0x0, 0x0, 0xc, 0xff, 0xc0, 0x0,
    0x0, 0x0, 0x0, 0x0, 0x0, 0xc, 0xff, 0xc0,
    0x0, 0x0, 0x0, 0x0, 0x0, 0x0, 0xc, 0xff,
    0xc0, 0x0, 0x0, 0x0, 0x0, 0x0, 0x0, 0xc,
    0xff, 0xc0, 0x0, 0x0, 0x0, 0x0, 0x0, 0x0,
    0xc, 0xff, 0xc0, 0x0, 0x0, 0x0, 0x0, 0x0,
    0x0, 0xc, 0xff, 0xc0, 0x0, 0x0, 0x0, 0x0,
    0x0, 0x0, 0xc, 0xff, 0xc0, 0x0, 0x0, 0x0,
    0x0, 0x0, 0x0, 0xc, 0xff, 0xc0, 0x0, 0x0,
    0x0,

    /* U+00DE "Þ" */
    0xff, 0xf9, 0x0, 0x0, 0x0, 0x0, 0x0, 0x0,
    0x0, 0xff, 0xf9, 0x0, 0x0, 0x0, 0x0, 0x0,
    0x0, 0x0, 0xff, 0xf9, 0x0, 0x0, 0x0, 0x0,
    0x0, 0x0, 0x0, 0xff, 0xfd, 0x99, 0x99, 0x99,
    0x99, 0x99, 0x30, 0x0, 0xff, 0xff, 0xff, 0xff,
    0xff, 0xff, 0xff, 0x60, 0x0, 0xff, 0xff, 0xff,
    0xff, 0xff, 0xff, 0xff, 0x60, 0x0, 0xff, 0xff,
    0xff, 0xff, 0xff, 0xff, 0xff, 0x60, 0x0, 0xff,
    0xf9, 0x0, 0x0, 0x0, 0x0, 0x0, 0x9f, 0xff,
    0xff, 0xf9, 0x0, 0x0, 0x0, 0x0, 0x0, 0x9f,
    0xff, 0xff, 0xf9, 0x0, 0x0, 0x0, 0x0, 0x0,
    0x9f, 0xff, 0xff, 0xf9, 0x0, 0x0, 0x0, 0x0,
    0x0, 0x9f, 0xff, 0xff, 0xf9, 0x0, 0x0, 0x0,
    0x0, 0x0, 0x9f, 0xff, 0xff, 0xf9, 0x0, 0x0,
    0x0, 0x0, 0x0, 0x9f, 0xff, 0xff, 0xf9, 0x0,
    0x0, 0x0, 0x0, 0x0, 0x9f, 0xff, 0xff, 0xff,
    0xff, 0xff, 0xff, 0xff, 0xff, 0x83, 0x33, 0xff,
    0xff, 0xff, 0xff, 0xff, 0xff, 0xff, 0x60, 0x0,
    0xff, 0xff, 0xff, 0xff, 0xff, 0xff, 0xff, 0x60,
    0x0, 0xff, 0xfd, 0x99, 0x99, 0x99, 0x99, 0x99,
    0x30, 0x0, 0xff, 0xf9, 0x0, 0x0, 0x0, 0x0,
    0x0, 0x0, 0x0, 0xff, 0xf9, 0x0, 0x0, 0x0,
    0x0, 0x0, 0x0, 0x0, 0xff, 0xf9, 0x0, 0x0,
    0x0, 0x0, 0x0, 0x0, 0x0, 0xff, 0xf9, 0x0,
    0x0, 0x0, 0x0, 0x0, 0x0, 0x0, 0xff, 0xf9,
    0x0, 0x0, 0x0, 0x0, 0x0, 0x0, 0x0, 0xff,
    0xf9, 0x0, 0x0, 0x0, 0x0, 0x0, 0x0, 0x0,
    0xff, 0xf9, 0x0, 0x0, 0x0, 0x0, 0x0, 0x0,
    0x0,

    /* U+00DF "ß" */
    0x0, 0x6, 0xff, 0xff, 0xff, 0xff, 0xff, 0x60,
    0x0, 0x0, 0x6, 0xff, 0xff, 0xff, 0xff, 0xff,
    0x60, 0x0, 0x0, 0x6, 0xff, 0xff, 0xff, 0xff,
    0xff, 0x60, 0x0, 0x99, 0x99, 0x99, 0x99, 0x99,
    0x99, 0x99, 0x99, 0x99, 0xff, 0xf9, 0x0, 0x0,
    0x0, 0x0, 0x0, 0x9f, 0xff, 0xff, 0xf9, 0x0,
    0x0, 0x0, 0x0, 0x0, 0x9f, 0xff, 0xff, 0xf9,
    0x0, 0x0, 0x0, 0x0, 0x0, 0x9f, 0xff, 0xff,
    0xf9, 0x0, 0xc, 0xff, 0xff, 0xff, 0x60, 0x0,
    0xff, 0xf9, 0x0, 0xc, 0xff, 0xff, 0xff, 0x60,
    0x0, 0xff, 0xf9, 0x0, 0xc, 0xff, 0xff, 0xff,
    0x60, 0x0, 0xff, 0xf9, 0x0, 0x7, 0x99, 0x99,
    0x99, 0x76, 0x66, 0xff, 0xf9, 0x0, 0x0, 0x0,
    0x0, 0x0, 0x9f, 0xff, 0xff, 0xf9, 0x0, 0x0,
    0x0, 0x0, 0x0, 0x9f, 0xff, 0xff, 0xf9, 0x0,
    0x0, 0x0, 0x0, 0x0, 0x9f, 0xff, 0xff, 0xf9,
    0x0, 0x0, 0x0, 0x0, 0x0, 0x9f, 0xff, 0xff,
    0xf9, 0x0, 0x0, 0x0, 0x0, 0x0, 0x9f, 0xff,
    0xff, 0xf9, 0x0, 0x0, 0x0, 0x0, 0x0, 0x9f,
    0xff, 0xff, 0xf9, 0x0, 0x0, 0x0, 0x0, 0x0,
    0x9f, 0xff, 0xff, 0xff, 0xff, 0xf3, 0x0, 0x0,
    0x0, 0x9f, 0xff, 0xff, 0xff, 0xff, 0xf3, 0x0,
    0x0, 0x0, 0x9f, 0xff, 0xff, 0xff, 0xff, 0xf3,
    0x0, 0x0, 0x0, 0x9f, 0xff, 0xff, 0xfc, 0x66,
    0x68, 0x99, 0x99, 0x99, 0x76, 0x66, 0xff, 0xf9,
    0x0, 0xc, 0xff, 0xff, 0xff, 0x60, 0x0, 0xff,
    0xf9, 0x0, 0xc, 0xff, 0xff, 0xff, 0x60, 0x0,
    0xff, 0xf9, 0x0, 0xc, 0xff, 0xff, 0xff, 0x60,
    0x0,

    /* U+00E0 "à" */
    0x0, 0x6, 0xff, 0xf3, 0x0, 0x0, 0x0, 0x0,
    0x0, 0x0, 0x6, 0xff, 0xf3, 0x0, 0x0, 0x0,
    0x0, 0x0, 0x0, 0x6, 0xff, 0xf3, 0x0, 0x0,
    0x0, 0x0, 0x0, 0x0, 0x3, 0x99, 0x96, 0x66,
    0x40, 0x0, 0x0, 0x0, 0x0, 0x0, 0x0, 0xc,
    0xff, 0xc0, 0x0, 0x0, 0x0, 0x0, 0x0, 0x0,
    0xc, 0xff, 0xc0, 0x0, 0x0, 0x0, 0x0, 0x0,
    0x0, 0xc, 0xff, 0xc0, 0x0, 0x0, 0x0, 0x0,
    0x6, 0xff, 0xff, 0xff, 0xff, 0xff, 0x60, 0x0,
    0x0, 0x6, 0xff, 0xff, 0xff, 0xff, 0xff, 0x60,
    0x0, 0x0, 0x6, 0xff, 0xff, 0xff, 0xff, 0xff,
    0x60, 0x0, 0x0, 0x3, 0x99, 0x99, 0x99, 0x99,
    0x99, 0x76, 0x66, 0x0, 0x0, 0x0, 0x0, 0x0,
    0x0, 0x0, 0x9f, 0xff, 0x0, 0x0, 0x0, 0x0,
    0x0, 0x0, 0x0, 0x9f, 0xff, 0x0, 0x0, 0x0,
    0x0, 0x0, 0x0, 0x0, 0x9f, 0xff, 0x0, 0x6,
    0xff, 0xff, 0xff, 0xff, 0xff, 0xff, 0xff, 0x0,
    0x6, 0xff, 0xff, 0xff, 0xff, 0xff, 0xff, 0xff,
    0x0, 0x6, 0xff, 0xff, 0xff, 0xff, 0xff, 0xff,
    0xff, 0x0, 0x3, 0x99, 0x99, 0x99, 0x99, 0x99,
    0xdf, 0xff, 0xff, 0xf9, 0x0, 0x0, 0x0, 0x0,
    0x0, 0x9f, 0xff, 0xff, 0xf9, 0x0, 0x0, 0x0,
    0x0, 0x0, 0x9f, 0xff, 0xff, 0xf9, 0x0, 0x0,
    0x0, 0x0, 0x0, 0x9f, 0xff, 0x66, 0x67, 0x99,
    0x99, 0x99, 0x99, 0x99, 0xdf, 0xff, 0x0, 0x6,
    0xff, 0xff, 0xff, 0xff, 0xff, 0xff, 0xff, 0x0,
    0x6, 0xff, 0xff, 0xff, 0xff, 0xff, 0xff, 0xff,
    0x0, 0x6, 0xff, 0xff, 0xff, 0xff, 0xff, 0xff,
    0xff,

    /* U+00E1 "á" */
    0x0, 0x0, 0x0, 0x0, 0x0, 0x3f, 0xff, 0x60,
    0x0, 0x0, 0x0, 0x0, 0x0, 0x0, 0x3f, 0xff,
    0x60, 0x0, 0x0, 0x0, 0x0, 0x0, 0x0, 0x3f,
    0xff, 0x60, 0x0, 0x0, 0x0, 0x0, 0x4, 0x66,
    0x69, 0x99, 0x30, 0x0, 0x0, 0x0, 0x0, 0xc,
    0xff, 0xc0, 0x0, 0x0, 0x0, 0x0, 0x0, 0x0,
    0xc, 0xff, 0xc0, 0x0, 0x0, 0x0, 0x0, 0x0,
    0x0, 0xc, 0xff, 0xc0, 0x0, 0x0, 0x0, 0x0,
    0x6, 0xff, 0xff, 0xff, 0xff, 0xff, 0x60, 0x0,
    0x0, 0x6, 0xff, 0xff, 0xff, 0xff, 0xff, 0x60,
    0x0, 0x0, 0x6, 0xff, 0xff, 0xff, 0xff, 0xff,
    0x60, 0x0, 0x0, 0x3, 0x99, 0x99, 0x99, 0x99,
    0x99, 0x76, 0x66, 0x0, 0x0, 0x0, 0x0, 0x0,
    0x0, 0x0, 0x9f, 0xff, 0x0, 0x0, 0x0, 0x0,
    0x0, 0x0, 0x0, 0x9f, 0xff, 0x0, 0x0, 0x0,
    0x0, 0x0, 0x0, 0x0, 0x9f, 0xff, 0x0, 0x6,
    0xff, 0xff, 0xff, 0xff, 0xff, 0xff, 0xff, 0x0,
    0x6, 0xff, 0xff, 0xff, 0xff, 0xff, 0xff, 0xff,
    0x0, 0x6, 0xff, 0xff, 0xff, 0xff, 0xff, 0xff,
    0xff, 0x0, 0x3, 0x99, 0x99, 0x99, 0x99, 0x99,
    0xdf, 0xff, 0xff, 0xf9, 0x0, 0x0, 0x0, 0x0,
    0x0, 0x9f, 0xff, 0xff, 0xf9, 0x0, 0x0, 0x0,
    0x0, 0x0, 0x9f, 0xff, 0xff, 0xf9, 0x0, 0x0,
    0x0, 0x0, 0x0, 0x9f, 0xff, 0x66, 0x67, 0x99,
    0x99, 0x99, 0x99, 0x99, 0xdf, 0xff, 0x0, 0x6,
    0xff, 0xff, 0xff, 0xff, 0xff, 0xff, 0xff, 0x0,
    0x6, 0xff, 0xff, 0xff, 0xff, 0xff, 0xff, 0xff,
    0x0, 0x6, 0xff, 0xff, 0xff, 0xff, 0xff, 0xff,
    0xff,

    /* U+00E2 "â" */
    0x0, 0x0, 0x0, 0xc, 0xff, 0xc0, 0x0, 0x0,
    0x0, 0x0, 0x0, 0x0, 0xc, 0xff, 0xc0, 0x0,
    0x0, 0x0, 0x0, 0x0, 0x0, 0xc, 0xff, 0xc0,
    0x0, 0x0, 0x0, 0x0, 0x2, 0x66, 0x69, 0x99,
    0x96, 0x66, 0x20, 0x0, 0x0, 0x6, 0xff, 0xf3,
    0x0, 0x3f, 0xff, 0x60, 0x0, 0x0, 0x6, 0xff,
    0xf3, 0x0, 0x3f, 0xff, 0x60, 0x0, 0x0, 0x6,
    0xff, 0xf3, 0x0, 0x3f, 0xff, 0x60, 0x0, 0x0,
    0x6, 0xff, 0xff, 0xff, 0xff, 0xff, 0x60, 0x0,
    0x0, 0x6, 0xff, 0xff, 0xff, 0xff, 0xff, 0x60,
    0x0, 0x0, 0x6, 0xff, 0xff, 0xff, 0xff, 0xff,
    0x60, 0x0, 0x0, 0x3, 0x99, 0x99, 0x99, 0x99,
    0x99, 0x76, 0x66, 0x0, 0x0, 0x0, 0x0, 0x0,
    0x0, 0x0, 0x9f, 0xff, 0x0, 0x0, 0x0, 0x0,
    0x0, 0x0, 0x0, 0x9f, 0xff, 0x0, 0x0, 0x0,
    0x0, 0x0, 0x0, 0x0, 0x9f, 0xff, 0x0, 0x6,
    0xff, 0xff, 0xff, 0xff, 0xff, 0xff, 0xff, 0x0,
    0x6, 0xff, 0xff, 0xff, 0xff, 0xff, 0xff, 0xff,
    0x0, 0x6, 0xff, 0xff, 0xff, 0xff, 0xff, 0xff,
    0xff, 0x0, 0x3, 0x99, 0x99, 0x99, 0x99, 0x99,
    0xdf, 0xff, 0xff, 0xf9, 0x0, 0x0, 0x0, 0x0,
    0x0, 0x9f, 0xff, 0xff, 0xf9, 0x0, 0x0, 0x0,
    0x0, 0x0, 0x9f, 0xff, 0xff, 0xf9, 0x0, 0x0,
    0x0, 0x0, 0x0, 0x9f, 0xff, 0x66, 0x67, 0x99,
    0x99, 0x99, 0x99, 0x99, 0xdf, 0xff, 0x0, 0x6,
    0xff, 0xff, 0xff, 0xff, 0xff, 0xff, 0xff, 0x0,
    0x6, 0xff, 0xff, 0xff, 0xff, 0xff, 0xff, 0xff,
    0x0, 0x6, 0xff, 0xff, 0xff, 0xff, 0xff, 0xff,
    0xff,

    /* U+00E3 "ã" */
    0x0, 0x6, 0xff, 0xf3, 0x0, 0x0, 0x0, 0x9f,
    0xff, 0x0, 0x6, 0xff, 0xf3, 0x0, 0x0, 0x0,
    0x9f, 0xff, 0x0, 0x6, 0xff, 0xf3, 0x0, 0x0,
    0x0, 0x9f, 0xff, 0x99, 0x99, 0x99, 0x99, 0x99,
    0x99, 0x99, 0x99, 0x99, 0xff, 0xf9, 0x0, 0xc,
    0xff, 0xff, 0xff, 0x60, 0x0, 0xff, 0xf9, 0x0,
    0xc, 0xff, 0xff, 0xff, 0x60, 0x0, 0xff, 0xf9,
    0x0, 0xc, 0xff, 0xff, 0xff, 0x60, 0x0, 0x0,
    0x6, 0xff, 0xff, 0xff, 0xff, 0xff, 0x60, 0x0,
    0x0, 0x6, 0xff, 0xff, 0xff, 0xff, 0xff, 0x60,
    0x0, 0x0, 0x6, 0xff, 0xff, 0xff, 0xff, 0xff,
    0x60, 0x0, 0x0, 0x3, 0x99, 0x99, 0x99, 0x99,
    0x99, 0x76, 0x66, 0x0, 0x0, 0x0, 0x0, 0x0,
    0x0, 0x0, 0x9f, 0xff, 0x0, 0x0, 0x0, 0x0,
    0x0, 0x0, 0x0, 0x9f, 0xff, 0x0, 0x0, 0x0,
    0x0, 0x0, 0x0, 0x0, 0x9f, 0xff, 0x0, 0x6,
    0xff, 0xff, 0xff, 0xff, 0xff, 0xff, 0xff, 0x0,
    0x6, 0xff, 0xff, 0xff, 0xff, 0xff, 0xff, 0xff,
    0x0, 0x6, 0xff, 0xff, 0xff, 0xff, 0xff, 0xff,
    0xff, 0x0, 0x3, 0x99, 0x99, 0x99, 0x99, 0x99,
    0xdf, 0xff, 0xff, 0xf9, 0x0, 0x0, 0x0, 0x0,
    0x0, 0x9f, 0xff, 0xff, 0xf9, 0x0, 0x0, 0x0,
    0x0, 0x0, 0x9f, 0xff, 0xff, 0xf9, 0x0, 0x0,
    0x0, 0x0, 0x0, 0x9f, 0xff, 0x66, 0x67, 0x99,
    0x99, 0x99, 0x99, 0x99, 0xdf, 0xff, 0x0, 0x6,
    0xff, 0xff, 0xff, 0xff, 0xff, 0xff, 0xff, 0x0,
    0x6, 0xff, 0xff, 0xff, 0xff, 0xff, 0xff, 0xff,
    0x0, 0x6, 0xff, 0xff, 0xff, 0xff, 0xff, 0xff,
    0xff,

    /* U+00E4 "ä" */
    0x0, 0x6, 0xff, 0xf3, 0x0, 0x3f, 0xff, 0x60,
    0x0, 0x0, 0x6, 0xff, 0xf3, 0x0, 0x3f, 0xff,
    0x60, 0x0, 0x0, 0x6, 0xff, 0xf3, 0x0, 0x3f,
    0xff, 0x60, 0x0, 0x0, 0x3, 0x99, 0x91, 0x0,
    0x19, 0x99, 0x30, 0x0, 0x0, 0x0, 0x0, 0x0,
    0x0, 0x0, 0x0, 0x0, 0x0, 0x0, 0x0, 0x0,
    0x0, 0x0, 0x0, 0x0, 0x0, 0x0, 0x0, 0x0,
    0x0, 0x0, 0x0, 0x0, 0x0, 0x0, 0x0, 0x0,
    0x6, 0xff, 0xff, 0xff, 0xff, 0xff, 0x60, 0x0,
    0x0, 0x6, 0xff, 0xff, 0xff, 0xff, 0xff, 0x60,
    0x0, 0x0, 0x6, 0xff, 0xff, 0xff, 0xff, 0xff,
    0x60, 0x0, 0x0, 0x3, 0x99, 0x99, 0x99, 0x99,
    0x99, 0x76, 0x66, 0x0, 0x0, 0x0, 0x0, 0x0,
    0x0, 0x0, 0x9f, 0xff, 0x0, 0x0, 0x0, 0x0,
    0x0, 0x0, 0x0, 0x9f, 0xff, 0x0, 0x0, 0x0,
    0x0, 0x0, 0x0, 0x0, 0x9f, 0xff, 0x0, 0x6,
    0xff, 0xff, 0xff, 0xff, 0xff, 0xff, 0xff, 0x0,
    0x6, 0xff, 0xff, 0xff, 0xff, 0xff, 0xff, 0xff,
    0x0, 0x6, 0xff, 0xff, 0xff, 0xff, 0xff, 0xff,
    0xff, 0x0, 0x3, 0x99, 0x99, 0x99, 0x99, 0x99,
    0xdf, 0xff, 0xff, 0xf9, 0x0, 0x0, 0x0, 0x0,
    0x0, 0x9f, 0xff, 0xff, 0xf9, 0x0, 0x0, 0x0,
    0x0, 0x0, 0x9f, 0xff, 0xff, 0xf9, 0x0, 0x0,
    0x0, 0x0, 0x0, 0x9f, 0xff, 0x66, 0x67, 0x99,
    0x99, 0x99, 0x99, 0x99, 0xdf, 0xff, 0x0, 0x6,
    0xff, 0xff, 0xff, 0xff, 0xff, 0xff, 0xff, 0x0,
    0x6, 0xff, 0xff, 0xff, 0xff, 0xff, 0xff, 0xff,
    0x0, 0x6, 0xff, 0xff, 0xff, 0xff, 0xff, 0xff,
    0xff,

    /* U+00E5 "å" */
    0x0, 0x6, 0xff, 0xff, 0xff, 0xff, 0xff, 0x60,
    0x0, 0x0, 0x6, 0xff, 0xff, 0xff, 0xff, 0xff,
    0x60, 0x0, 0x0, 0x6, 0xff, 0xff, 0xff, 0xff,
    0xff, 0x60, 0x0, 0x0, 0x6, 0xff, 0xfb, 0x99,
    0xbf, 0xff, 0x60, 0x0, 0x0, 0x6, 0xff, 0xf3,
    0x0, 0x3f, 0xff, 0x60, 0x0, 0x0, 0x6, 0xff,
    0xf3, 0x0, 0x3f, 0xff, 0x60, 0x0, 0x0, 0x6,
    0xff, 0xf3, 0x0, 0x3f, 0xff, 0x60, 0x0, 0x0,
    0x6, 0xff, 0xff, 0xff, 0xff, 0xff, 0x60, 0x0,
    0x0, 0x6, 0xff, 0xff, 0xff, 0xff, 0xff, 0x60,
    0x0, 0x0, 0x6, 0xff, 0xff, 0xff, 0xff, 0xff,
    0x60, 0x0, 0x0, 0x3, 0x99, 0x99, 0x99, 0x99,
    0x99, 0x76, 0x66, 0x0, 0x0, 0x0, 0x0, 0x0,
    0x0, 0x0, 0x9f, 0xff, 0x0, 0x0, 0x0, 0x0,
    0x0, 0x0, 0x0, 0x9f, 0xff, 0x0, 0x0, 0x0,
    0x0, 0x0, 0x0, 0x0, 0x9f, 0xff, 0x0, 0x6,
    0xff, 0xff, 0xff, 0xff, 0xff, 0xff, 0xff, 0x0,
    0x6, 0xff, 0xff, 0xff, 0xff, 0xff, 0xff, 0xff,
    0x0, 0x6, 0xff, 0xff, 0xff, 0xff, 0xff, 0xff,
    0xff, 0x0, 0x3, 0x99, 0x99, 0x99, 0x99, 0x99,
    0xdf, 0xff, 0xff, 0xf9, 0x0, 0x0, 0x0, 0x0,
    0x0, 0x9f, 0xff, 0xff, 0xf9, 0x0, 0x0, 0x0,
    0x0, 0x0, 0x9f, 0xff, 0xff, 0xf9, 0x0, 0x0,
    0x0, 0x0, 0x0, 0x9f, 0xff, 0x66, 0x67, 0x99,
    0x99, 0x99, 0x99, 0x99, 0xdf, 0xff, 0x0, 0x6,
    0xff, 0xff, 0xff, 0xff, 0xff, 0xff, 0xff, 0x0,
    0x6, 0xff, 0xff, 0xff, 0xff, 0xff, 0xff, 0xff,
    0x0, 0x6, 0xff, 0xff, 0xff, 0xff, 0xff, 0xff,
    0xff,

    /* U+00E6 "æ" */
    0xff, 0xff, 0xff, 0xf3, 0x0, 0x3f, 0xff, 0x60,
    0x0, 0xff, 0xff, 0xff, 0xf3, 0x0, 0x3f, 0xff,
    0x60, 0x0, 0xff, 0xff, 0xff, 0xf3, 0x0, 0x3f,
    0xff, 0x60, 0x0, 0x99, 0x99, 0x99, 0x97, 0x66,
    0x79, 0x99, 0x76, 0x66, 0x0, 0x0, 0x0, 0xc,
    0xff, 0xc0, 0x0, 0x9f, 0xff, 0x0, 0x0, 0x0,
    0xc, 0xff, 0xc0, 0x0, 0x9f, 0xff, 0x0, 0x0,
    0x0, 0xc, 0xff, 0xc0, 0x0, 0x9f, 0xff, 0x0,
    0x6, 0xff, 0xff, 0xff, 0xff, 0xff, 0xff, 0xff,
    0x0, 0x6, 0xff, 0xff, 0xff, 0xff, 0xff, 0xff,
    0xff, 0x0, 0x6, 0xff, 0xff, 0xff, 0xff, 0xff,
    0xff, 0xff, 0x66, 0x67, 0x99, 0x9e, 0xff, 0xe9,
    0x99, 0x99, 0x99, 0xff, 0xf9, 0x0, 0xc, 0xff,
    0xc0, 0x0, 0x0, 0x0, 0xff, 0xf9, 0x0, 0xc,
    0xff, 0xc0, 0x0, 0x0, 0x0, 0xff, 0xf9, 0x0,
    0xc, 0xff, 0xc0, 0x0, 0x0, 0x0, 0xff, 0xfd,
    0x99, 0x9e, 0xff, 0xe9, 0x99, 0x99, 0x99, 0xff,
    0xff, 0xff, 0xff, 0xff, 0xff, 0xff, 0xff, 0xff,
    0xff, 0xff, 0xff, 0xff, 0xff, 0xff, 0xff, 0xff,
    0xff, 0xff, 0xff, 0xff, 0xff, 0xff, 0xff, 0xff,
    0xff, 0xff,

    /* U+00E7 "ç" */
    0x0, 0x3, 0x99, 0x99, 0x99, 0x99, 0x99, 0x30,
    0x0, 0x6f, 0xff, 0xff, 0xff, 0xff, 0xf6, 0x0,
    0x6, 0xff, 0xff, 0xff, 0xff, 0xff, 0x60, 0x0,
    0x6f, 0xff, 0xff, 0xff, 0xff, 0xf6, 0xff, 0xf9,
    0x0, 0x0, 0x0, 0x0, 0x0, 0xf, 0xff, 0x90,
    0x0, 0x0, 0x0, 0x0, 0x0, 0xff, 0xf9, 0x0,
    0x0, 0x0, 0x0, 0x0, 0xf, 0xff, 0x90, 0x0,
    0x0, 0x0, 0x0, 0x0, 0xff, 0xf9, 0x0, 0x0,
    0x0, 0x0, 0x0, 0xf, 0xff, 0x90, 0x0, 0x0,
    0x0, 0x0, 0x0, 0xff, 0xf9, 0x0, 0x0, 0x0,
    0x0, 0x0, 0x3, 0x33, 0x8f, 0xff, 0xff, 0xff,
    0xff, 0xf6, 0x0, 0x6, 0xff, 0xff, 0xff, 0xff,
    0xff, 0x60, 0x0, 0x6f, 0xff, 0xff, 0xff, 0xff,
    0xf6, 0x0, 0x3, 0x99, 0x9e, 0xff, 0xe9, 0x99,
    0x30, 0x0, 0x0, 0x0, 0xcf, 0xfc, 0x0, 0x0,
    0x0, 0x0, 0x0, 0xc, 0xff, 0xc0, 0x0, 0x0,
    0x0, 0x0, 0x0, 0xcf, 0xfc, 0x0, 0x0, 0x99,
    0x99, 0x99, 0x9e, 0xff, 0xc0, 0x0, 0xf, 0xff,
    0xff, 0xff, 0xff, 0xfc, 0x0, 0x0, 0xff, 0xff,
    0xff, 0xff, 0xff, 0xc0, 0x0, 0xf, 0xff, 0xff,
    0xff, 0xff, 0xfc, 0x0, 0x0,

    /* U+00E8 "è" */
    0x0, 0x6, 0xff, 0xf3, 0x0, 0x0, 0x0, 0x0,
    0x0, 0x0, 0x6, 0xff, 0xf3, 0x0, 0x0, 0x0,
    0x0, 0x0, 0x0, 0x6, 0xff, 0xf3, 0x0, 0x0,
    0x0, 0x0, 0x0, 0x0, 0x3, 0x99, 0x96, 0x66,
    0x40, 0x0, 0x0, 0x0, 0x0, 0x0, 0x0, 0xc,
    0xff, 0xc0, 0x0, 0x0, 0x0, 0x0, 0x0, 0x0,
    0xc, 0xff, 0xc0, 0x0, 0x0, 0x0, 0x0, 0x0,
    0x0, 0xc, 0xff, 0xc0, 0x0, 0x0, 0x0, 0x0,
    0x6, 0xff, 0xff, 0xff, 0xff, 0xff, 0x60, 0x0,
    0x0, 0x6, 0xff, 0xff, 0xff, 0xff, 0xff, 0x60,
    0x0, 0x0, 0x6, 0xff, 0xff, 0xff, 0xff, 0xff,
    0x60, 0x0, 0x0, 0x3, 0x99, 0x99, 0x99, 0x99,
    0x99, 0x30, 0x0, 0xff, 0xf9, 0x0, 0x0, 0x0,
    0x0, 0x0, 0x9f, 0xff, 0xff, 0xf9, 0x0, 0x0,
    0x0, 0x0, 0x0, 0x9f, 0xff, 0xff, 0xf9, 0x0,
    0x0, 0x0, 0x0, 0x0, 0x9f, 0xff, 0xff, 0xff,
    0xff, 0xff, 0xff, 0xff, 0xff, 0xff, 0xff, 0xff,
    0xff, 0xff, 0xff, 0xff, 0xff, 0xff, 0xff, 0xff,
    0xff, 0xff, 0xff, 0xff, 0xff, 0xff, 0xff, 0xff,
    0xff, 0xff, 0xfd, 0x99, 0x99, 0x99, 0x99, 0x99,
    0x99, 0x99, 0xff, 0xf9, 0x0, 0x0, 0x0, 0x0,
    0x0, 0x0, 0x0, 0xff, 0xf9, 0x0, 0x0, 0x0,
    0x0, 0x0, 0x0, 0x0, 0xff, 0xf9, 0x0, 0x0,
    0x0, 0x0, 0x0, 0x0, 0x0, 0x66, 0x67, 0x99,
    0x99, 0x99, 0x99, 0x99, 0x30, 0x0, 0x0, 0x6,
    0xff, 0xff, 0xff, 0xff, 0xff, 0x60, 0x0, 0x0,
    0x6, 0xff, 0xff, 0xff, 0xff, 0xff, 0x60, 0x0,
    0x0, 0x6, 0xff, 0xff, 0xff, 0xff, 0xff, 0x60,
    0x0,

    /* U+00E9 "é" */
    0x0, 0x0, 0x0, 0x0, 0x0, 0x3f, 0xff, 0x60,
    0x0, 0x0, 0x0, 0x0, 0x0, 0x0, 0x3f, 0xff,
    0x60, 0x0, 0x0, 0x0, 0x0, 0x0, 0x0, 0x3f,
    0xff, 0x60, 0x0, 0x0, 0x0, 0x0, 0x4, 0x66,
    0x69, 0x99, 0x30, 0x0, 0x0, 0x0, 0x0, 0xc,
    0xff, 0xc0, 0x0, 0x0, 0x0, 0x0, 0x0, 0x0,
    0xc, 0xff, 0xc0, 0x0, 0x0, 0x0, 0x0, 0x0,
    0x0, 0xc, 0xff, 0xc0, 0x0, 0x0, 0x0, 0x0,
    0x6, 0xff, 0xff, 0xff, 0xff, 0xff, 0x60, 0x0,
    0x0, 0x6, 0xff, 0xff, 0xff, 0xff, 0xff, 0x60,
    0x0, 0x0, 0x6, 0xff, 0xff, 0xff, 0xff, 0xff,
    0x60, 0x0, 0x0, 0x3, 0x99, 0x99, 0x99, 0x99,
    0x99, 0x30, 0x0, 0xff, 0xf9, 0x0, 0x0, 0x0,
    0x0, 0x0, 0x9f, 0xff, 0xff, 0xf9, 0x0, 0x0,
    0x0, 0x0, 0x0, 0x9f, 0xff, 0xff, 0xf9, 0x0,
    0x0, 0x0, 0x0, 0x0, 0x9f, 0xff, 0xff, 0xff,
    0xff, 0xff, 0xff, 0xff, 0xff, 0xff, 0xff, 0xff,
    0xff, 0xff, 0xff, 0xff, 0xff, 0xff, 0xff, 0xff,
    0xff, 0xff, 0xff, 0xff, 0xff, 0xff, 0xff, 0xff,
    0xff, 0xff, 0xfd, 0x99, 0x99, 0x99, 0x99, 0x99,
    0x99, 0x99, 0xff, 0xf9, 0x0, 0x0, 0x0, 0x0,
    0x0, 0x0, 0x0, 0xff, 0xf9, 0x0, 0x0, 0x0,
    0x0, 0x0, 0x0, 0x0, 0xff, 0xf9, 0x0, 0x0,
    0x0, 0x0, 0x0, 0x0, 0x0, 0x66, 0x67, 0x99,
    0x99, 0x99, 0x99, 0x99, 0x30, 0x0, 0x0, 0x6,
    0xff, 0xff, 0xff, 0xff, 0xff, 0x60, 0x0, 0x0,
    0x6, 0xff, 0xff, 0xff, 0xff, 0xff, 0x60, 0x0,
    0x0, 0x6, 0xff, 0xff, 0xff, 0xff, 0xff, 0x60,
    0x0,

    /* U+00EA "ê" */
    0x0, 0x0, 0x0, 0xc, 0xff, 0xc0, 0x0, 0x0,
    0x0, 0x0, 0x0, 0x0, 0xc, 0xff, 0xc0, 0x0,
    0x0, 0x0, 0x0, 0x0, 0x0, 0xc, 0xff, 0xc0,
    0x0, 0x0, 0x0, 0x0, 0x2, 0x66, 0x69, 0x99,
    0x96, 0x66, 0x20, 0x0, 0x0, 0x6, 0xff, 0xf3,
    0x0, 0x3f, 0xff, 0x60, 0x0, 0x0, 0x6, 0xff,
    0xf3, 0x0, 0x3f, 0xff, 0x60, 0x0, 0x0, 0x6,
    0xff, 0xf3, 0x0, 0x3f, 0xff, 0x60, 0x0, 0x0,
    0x6, 0xff, 0xff, 0xff, 0xff, 0xff, 0x60, 0x0,
    0x0, 0x6, 0xff, 0xff, 0xff, 0xff, 0xff, 0x60,
    0x0, 0x0, 0x6, 0xff, 0xff, 0xff, 0xff, 0xff,
    0x60, 0x0, 0x0, 0x3, 0x99, 0x99, 0x99, 0x99,
    0x99, 0x30, 0x0, 0xff, 0xf9, 0x0, 0x0, 0x0,
    0x0, 0x0, 0x9f, 0xff, 0xff, 0xf9, 0x0, 0x0,
    0x0, 0x0, 0x0, 0x9f, 0xff, 0xff, 0xf9, 0x0,
    0x0, 0x0, 0x0, 0x0, 0x9f, 0xff, 0xff, 0xff,
    0xff, 0xff, 0xff, 0xff, 0xff, 0xff, 0xff, 0xff,
    0xff, 0xff, 0xff, 0xff, 0xff, 0xff, 0xff, 0xff,
    0xff, 0xff, 0xff, 0xff, 0xff, 0xff, 0xff, 0xff,
    0xff, 0xff, 0xfd, 0x99, 0x99, 0x99, 0x99, 0x99,
    0x99, 0x99, 0xff, 0xf9, 0x0, 0x0, 0x0, 0x0,
    0x0, 0x0, 0x0, 0xff, 0xf9, 0x0, 0x0, 0x0,
    0x0, 0x0, 0x0, 0x0, 0xff, 0xf9, 0x0, 0x0,
    0x0, 0x0, 0x0, 0x0, 0x0, 0x66, 0x67, 0x99,
    0x99, 0x99, 0x99, 0x99, 0x30, 0x0, 0x0, 0x6,
    0xff, 0xff, 0xff, 0xff, 0xff, 0x60, 0x0, 0x0,
    0x6, 0xff, 0xff, 0xff, 0xff, 0xff, 0x60, 0x0,
    0x0, 0x6, 0xff, 0xff, 0xff, 0xff, 0xff, 0x60,
    0x0,

    /* U+00EB "ë" */
    0x0, 0x6, 0xff, 0xf3, 0x0, 0x3f, 0xff, 0x60,
    0x0, 0x0, 0x6, 0xff, 0xf3, 0x0, 0x3f, 0xff,
    0x60, 0x0, 0x0, 0x6, 0xff, 0xf3, 0x0, 0x3f,
    0xff, 0x60, 0x0, 0x0, 0x3, 0x99, 0x91, 0x0,
    0x19, 0x99, 0x30, 0x0, 0x0, 0x0, 0x0, 0x0,
    0x0, 0x0, 0x0, 0x0, 0x0, 0x0, 0x0, 0x0,
    0x0, 0x0, 0x0, 0x0, 0x0, 0x0, 0x0, 0x0,
    0x0, 0x0, 0x0, 0x0, 0x0, 0x0, 0x0, 0x0,
    0x6, 0xff, 0xff, 0xff, 0xff, 0xff, 0x60, 0x0,
    0x0, 0x6, 0xff, 0xff, 0xff, 0xff, 0xff, 0x60,
    0x0, 0x0, 0x6, 0xff, 0xff, 0xff, 0xff, 0xff,
    0x60, 0x0, 0x0, 0x3, 0x99, 0x99, 0x99, 0x99,
    0x99, 0x30, 0x0, 0xff, 0xf9, 0x0, 0x0, 0x0,
    0x0, 0x0, 0x9f, 0xff, 0xff, 0xf9, 0x0, 0x0,
    0x0, 0x0, 0x0, 0x9f, 0xff, 0xff, 0xf9, 0x0,
    0x0, 0x0, 0x0, 0x0, 0x9f, 0xff, 0xff, 0xff,
    0xff, 0xff, 0xff, 0xff, 0xff, 0xff, 0xff, 0xff,
    0xff, 0xff, 0xff, 0xff, 0xff, 0xff, 0xff, 0xff,
    0xff, 0xff, 0xff, 0xff, 0xff, 0xff, 0xff, 0xff,
    0xff, 0xff, 0xfd, 0x99, 0x99, 0x99, 0x99, 0x99,
    0x99, 0x99, 0xff, 0xf9, 0x0, 0x0, 0x0, 0x0,
    0x0, 0x0, 0x0, 0xff, 0xf9, 0x0, 0x0, 0x0,
    0x0, 0x0, 0x0, 0x0, 0xff, 0xf9, 0x0, 0x0,
    0x0, 0x0, 0x0, 0x0, 0x0, 0x66, 0x67, 0x99,
    0x99, 0x99, 0x99, 0x99, 0x30, 0x0, 0x0, 0x6,
    0xff, 0xff, 0xff, 0xff, 0xff, 0x60, 0x0, 0x0,
    0x6, 0xff, 0xff, 0xff, 0xff, 0xff, 0x60, 0x0,
    0x0, 0x6, 0xff, 0xff, 0xff, 0xff, 0xff, 0x60,
    0x0,

    /* U+00EC "ì" */
    0x6f, 0xff, 0x30, 0x0, 0x0, 0x0, 0x6f, 0xff,
    0x30, 0x0, 0x0, 0x0, 0x6f, 0xff, 0x30, 0x0,
    0x0, 0x0, 0x39, 0x99, 0x99, 0x97, 0x0, 0x0,
    0x0, 0x0, 0xcf, 0xfc, 0x0, 0x0, 0x0, 0x0,
    0xcf, 0xfc, 0x0, 0x0, 0x0, 0x0, 0xcf, 0xfc,
    0x0, 0x0, 0x0, 0x0, 0x0, 0x0, 0x0, 0x0,
    0x0, 0x0, 0x0, 0x0, 0x0, 0x0, 0x0, 0x0,
    0x0, 0x0, 0x0, 0x0, 0x39, 0x99, 0x99, 0x97,
    0x0, 0x0, 0x6f, 0xff, 0xff, 0xfc, 0x0, 0x0,
    0x6f, 0xff, 0xff, 0xfc, 0x0, 0x0, 0x6f, 0xff,
    0xff, 0xfc, 0x0, 0x0, 0x0, 0x0, 0xcf, 0xfc,
    0x0, 0x0, 0x0, 0x0, 0xcf, 0xfc, 0x0, 0x0,
    0x0, 0x0, 0xcf, 0xfc, 0x0, 0x0, 0x0, 0x0,
    0xcf, 0xfc, 0x0, 0x0, 0x0, 0x0, 0xcf, 0xfc,
    0x0, 0x0, 0x0, 0x0, 0xcf, 0xfc, 0x0, 0x0,
    0x0, 0x0, 0xcf, 0xfc, 0x0, 0x0, 0x39, 0x99,
    0xef, 0xfe, 0x99, 0x93, 0x6f, 0xff, 0xff, 0xff,
    0xff, 0xf6, 0x6f, 0xff, 0xff, 0xff, 0xff, 0xf6,
    0x6f, 0xff, 0xff, 0xff, 0xff, 0xf6,

    /* U+00ED "í" */
    0x0, 0x0, 0x0, 0x3, 0xff, 0xf6, 0x0, 0x0,
    0x0, 0x3, 0xff, 0xf6, 0x0, 0x0, 0x0, 0x3,
    0xff, 0xf6, 0x0, 0x0, 0x79, 0x99, 0x99, 0x93,
    0x0, 0x0, 0xcf, 0xfc, 0x0, 0x0, 0x0, 0x0,
    0xcf, 0xfc, 0x0, 0x0, 0x0, 0x0, 0xcf, 0xfc,
    0x0, 0x0, 0x0, 0x0, 0x0, 0x0, 0x0, 0x0,
    0x0, 0x0, 0x0, 0x0, 0x0, 0x0, 0x0, 0x0,
    0x0, 0x0, 0x0, 0x0, 0x39, 0x99, 0x99, 0x97,
    0x0, 0x0, 0x6f, 0xff, 0xff, 0xfc, 0x0, 0x0,
    0x6f, 0xff, 0xff, 0xfc, 0x0, 0x0, 0x6f, 0xff,
    0xff, 0xfc, 0x0, 0x0, 0x0, 0x0, 0xcf, 0xfc,
    0x0, 0x0, 0x0, 0x0, 0xcf, 0xfc, 0x0, 0x0,
    0x0, 0x0, 0xcf, 0xfc, 0x0, 0x0, 0x0, 0x0,
    0xcf, 0xfc, 0x0, 0x0, 0x0, 0x0, 0xcf, 0xfc,
    0x0, 0x0, 0x0, 0x0, 0xcf, 0xfc, 0x0, 0x0,
    0x0, 0x0, 0xcf, 0xfc, 0x0, 0x0, 0x39, 0x99,
    0xef, 0xfe, 0x99, 0x93, 0x6f, 0xff, 0xff, 0xff,
    0xff, 0xf6, 0x6f, 0xff, 0xff, 0xff, 0xff, 0xf6,
    0x6f, 0xff, 0xff, 0xff, 0xff, 0xf6,

    /* U+00EE "î" */
    0x0, 0x0, 0xcf, 0xfc, 0x0, 0x0, 0x0, 0x0,
    0xcf, 0xfc, 0x0, 0x0, 0x0, 0x0, 0xcf, 0xfc,
    0x0, 0x0, 0x39, 0x99, 0x99, 0x99, 0x99, 0x93,
    0x6f, 0xff, 0x30, 0x3, 0xff, 0xf6, 0x6f, 0xff,
    0x30, 0x3, 0xff, 0xf6, 0x6f, 0xff, 0x30, 0x3,
    0xff, 0xf6, 0x0, 0x0, 0x0, 0x0, 0x0, 0x0,
    0x0, 0x0, 0x0, 0x0, 0x0, 0x0, 0x0, 0x0,
    0x0, 0x0, 0x0, 0x0, 0x39, 0x99, 0x99, 0x97,
    0x0, 0x0, 0x6f, 0xff, 0xff, 0xfc, 0x0, 0x0,
    0x6f, 0xff, 0xff, 0xfc, 0x0, 0x0, 0x6f, 0xff,
    0xff, 0xfc, 0x0, 0x0, 0x0, 0x0, 0xcf, 0xfc,
    0x0, 0x0, 0x0, 0x0, 0xcf, 0xfc, 0x0, 0x0,
    0x0, 0x0, 0xcf, 0xfc, 0x0, 0x0, 0x0, 0x0,
    0xcf, 0xfc, 0x0, 0x0, 0x0, 0x0, 0xcf, 0xfc,
    0x0, 0x0, 0x0, 0x0, 0xcf, 0xfc, 0x0, 0x0,
    0x0, 0x0, 0xcf, 0xfc, 0x0, 0x0, 0x39, 0x99,
    0xef, 0xfe, 0x99, 0x93, 0x6f, 0xff, 0xff, 0xff,
    0xff, 0xf6, 0x6f, 0xff, 0xff, 0xff, 0xff, 0xf6,
    0x6f, 0xff, 0xff, 0xff, 0xff, 0xf6,

    /* U+00EF "ï" */
    0x39, 0x99, 0x10, 0x1, 0x99, 0x93, 0x6f, 0xff,
    0x30, 0x3, 0xff, 0xf6, 0x6f, 0xff, 0x30, 0x3,
    0xff, 0xf6, 0x6f, 0xff, 0x30, 0x3, 0xff, 0xf6,
    0x0, 0x0, 0x0, 0x0, 0x0, 0x0, 0x0, 0x0,
    0x0, 0x0, 0x0, 0x0, 0x0, 0x0, 0x0, 0x0,
    0x0, 0x0, 0x39, 0x99, 0x99, 0x97, 0x0, 0x0,
    0x6f, 0xff, 0xff, 0xfc, 0x0, 0x0, 0x6f, 0xff,
    0xff, 0xfc, 0x0, 0x0, 0x6f, 0xff, 0xff, 0xfc,
    0x0, 0x0, 0x0, 0x0, 0xcf, 0xfc, 0x0, 0x0,
    0x0, 0x0, 0xcf, 0xfc, 0x0, 0x0, 0x0, 0x0,
    0xcf, 0xfc, 0x0, 0x0, 0x0, 0x0, 0xcf, 0xfc,
    0x0, 0x0, 0x0, 0x0, 0xcf, 0xfc, 0x0, 0x0,
    0x0, 0x0, 0xcf, 0xfc, 0x0, 0x0, 0x0, 0x0,
    0xcf, 0xfc, 0x0, 0x0, 0x39, 0x99, 0xef, 0xfe,
    0x99, 0x93, 0x6f, 0xff, 0xff, 0xff, 0xff, 0xf6,
    0x6f, 0xff, 0xff, 0xff, 0xff, 0xf6, 0x6f, 0xff,
    0xff, 0xff, 0xff, 0xf6,

    /* U+00F0 "ð" */
    0x0, 0x0, 0x0, 0x0, 0x0, 0x3f, 0xff, 0x60,
    0x0, 0x0, 0x0, 0x0, 0x0, 0x0, 0x3f, 0xff,
    0x60, 0x0, 0x0, 0x0, 0x0, 0x0, 0x0, 0x3f,
    0xff, 0x60, 0x0, 0x0, 0x0, 0x0, 0x7, 0x99,
    0xaf, 0xff, 0xc9, 0x99, 0x0, 0x0, 0x0, 0xc,
    0xff, 0xff, 0xff, 0xff, 0xff, 0x0, 0x0, 0x0,
    0xc, 0xff, 0xff, 0xff, 0xff, 0xff, 0x0, 0x0,
    0x0, 0xc, 0xff, 0xff, 0xff, 0xff, 0xff, 0x0,
    0x0, 0x0, 0x0, 0x0, 0x3f, 0xff, 0x60, 0x0,
    0x0, 0x0, 0x0, 0x0, 0x0, 0x3f, 0xff, 0x60,
    0x0, 0x0, 0x0, 0x0, 0x0, 0x0, 0x3f, 0xff,
    0x60, 0x0, 0x0, 0x3, 0x99, 0x91, 0x0, 0x3f,
    0xff, 0x60, 0x0, 0x0, 0x6, 0xff, 0xf3, 0x0,
    0x3f, 0xff, 0x60, 0x0, 0x0, 0x6, 0xff, 0xf3,
    0x0, 0x3f, 0xff, 0x60, 0x0, 0x0, 0x6, 0xff,
    0xf3, 0x0, 0x3f, 0xff, 0x60, 0x0, 0xff, 0xf9,
    0x0, 0xc, 0xff, 0xff, 0xff, 0x60, 0x0, 0xff,
    0xf9, 0x0, 0xc, 0xff, 0xff, 0xff, 0x60, 0x0,
    0xff, 0xf9, 0x0, 0xc, 0xff, 0xff, 0xff, 0x60,
    0x0, 0xff, 0xf9, 0x0, 0x7, 0x99, 0xaf, 0xff,
    0x60, 0x0, 0xff, 0xf9, 0x0, 0x0, 0x0, 0x3f,
    0xff, 0x60, 0x0, 0xff, 0xf9, 0x0, 0x0, 0x0,
    0x3f, 0xff, 0x60, 0x0, 0xff, 0xf9, 0x0, 0x0,
    0x0, 0x3f, 0xff, 0x60, 0x0, 0x33, 0x35, 0x99,
    0x99, 0x99, 0xaf, 0xff, 0x60, 0x0, 0x0, 0x6,
    0xff, 0xff, 0xff, 0xff, 0xff, 0x60, 0x0, 0x0,
    0x6, 0xff, 0xff, 0xff, 0xff, 0xff, 0x60, 0x0,
    0x0, 0x6, 0xff, 0xff, 0xff, 0xff, 0xff, 0x60,
    0x0,

    /* U+00F1 "ñ" */
    0x0, 0x6, 0xff, 0xf3, 0x0, 0x0, 0x0, 0x9f,
    0xff, 0x0, 0x6, 0xff, 0xf3, 0x0, 0x0, 0x0,
    0x9f, 0xff, 0x0, 0x6, 0xff, 0xf3, 0x0, 0x0,
    0x0, 0x9f, 0xff, 0x99, 0x99, 0x99, 0x99, 0x99,
    0x99, 0x99, 0x99, 0x99, 0xff, 0xf9, 0x0, 0xc,
    0xff, 0xff, 0xff, 0x60, 0x0, 0xff, 0xf9, 0x0,
    0xc, 0xff, 0xff, 0xff, 0x60, 0x0, 0xff, 0xf9,
    0x0, 0xc, 0xff, 0xff, 0xff, 0x60, 0x0, 0x0,
    0x0, 0x0, 0x0, 0x0, 0x0, 0x0, 0x0, 0x0,
    0x0, 0x0, 0x0, 0x0, 0x0, 0x0, 0x0, 0x0,
    0x0, 0x0, 0x0, 0x0, 0x0, 0x0, 0x0, 0x0,
    0x0, 0x0, 0x99, 0x95, 0x0, 0x7, 0x99, 0x99,
    0x99, 0x30, 0x0, 0xff, 0xf9, 0x0, 0xc, 0xff,
    0xff, 0xff, 0x60, 0x0, 0xff, 0xf9, 0x0, 0xc,
    0xff, 0xff, 0xff, 0x60, 0x0, 0xff, 0xf9, 0x0,
    0xc, 0xff, 0xff, 0xff, 0x60, 0x0, 0xff, 0xfe,
    0xcc, 0xc2, 0x0, 0x0, 0x0, 0x7c, 0xcc, 0xff,
    0xff, 0xff, 0xf3, 0x0, 0x0, 0x0, 0x9f, 0xff,
    0xff, 0xff, 0xff, 0xf3, 0x0, 0x0, 0x0, 0x9f,
    0xff, 0xff, 0xfe, 0xcc, 0xc2, 0x0, 0x0, 0x0,
    0x9f, 0xff, 0xff, 0xf9, 0x0, 0x0, 0x0, 0x0,
    0x0, 0x9f, 0xff, 0xff, 0xf9, 0x0, 0x0, 0x0,
    0x0, 0x0, 0x9f, 0xff, 0xff, 0xf9, 0x0, 0x0,
    0x0, 0x0, 0x0, 0x9f, 0xff, 0xff, 0xf9, 0x0,
    0x0, 0x0, 0x0, 0x0, 0x9f, 0xff, 0xff, 0xf9,
    0x0, 0x0, 0x0, 0x0, 0x0, 0x9f, 0xff, 0xff,
    0xf9, 0x0, 0x0, 0x0, 0x0, 0x0, 0x9f, 0xff,
    0xff, 0xf9, 0x0, 0x0, 0x0, 0x0, 0x0, 0x9f,
    0xff,

    /* U+00F2 "ò" */
    0x0, 0x6, 0xff, 0xf3, 0x0, 0x0, 0x0, 0x0,
    0x0, 0x0, 0x6, 0xff, 0xf3, 0x0, 0x0, 0x0,
    0x0, 0x0, 0x0, 0x6, 0xff, 0xf3, 0x0, 0x0,
    0x0, 0x0, 0x0, 0x0, 0x3, 0x99, 0x99, 0x99,
    0x70, 0x0, 0x0, 0x0, 0x0, 0x0, 0x0, 0xc,
    0xff, 0xc0, 0x0, 0x0, 0x0, 0x0, 0x0, 0x0,
    0xc, 0xff, 0xc0, 0x0, 0x0, 0x0, 0x0, 0x0,
    0x0, 0xc, 0xff, 0xc0, 0x0, 0x0, 0x0, 0x0,
    0x0, 0x0, 0x0, 0x0, 0x0, 0x0, 0x0, 0x0,
    0x0, 0x0, 0x0, 0x0, 0x0, 0x0, 0x0, 0x0,
    0x0, 0x0, 0x0, 0x0, 0x0, 0x0, 0x0, 0x0,
    0x0, 0x0, 0x0, 0x3, 0x99, 0x99, 0x99, 0x99,
    0x99, 0x30, 0x0, 0x0, 0x6, 0xff, 0xff, 0xff,
    0xff, 0xff, 0x60, 0x0, 0x0, 0x6, 0xff, 0xff,
    0xff, 0xff, 0xff, 0x60, 0x0, 0x0, 0x6, 0xff,
    0xff, 0xff, 0xff, 0xff, 0x60, 0x0, 0xff, 0xf9,
    0x0, 0x0, 0x0, 0x0, 0x0, 0x9f, 0xff, 0xff,
    0xf9, 0x0, 0x0, 0x0, 0x0, 0x0, 0x9f, 0xff,
    0xff, 0xf9, 0x0, 0x0, 0x0, 0x0, 0x0, 0x9f,
    0xff, 0xff, 0xf9, 0x0, 0x0, 0x0, 0x0, 0x0,
    0x9f, 0xff, 0xff, 0xf9, 0x0, 0x0, 0x0, 0x0,
    0x0, 0x9f, 0xff, 0xff, 0xf9, 0x0, 0x0, 0x0,
    0x0, 0x0, 0x9f, 0xff, 0xff, 0xf9, 0x0, 0x0,
    0x0, 0x0, 0x0, 0x9f, 0xff, 0x33, 0x35, 0x99,
    0x99, 0x99, 0x99, 0x99, 0x53, 0x33, 0x0, 0x6,
    0xff, 0xff, 0xff, 0xff, 0xff, 0x60, 0x0, 0x0,
    0x6, 0xff, 0xff, 0xff, 0xff, 0xff, 0x60, 0x0,
    0x0, 0x6, 0xff, 0xff, 0xff, 0xff, 0xff, 0x60,
    0x0,

    /* U+00F3 "ó" */
    0x0, 0x0, 0x0, 0x0, 0x0, 0x3f, 0xff, 0x60,
    0x0, 0x0, 0x0, 0x0, 0x0, 0x0, 0x3f, 0xff,
    0x60, 0x0, 0x0, 0x0, 0x0, 0x0, 0x0, 0x3f,
    0xff, 0x60, 0x0, 0x0, 0x0, 0x0, 0x7, 0x99,
    0x99, 0x99, 0x30, 0x0, 0x0, 0x0, 0x0, 0xc,
    0xff, 0xc0, 0x0, 0x0, 0x0, 0x0, 0x0, 0x0,
    0xc, 0xff, 0xc0, 0x0, 0x0, 0x0, 0x0, 0x0,
    0x0, 0xc, 0xff, 0xc0, 0x0, 0x0, 0x0, 0x0,
    0x0, 0x0, 0x0, 0x0, 0x0, 0x0, 0x0, 0x0,
    0x0, 0x0, 0x0, 0x0, 0x0, 0x0, 0x0, 0x0,
    0x0, 0x0, 0x0, 0x0, 0x0, 0x0, 0x0, 0x0,
    0x0, 0x0, 0x0, 0x3, 0x99, 0x99, 0x99, 0x99,
    0x99, 0x30, 0x0, 0x0, 0x6, 0xff, 0xff, 0xff,
    0xff, 0xff, 0x60, 0x0, 0x0, 0x6, 0xff, 0xff,
    0xff, 0xff, 0xff, 0x60, 0x0, 0x0, 0x6, 0xff,
    0xff, 0xff, 0xff, 0xff, 0x60, 0x0, 0xff, 0xf9,
    0x0, 0x0, 0x0, 0x0, 0x0, 0x9f, 0xff, 0xff,
    0xf9, 0x0, 0x0, 0x0, 0x0, 0x0, 0x9f, 0xff,
    0xff, 0xf9, 0x0, 0x0, 0x0, 0x0, 0x0, 0x9f,
    0xff, 0xff, 0xf9, 0x0, 0x0, 0x0, 0x0, 0x0,
    0x9f, 0xff, 0xff, 0xf9, 0x0, 0x0, 0x0, 0x0,
    0x0, 0x9f, 0xff, 0xff, 0xf9, 0x0, 0x0, 0x0,
    0x0, 0x0, 0x9f, 0xff, 0xff, 0xf9, 0x0, 0x0,
    0x0, 0x0, 0x0, 0x9f, 0xff, 0x33, 0x35, 0x99,
    0x99, 0x99, 0x99, 0x99, 0x53, 0x33, 0x0, 0x6,
    0xff, 0xff, 0xff, 0xff, 0xff, 0x60, 0x0, 0x0,
    0x6, 0xff, 0xff, 0xff, 0xff, 0xff, 0x60, 0x0,
    0x0, 0x6, 0xff, 0xff, 0xff, 0xff, 0xff, 0x60,
    0x0,

    /* U+00F4 "ô" */
    0x0, 0x0, 0x0, 0xc, 0xff, 0xc0, 0x0, 0x0,
    0x0, 0x0, 0x0, 0x0, 0xc, 0xff, 0xc0, 0x0,
    0x0, 0x0, 0x0, 0x0, 0x0, 0xc, 0xff, 0xc0,
    0x0, 0x0, 0x0, 0x0, 0x3, 0x99, 0x99, 0x99,
    0x99, 0x99, 0x30, 0x0, 0x0, 0x6, 0xff, 0xf3,
    0x0, 0x3f, 0xff, 0x60, 0x0, 0x0, 0x6, 0xff,
    0xf3, 0x0, 0x3f, 0xff, 0x60, 0x0, 0x0, 0x6,
    0xff, 0xf3, 0x0, 0x3f, 0xff, 0x60, 0x0, 0x0,
    0x0, 0x0, 0x0, 0x0, 0x0, 0x0, 0x0, 0x0,
    0x0, 0x0, 0x0, 0x0, 0x0, 0x0, 0x0, 0x0,
    0x0, 0x0, 0x0, 0x0, 0x0, 0x0, 0x0, 0x0,
    0x0, 0x0, 0x0, 0x3, 0x99, 0x99, 0x99, 0x99,
    0x99, 0x30, 0x0, 0x0, 0x6, 0xff, 0xff, 0xff,
    0xff, 0xff, 0x60, 0x0, 0x0, 0x6, 0xff, 0xff,
    0xff, 0xff, 0xff, 0x60, 0x0, 0x0, 0x6, 0xff,
    0xff, 0xff, 0xff, 0xff, 0x60, 0x0, 0xff, 0xf9,
    0x0, 0x0, 0x0, 0x0, 0x0, 0x9f, 0xff, 0xff,
    0xf9, 0x0, 0x0, 0x0, 0x0, 0x0, 0x9f, 0xff,
    0xff, 0xf9, 0x0, 0x0, 0x0, 0x0, 0x0, 0x9f,
    0xff, 0xff, 0xf9, 0x0, 0x0, 0x0, 0x0, 0x0,
    0x9f, 0xff, 0xff, 0xf9, 0x0, 0x0, 0x0, 0x0,
    0x0, 0x9f, 0xff, 0xff, 0xf9, 0x0, 0x0, 0x0,
    0x0, 0x0, 0x9f, 0xff, 0xff, 0xf9, 0x0, 0x0,
    0x0, 0x0, 0x0, 0x9f, 0xff, 0x33, 0x35, 0x99,
    0x99, 0x99, 0x99, 0x99, 0x53, 0x33, 0x0, 0x6,
    0xff, 0xff, 0xff, 0xff, 0xff, 0x60, 0x0, 0x0,
    0x6, 0xff, 0xff, 0xff, 0xff, 0xff, 0x60, 0x0,
    0x0, 0x6, 0xff, 0xff, 0xff, 0xff, 0xff, 0x60,
    0x0,

    /* U+00F5 "õ" */
    0x0, 0x6, 0xff, 0xf3, 0x0, 0x0, 0x0, 0x9f,
    0xff, 0x0, 0x6, 0xff, 0xf3, 0x0, 0x0, 0x0,
    0x9f, 0xff, 0x0, 0x6, 0xff, 0xf3, 0x0, 0x0,
    0x0, 0x9f, 0xff, 0x99, 0x99, 0x99, 0x99, 0x99,
    0x99, 0x99, 0x99, 0x99, 0xff, 0xf9, 0x0, 0xc,
    0xff, 0xff, 0xff, 0x60, 0x0, 0xff, 0xf9, 0x0,
    0xc, 0xff, 0xff, 0xff, 0x60, 0x0, 0xff, 0xf9,
    0x0, 0xc, 0xff, 0xff, 0xff, 0x60, 0x0, 0x0,
    0x0, 0x0, 0x0, 0x0, 0x0, 0x0, 0x0, 0x0,
    0x0, 0x0, 0x0, 0x0, 0x0, 0x0, 0x0, 0x0,
    0x0, 0x0, 0x0, 0x0, 0x0, 0x0, 0x0, 0x0,
    0x0, 0x0, 0x0, 0x3, 0x99, 0x99, 0x99, 0x99,
    0x99, 0x30, 0x0, 0x0, 0x6, 0xff, 0xff, 0xff,
    0xff, 0xff, 0x60, 0x0, 0x0, 0x6, 0xff, 0xff,
    0xff, 0xff, 0xff, 0x60, 0x0, 0x0, 0x6, 0xff,
    0xff, 0xff, 0xff, 0xff, 0x60, 0x0, 0xff, 0xf9,
    0x0, 0x0, 0x0, 0x0, 0x0, 0x9f, 0xff, 0xff,
    0xf9, 0x0, 0x0, 0x0, 0x0, 0x0, 0x9f, 0xff,
    0xff, 0xf9, 0x0, 0x0, 0x0, 0x0, 0x0, 0x9f,
    0xff, 0xff, 0xf9, 0x0, 0x0, 0x0, 0x0, 0x0,
    0x9f, 0xff, 0xff, 0xf9, 0x0, 0x0, 0x0, 0x0,
    0x0, 0x9f, 0xff, 0xff, 0xf9, 0x0, 0x0, 0x0,
    0x0, 0x0, 0x9f, 0xff, 0xff, 0xf9, 0x0, 0x0,
    0x0, 0x0, 0x0, 0x9f, 0xff, 0x33, 0x35, 0x99,
    0x99, 0x99, 0x99, 0x99, 0x53, 0x33, 0x0, 0x6,
    0xff, 0xff, 0xff, 0xff, 0xff, 0x60, 0x0, 0x0,
    0x6, 0xff, 0xff, 0xff, 0xff, 0xff, 0x60, 0x0,
    0x0, 0x6, 0xff, 0xff, 0xff, 0xff, 0xff, 0x60,
    0x0,

    /* U+00F6 "ö" */
    0x0, 0x3, 0x99, 0x91, 0x0, 0x19, 0x99, 0x30,
    0x0, 0x0, 0x6, 0xff, 0xf3, 0x0, 0x3f, 0xff,
    0x60, 0x0, 0x0, 0x6, 0xff, 0xf3, 0x0, 0x3f,
    0xff, 0x60, 0x0, 0x0, 0x6, 0xff, 0xf3, 0x0,
    0x3f, 0xff, 0x60, 0x0, 0x0, 0x0, 0x0, 0x0,
    0x0, 0x0, 0x0, 0x0, 0x0, 0x0, 0x0, 0x0,
    0x0, 0x0, 0x0, 0x0, 0x0, 0x0, 0x0, 0x0,
    0x0, 0x0, 0x0, 0x0, 0x0, 0x0, 0x0, 0x0,
    0x3, 0x99, 0x99, 0x99, 0x99, 0x99, 0x30, 0x0,
    0x0, 0x6, 0xff, 0xff, 0xff, 0xff, 0xff, 0x60,
    0x0, 0x0, 0x6, 0xff, 0xff, 0xff, 0xff, 0xff,
    0x60, 0x0, 0x0, 0x6, 0xff, 0xff, 0xff, 0xff,
    0xff, 0x60, 0x0, 0xff, 0xf9, 0x0, 0x0, 0x0,
    0x0, 0x0, 0x9f, 0xff, 0xff, 0xf9, 0x0, 0x0,
    0x0, 0x0, 0x0, 0x9f, 0xff, 0xff, 0xf9, 0x0,
    0x0, 0x0, 0x0, 0x0, 0x9f, 0xff, 0xff, 0xf9,
    0x0, 0x0, 0x0, 0x0, 0x0, 0x9f, 0xff, 0xff,
    0xf9, 0x0, 0x0, 0x0, 0x0, 0x0, 0x9f, 0xff,
    0xff, 0xf9, 0x0, 0x0, 0x0, 0x0, 0x0, 0x9f,
    0xff, 0xff, 0xf9, 0x0, 0x0, 0x0, 0x0, 0x0,
    0x9f, 0xff, 0x33, 0x35, 0x99, 0x99, 0x99, 0x99,
    0x99, 0x53, 0x33, 0x0, 0x6, 0xff, 0xff, 0xff,
    0xff, 0xff, 0x60, 0x0, 0x0, 0x6, 0xff, 0xff,
    0xff, 0xff, 0xff, 0x60, 0x0, 0x0, 0x6, 0xff,
    0xff, 0xff, 0xff, 0xff, 0x60, 0x0,

    /* U+00F7 "÷" */
    0x0, 0x0, 0x0, 0xc, 0xff, 0xc0, 0x0, 0x0,
    0x0, 0x0, 0x0, 0x0, 0xc, 0xff, 0xc0, 0x0,
    0x0, 0x0, 0x0, 0x0, 0x0, 0xc, 0xff, 0xc0,
    0x0, 0x0, 0x0, 0x0, 0x0, 0x0, 0x7, 0x99,
    0x70, 0x0, 0x0, 0x0, 0x0, 0x0, 0x0, 0x0,
    0x0, 0x0, 0x0, 0x0, 0x0, 0x0, 0x0, 0x0,
    0x0, 0x0, 0x0, 0x0, 0x0, 0x0, 0x0, 0x0,
    0x0, 0x0, 0x0, 0x0, 0x0, 0x0, 0x0, 0xff,
    0xff, 0xff, 0xff, 0xff, 0xff, 0xff, 0xff, 0xff,
    0xff, 0xff, 0xff, 0xff, 0xff, 0xff, 0xff, 0xff,
    0xff, 0xff, 0xff, 0xff, 0xff, 0xff, 0xff, 0xff,
    0xff, 0xff, 0x99, 0x99, 0x99, 0x99, 0x99, 0x99,
    0x99, 0x99, 0x99, 0x0, 0x0, 0x0, 0x0, 0x0,
    0x0, 0x0, 0x0, 0x0, 0x0, 0x0, 0x0, 0x0,
    0x0, 0x0, 0x0, 0x0, 0x0, 0x0, 0x0, 0x0,
    0x0, 0x0, 0x0, 0x0, 0x0, 0x0, 0x0, 0x0,
    0x0, 0x7, 0x99, 0x70, 0x0, 0x0, 0x0, 0x0,
    0x0, 0x0, 0xc, 0xff, 0xc0, 0x0, 0x0, 0x0,
    0x0, 0x0, 0x0, 0xc, 0xff, 0xc0, 0x0, 0x0,
    0x0, 0x0, 0x0, 0x0, 0xc, 0xff, 0xc0, 0x0,
    0x0, 0x0,

    /* U+00F8 "ø" */
    0x0, 0x0, 0x0, 0xc, 0xff, 0xc0, 0x0, 0x0,
    0x0, 0x0, 0x0, 0x0, 0xc, 0xff, 0xc0, 0x0,
    0x0, 0x0, 0x0, 0x0, 0x0, 0xc, 0xff, 0xc0,
    0x0, 0x0, 0x0, 0x0, 0x3, 0x99, 0x99, 0x99,
    0x99, 0x99, 0x99, 0x99, 0x0, 0x6, 0xff, 0xf3,
    0x0, 0x3f, 0xff, 0xff, 0xff, 0x0, 0x6, 0xff,
    0xf3, 0x0, 0x3f, 0xff, 0xff, 0xff, 0x0, 0x6,
    0xff, 0xf3, 0x0, 0x3f, 0xff, 0xff, 0xff, 0x0,
    0x6, 0xff, 0xff, 0xff, 0xff, 0xff, 0x60, 0x0,
    0x0, 0x6, 0xff, 0xff, 0xff, 0xff, 0xff, 0x60,
    0x0, 0x0, 0x6, 0xff, 0xff, 0xff, 0xff, 0xff,
    0x60, 0x0, 0x0, 0x6, 0xff, 0xfa, 0x99, 0xaf,
    0xff, 0x60, 0x0, 0xff, 0xff, 0xff, 0xf3, 0x0,
    0x3f, 0xff, 0x60, 0x0, 0xff, 0xff, 0xff, 0xf3,
    0x0, 0x3f, 0xff, 0x60, 0x0, 0xff, 0xff, 0xff,
    0xf3, 0x0, 0x3f, 0xff, 0x60, 0x0, 0x66, 0x66,
    0x66, 0x68, 0x99, 0x86, 0x66, 0x20, 0x0, 0x0,
    0x0, 0x0, 0xc, 0xff, 0xc0, 0x0, 0x0, 0x0,
    0x0, 0x0, 0x0, 0xc, 0xff, 0xc0, 0x0, 0x0,
    0x0, 0x0, 0x0, 0x0, 0xc, 0xff, 0xc0, 0x0,
    0x0, 0x0,

    /* U+00F9 "ù" */
    0x0, 0x6, 0xff, 0xf3, 0x0, 0x0, 0x0, 0x0,
    0x0, 0x0, 0x6, 0xff, 0xf3, 0x0, 0x0, 0x0,
    0x0, 0x0, 0x0, 0x6, 0xff, 0xf3, 0x0, 0x0,
    0x0, 0x0, 0x0, 0x0, 0x3, 0x99, 0x99, 0x99,
    0x70, 0x0, 0x0, 0x0, 0x0, 0x0, 0x0, 0xc,
    0xff, 0xc0, 0x0, 0x0, 0x0, 0x0, 0x0, 0x0,
    0xc, 0xff, 0xc0, 0x0, 0x0, 0x0, 0x0, 0x0,
    0x0, 0xc, 0xff, 0xc0, 0x0, 0x0, 0x0, 0x0,
    0x0, 0x0, 0x0, 0x0, 0x0, 0x0, 0x0, 0x0,
    0x0, 0x0, 0x0, 0x0, 0x0, 0x0, 0x0, 0x0,
    0x0, 0x0, 0x0, 0x0, 0x0, 0x0, 0x0, 0x0,
    0x0, 0x0, 0x66, 0x63, 0x0, 0x0, 0x0, 0x0,
    0x0, 0x36, 0x66, 0xff, 0xf9, 0x0, 0x0, 0x0,
    0x0, 0x0, 0x9f, 0xff, 0xff, 0xf9, 0x0, 0x0,
    0x0, 0x0, 0x0, 0x9f, 0xff, 0xff, 0xf9, 0x0,
    0x0, 0x0, 0x0, 0x0, 0x9f, 0xff, 0xff, 0xf9,
    0x0, 0x0, 0x0, 0x0, 0x0, 0x9f, 0xff, 0xff,
    0xf9, 0x0, 0x0, 0x0, 0x0, 0x0, 0x9f, 0xff,
    0xff, 0xf9, 0x0, 0x0, 0x0, 0x0, 0x0, 0x9f,
    0xff, 0xff, 0xf9, 0x0, 0x0, 0x0, 0x0, 0x0,
    0x9f, 0xff, 0xff, 0xf9, 0x0, 0x0, 0x0, 0x3f,
    0xff, 0xff, 0xff, 0xff, 0xf9, 0x0, 0x0, 0x0,
    0x3f, 0xff, 0xff, 0xff, 0xff, 0xf9, 0x0, 0x0,
    0x0, 0x3f, 0xff, 0xff, 0xff, 0x66, 0x67, 0x99,
    0x99, 0x99, 0x86, 0x66, 0xcf, 0xff, 0x0, 0x6,
    0xff, 0xff, 0xff, 0xc0, 0x0, 0x9f, 0xff, 0x0,
    0x6, 0xff, 0xff, 0xff, 0xc0, 0x0, 0x9f, 0xff,
    0x0, 0x6, 0xff, 0xff, 0xff, 0xc0, 0x0, 0x9f,
    0xff,

    /* U+00FA "ú" */
    0x0, 0x0, 0x0, 0x0, 0x0, 0x3f, 0xff, 0x60,
    0x0, 0x0, 0x0, 0x0, 0x0, 0x0, 0x3f, 0xff,
    0x60, 0x0, 0x0, 0x0, 0x0, 0x0, 0x0, 0x3f,
    0xff, 0x60, 0x0, 0x0, 0x0, 0x0, 0x7, 0x99,
    0x99, 0x99, 0x30, 0x0, 0x0, 0x0, 0x0, 0xc,
    0xff, 0xc0, 0x0, 0x0, 0x0, 0x0, 0x0, 0x0,
    0xc, 0xff, 0xc0, 0x0, 0x0, 0x0, 0x0, 0x0,
    0x0, 0xc, 0xff, 0xc0, 0x0, 0x0, 0x0, 0x0,
    0x0, 0x0, 0x0, 0x0, 0x0, 0x0, 0x0, 0x0,
    0x0, 0x0, 0x0, 0x0, 0x0, 0x0, 0x0, 0x0,
    0x0, 0x0, 0x0, 0x0, 0x0, 0x0, 0x0, 0x0,
    0x0, 0x0, 0x66, 0x63, 0x0, 0x0, 0x0, 0x0,
    0x0, 0x36, 0x66, 0xff, 0xf9, 0x0, 0x0, 0x0,
    0x0, 0x0, 0x9f, 0xff, 0xff, 0xf9, 0x0, 0x0,
    0x0, 0x0, 0x0, 0x9f, 0xff, 0xff, 0xf9, 0x0,
    0x0, 0x0, 0x0, 0x0, 0x9f, 0xff, 0xff, 0xf9,
    0x0, 0x0, 0x0, 0x0, 0x0, 0x9f, 0xff, 0xff,
    0xf9, 0x0, 0x0, 0x0, 0x0, 0x0, 0x9f, 0xff,
    0xff, 0xf9, 0x0, 0x0, 0x0, 0x0, 0x0, 0x9f,
    0xff, 0xff, 0xf9, 0x0, 0x0, 0x0, 0x0, 0x0,
    0x9f, 0xff, 0xff, 0xf9, 0x0, 0x0, 0x0, 0x3f,
    0xff, 0xff, 0xff, 0xff, 0xf9, 0x0, 0x0, 0x0,
    0x3f, 0xff, 0xff, 0xff, 0xff, 0xf9, 0x0, 0x0,
    0x0, 0x3f, 0xff, 0xff, 0xff, 0x66, 0x67, 0x99,
    0x99, 0x99, 0x86, 0x66, 0xcf, 0xff, 0x0, 0x6,
    0xff, 0xff, 0xff, 0xc0, 0x0, 0x9f, 0xff, 0x0,
    0x6, 0xff, 0xff, 0xff, 0xc0, 0x0, 0x9f, 0xff,
    0x0, 0x6, 0xff, 0xff, 0xff, 0xc0, 0x0, 0x9f,
    0xff,

    /* U+00FB "û" */
    0x0, 0x0, 0x0, 0xc, 0xff, 0xc0, 0x0, 0x0,
    0x0, 0x0, 0x0, 0x0, 0xc, 0xff, 0xc0, 0x0,
    0x0, 0x0, 0x0, 0x0, 0x0, 0xc, 0xff, 0xc0,
    0x0, 0x0, 0x0, 0x0, 0x3, 0x99, 0x99, 0x99,
    0x99, 0x99, 0x30, 0x0, 0x0, 0x6, 0xff, 0xf3,
    0x0, 0x3f, 0xff, 0x60, 0x0, 0x0, 0x6, 0xff,
    0xf3, 0x0, 0x3f, 0xff, 0x60, 0x0, 0x0, 0x6,
    0xff, 0xf3, 0x0, 0x3f, 0xff, 0x60, 0x0, 0x0,
    0x0, 0x0, 0x0, 0x0, 0x0, 0x0, 0x0, 0x0,
    0x0, 0x0, 0x0, 0x0, 0x0, 0x0, 0x0, 0x0,
    0x0, 0x0, 0x0, 0x0, 0x0, 0x0, 0x0, 0x0,
    0x0, 0x0, 0x66, 0x63, 0x0, 0x0, 0x0, 0x0,
    0x0, 0x36, 0x66, 0xff, 0xf9, 0x0, 0x0, 0x0,
    0x0, 0x0, 0x9f, 0xff, 0xff, 0xf9, 0x0, 0x0,
    0x0, 0x0, 0x0, 0x9f, 0xff, 0xff, 0xf9, 0x0,
    0x0, 0x0, 0x0, 0x0, 0x9f, 0xff, 0xff, 0xf9,
    0x0, 0x0, 0x0, 0x0, 0x0, 0x9f, 0xff, 0xff,
    0xf9, 0x0, 0x0, 0x0, 0x0, 0x0, 0x9f, 0xff,
    0xff, 0xf9, 0x0, 0x0, 0x0, 0x0, 0x0, 0x9f,
    0xff, 0xff, 0xf9, 0x0, 0x0, 0x0, 0x0, 0x0,
    0x9f, 0xff, 0xff, 0xf9, 0x0, 0x0, 0x0, 0x3f,
    0xff, 0xff, 0xff, 0xff, 0xf9, 0x0, 0x0, 0x0,
    0x3f, 0xff, 0xff, 0xff, 0xff, 0xf9, 0x0, 0x0,
    0x0, 0x3f, 0xff, 0xff, 0xff, 0x66, 0x67, 0x99,
    0x99, 0x99, 0x86, 0x66, 0xcf, 0xff, 0x0, 0x6,
    0xff, 0xff, 0xff, 0xc0, 0x0, 0x9f, 0xff, 0x0,
    0x6, 0xff, 0xff, 0xff, 0xc0, 0x0, 0x9f, 0xff,
    0x0, 0x6, 0xff, 0xff, 0xff, 0xc0, 0x0, 0x9f,
    0xff,

    /* U+00FC "ü" */
    0x0, 0x3, 0x99, 0x91, 0x0, 0x19, 0x99, 0x30,
    0x0, 0x0, 0x6, 0xff, 0xf3, 0x0, 0x3f, 0xff,
    0x60, 0x0, 0x0, 0x6, 0xff, 0xf3, 0x0, 0x3f,
    0xff, 0x60, 0x0, 0x0, 0x6, 0xff, 0xf3, 0x0,
    0x3f, 0xff, 0x60, 0x0, 0x0, 0x0, 0x0, 0x0,
    0x0, 0x0, 0x0, 0x0, 0x0, 0x0, 0x0, 0x0,
    0x0, 0x0, 0x0, 0x0, 0x0, 0x0, 0x0, 0x0,
    0x0, 0x0, 0x0, 0x0, 0x0, 0x0, 0x0, 0x66,
    0x63, 0x0, 0x0, 0x0, 0x0, 0x0, 0x36, 0x66,
    0xff, 0xf9, 0x0, 0x0, 0x0, 0x0, 0x0, 0x9f,
    0xff, 0xff, 0xf9, 0x0, 0x0, 0x0, 0x0, 0x0,
    0x9f, 0xff, 0xff, 0xf9, 0x0, 0x0, 0x0, 0x0,
    0x0, 0x9f, 0xff, 0xff, 0xf9, 0x0, 0x0, 0x0,
    0x0, 0x0, 0x9f, 0xff, 0xff, 0xf9, 0x0, 0x0,
    0x0, 0x0, 0x0, 0x9f, 0xff, 0xff, 0xf9, 0x0,
    0x0, 0x0, 0x0, 0x0, 0x9f, 0xff, 0xff, 0xf9,
    0x0, 0x0, 0x0, 0x0, 0x0, 0x9f, 0xff, 0xff,
    0xf9, 0x0, 0x0, 0x0, 0x3f, 0xff, 0xff, 0xff,
    0xff, 0xf9, 0x0, 0x0, 0x0, 0x3f, 0xff, 0xff,
    0xff, 0xff, 0xf9, 0x0, 0x0, 0x0, 0x3f, 0xff,
    0xff, 0xff, 0x66, 0x67, 0x99, 0x99, 0x99, 0x86,
    0x66, 0xcf, 0xff, 0x0, 0x6, 0xff, 0xff, 0xff,
    0xc0, 0x0, 0x9f, 0xff, 0x0, 0x6, 0xff, 0xff,
    0xff, 0xc0, 0x0, 0x9f, 0xff, 0x0, 0x6, 0xff,
    0xff, 0xff, 0xc0, 0x0, 0x9f, 0xff,

    /* U+00FD "ý" */
    0x0, 0x0, 0x0, 0x0, 0x0, 0x3f, 0xff, 0x60,
    0x0, 0x0, 0x0, 0x0, 0x0, 0x0, 0x3f, 0xff,
    0x60, 0x0, 0x0, 0x0, 0x0, 0x0, 0x0, 0x3f,
    0xff, 0x60, 0x0, 0x0, 0x0, 0x0, 0x7, 0x99,
    0x99, 0x99, 0x30, 0x0, 0x0, 0x0, 0x0, 0xc,
    0xff, 0xc0, 0x0, 0x0, 0x0, 0x0, 0x0, 0x0,
    0xc, 0xff, 0xc0, 0x0, 0x0, 0x0, 0x0, 0x0,
    0x0, 0xc, 0xff, 0xc0, 0x0, 0x0, 0x0, 0xff,
    0xf9, 0x0, 0x0, 0x0, 0x0, 0x0, 0x9f, 0xff,
    0xff, 0xf9, 0x0, 0x0, 0x0, 0x0, 0x0, 0x9f,
    0xff, 0xff, 0xf9, 0x0, 0x0, 0x0, 0x0, 0x0,
    0x9f, 0xff, 0x99, 0x99, 0x99, 0x91, 0x0, 0x0,
    0x0, 0x9f, 0xff, 0x0, 0x6, 0xff, 0xf3, 0x0,
    0x0, 0x0, 0x9f, 0xff, 0x0, 0x6, 0xff, 0xf3,
    0x0, 0x0, 0x0, 0x9f, 0xff, 0x0, 0x6, 0xff,
    0xf3, 0x0, 0x0, 0x0, 0x9f, 0xff, 0x0, 0x0,
    0x0, 0xc, 0xff, 0xff, 0xff, 0x60, 0x0, 0x0,
    0x0, 0x0, 0xc, 0xff, 0xff, 0xff, 0x60, 0x0,
    0x0, 0x0, 0x0, 0xc, 0xff, 0xff, 0xff, 0x60,
    0x0, 0x0, 0x0, 0x0, 0xc, 0xff, 0xe9, 0x99,
    0x30, 0x0, 0x0, 0x0, 0x0, 0xc, 0xff, 0xc0,
    0x0, 0x0, 0x0, 0x0, 0x0, 0x0, 0xc, 0xff,
    0xc0, 0x0, 0x0, 0x0, 0x0, 0x0, 0x0, 0xc,
    0xff, 0xc0, 0x0, 0x0, 0x0, 0x99, 0x99, 0x99,
    0x97, 0x66, 0x50, 0x0, 0x0, 0x0, 0xff, 0xff,
    0xff, 0xf3, 0x0, 0x0, 0x0, 0x0, 0x0, 0xff,
    0xff, 0xff, 0xf3, 0x0, 0x0, 0x0, 0x0, 0x0,
    0xff, 0xff, 0xff, 0xf3, 0x0, 0x0, 0x0, 0x0,
    0x0,

    /* U+00FE "þ" */
    0x99, 0x95, 0x0, 0x0, 0x0, 0x0, 0x0, 0x0,
    0x0, 0xff, 0xf9, 0x0, 0x0, 0x0, 0x0, 0x0,
    0x0, 0x0, 0xff, 0xf9, 0x0, 0x0, 0x0, 0x0,
    0x0, 0x0, 0x0, 0xff, 0xf9, 0x0, 0x0, 0x0,
    0x0, 0x0, 0x0, 0x0, 0xff, 0xff, 0xff, 0xff,
    0xff, 0xff, 0xff, 0x60, 0x0, 0xff, 0xff, 0xff,
    0xff, 0xff, 0xff, 0xff, 0x60, 0x0, 0xff, 0xff,
    0xff, 0xff, 0xff, 0xff, 0xff, 0x60, 0x0, 0xff,
    0xfd, 0x99, 0x99, 0x99, 0x99, 0x99, 0x99, 0x99,
    0xff, 0xf9, 0x0, 0x0, 0x0, 0x0, 0x0, 0x9f,
    0xff, 0xff, 0xf9, 0x0, 0x0, 0x0, 0x0, 0x0,
    0x9f, 0xff, 0xff, 0xf9, 0x0, 0x0, 0x0, 0x0,
    0x0, 0x9f, 0xff, 0xff, 0xff, 0xff, 0xff, 0xff,
    0xff, 0xff, 0x60, 0x0, 0xff, 0xff, 0xff, 0xff,
    0xff, 0xff, 0xff, 0x60, 0x0, 0xff, 0xff, 0xff,
    0xff, 0xff, 0xff, 0xff, 0x60, 0x0, 0xff, 0xfd,
    0x99, 0x99, 0x99, 0x99, 0x99, 0x30, 0x0, 0xff,
    0xf9, 0x0, 0x0, 0x0, 0x0, 0x0, 0x0, 0x0,
    0xff, 0xf9, 0x0, 0x0, 0x0, 0x0, 0x0, 0x0,
    0x0, 0xff, 0xf9, 0x0, 0x0, 0x0, 0x0, 0x0,
    0x0, 0x0, 0xff, 0xf9, 0x0, 0x0, 0x0, 0x0,
    0x0, 0x0, 0x0, 0xff, 0xf9, 0x0, 0x0, 0x0,
    0x0, 0x0, 0x0, 0x0, 0xff, 0xf9, 0x0, 0x0,
    0x0, 0x0, 0x0, 0x0, 0x0, 0xff, 0xf9, 0x0,
    0x0, 0x0, 0x0, 0x0, 0x0, 0x0,

    /* U+00FF "ÿ" */
    0x0, 0x6, 0xff, 0xf3, 0x0, 0x3f, 0xff, 0x60,
    0x0, 0x0, 0x6, 0xff, 0xf3, 0x0, 0x3f, 0xff,
    0x60, 0x0, 0x0, 0x6, 0xff, 0xf3, 0x0, 0x3f,
    0xff, 0x60, 0x0, 0x0, 0x3, 0x99, 0x91, 0x0,
    0x19, 0x99, 0x30, 0x0, 0x0, 0x0, 0x0, 0x0,
    0x0, 0x0, 0x0, 0x0, 0x0, 0x0, 0x0, 0x0,
    0x0, 0x0, 0x0, 0x0, 0x0, 0x0, 0x0, 0x0,
    0x0, 0x0, 0x0, 0x0, 0x0, 0x0, 0x0, 0xff,
    0xf9, 0x0, 0x0, 0x0, 0x0, 0x0, 0x9f, 0xff,
    0xff, 0xf9, 0x0, 0x0, 0x0, 0x0, 0x0, 0x9f,
    0xff, 0xff, 0xf9, 0x0, 0x0, 0x0, 0x0, 0x0,
    0x9f, 0xff, 0x99, 0x99, 0x99, 0x91, 0x0, 0x0,
    0x0, 0x9f, 0xff, 0x0, 0x6, 0xff, 0xf3, 0x0,
    0x0, 0x0, 0x9f, 0xff, 0x0, 0x6, 0xff, 0xf3,
    0x0, 0x0, 0x0, 0x9f, 0xff, 0x0, 0x6, 0xff,
    0xf3, 0x0, 0x0, 0x0, 0x9f, 0xff, 0x0, 0x0,
    0x0, 0xc, 0xff, 0xff, 0xff, 0x60, 0x0, 0x0,
    0x0, 0x0, 0xc, 0xff, 0xff, 0xff, 0x60, 0x0,
    0x0, 0x0, 0x0, 0xc, 0xff, 0xff, 0xff, 0x60,
    0x0, 0x0, 0x0, 0x0, 0xc, 0xff, 0xe9, 0x99,
    0x30, 0x0, 0x0, 0x0, 0x0, 0xc, 0xff, 0xc0,
    0x0, 0x0, 0x0, 0x0, 0x0, 0x0, 0xc, 0xff,
    0xc0, 0x0, 0x0, 0x0, 0x0, 0x0, 0x0, 0xc,
    0xff, 0xc0, 0x0, 0x0, 0x0, 0x99, 0x99, 0x99,
    0x97, 0x66, 0x50, 0x0, 0x0, 0x0, 0xff, 0xff,
    0xff, 0xf3, 0x0, 0x0, 0x0, 0x0, 0x0, 0xff,
    0xff, 0xff, 0xf3, 0x0, 0x0, 0x0, 0x0, 0x0,
    0xff, 0xff, 0xff, 0xf3, 0x0, 0x0, 0x0, 0x0,
    0x0,

    /* U+0391 "Α" */
    0x0, 0x6, 0xff, 0xff, 0xff, 0xff, 0xff, 0x60,
    0x0, 0x0, 0x6, 0xff, 0xff, 0xff, 0xff, 0xff,
    0x60, 0x0, 0x0, 0x6, 0xff, 0xff, 0xff, 0xff,
    0xff, 0x60, 0x0, 0xff, 0xfd, 0x99, 0x99, 0x99,
    0x99, 0x99, 0xdf, 0xff, 0xff, 0xf9, 0x0, 0x0,
    0x0, 0x0, 0x0, 0x9f, 0xff, 0xff, 0xf9, 0x0,
    0x0, 0x0, 0x0, 0x0, 0x9f, 0xff, 0xff, 0xf9,
    0x0, 0x0, 0x0, 0x0, 0x0, 0x9f, 0xff, 0xff,
    0xf9, 0x0, 0x0, 0x0, 0x0, 0x0, 0x9f, 0xff,
    0xff, 0xf9, 0x0, 0x0, 0x0, 0x0, 0x0, 0x9f,
    0xff, 0xff, 0xf9, 0x0, 0x0, 0x0, 0x0, 0x0,
    0x9f, 0xff, 0xff, 0xfd, 0x99, 0x99, 0x99, 0x99,
    0x99, 0xdf, 0xff, 0xff, 0xff, 0xff, 0xff, 0xff,
    0xff, 0xff, 0xff, 0xff, 0xff, 0xff, 0xff, 0xff,
    0xff, 0xff, 0xff, 0xff, 0xff, 0xff, 0xff, 0xff,
    0xff, 0xff, 0xff, 0xff, 0xff, 0xff, 0xff, 0xf9,
    0x0, 0x0, 0x0, 0x0, 0x0, 0x9f, 0xff, 0xff,
    0xf9, 0x0, 0x0, 0x0, 0x0, 0x0, 0x9f, 0xff,
    0xff, 0xf9, 0x0, 0x0, 0x0, 0x0, 0x0, 0x9f,
    0xff, 0xff, 0xf9, 0x0, 0x0, 0x0, 0x0, 0x0,
    0x9f, 0xff, 0xff, 0xf9, 0x0, 0x0, 0x0, 0x0,
    0x0, 0x9f, 0xff, 0xff, 0xf9, 0x0, 0x0, 0x0,
    0x0, 0x0, 0x9f, 0xff, 0xff, 0xf9, 0x0, 0x0,
    0x0, 0x0, 0x0, 0x9f, 0xff, 0xff, 0xf9, 0x0,
    0x0, 0x0, 0x0, 0x0, 0x9f, 0xff, 0xff, 0xf9,
    0x0, 0x0, 0x0, 0x0, 0x0, 0x9f, 0xff, 0xff,
    0xf9, 0x0, 0x0, 0x0, 0x0, 0x0, 0x9f, 0xff,
    0xff, 0xf9, 0x0, 0x0, 0x0, 0x0, 0x0, 0x9f,
    0xff,

    /* U+0392 "Β" */
    0xff, 0xff, 0xff, 0xff, 0xff, 0xff, 0xff, 0x60,
    0x0, 0xff, 0xff, 0xff, 0xff, 0xff, 0xff, 0xff,
    0x60, 0x0, 0xff, 0xff, 0xff, 0xff, 0xff, 0xff,
    0xff, 0x60, 0x0, 0xff, 0xfd, 0x99, 0x99, 0x99,
    0x99, 0x99, 0xdf, 0xff, 0xff, 0xf9, 0x0, 0x0,
    0x0, 0x0, 0x0, 0x9f, 0xff, 0xff, 0xf9, 0x0,
    0x0, 0x0, 0x0, 0x0, 0x9f, 0xff, 0xff, 0xf9,
    0x0, 0x0, 0x0, 0x0, 0x0, 0x9f, 0xff, 0xff,
    0xf9, 0x0, 0x0, 0x0, 0x0, 0x0, 0x9f, 0xff,
    0xff, 0xf9, 0x0, 0x0, 0x0, 0x0, 0x0, 0x9f,
    0xff, 0xff, 0xf9, 0x0, 0x0, 0x0, 0x0, 0x0,
    0x9f, 0xff, 0xff, 0xfd, 0x99, 0x99, 0x99, 0x99,
    0x99, 0x53, 0x33, 0xff, 0xff, 0xff, 0xff, 0xff,
    0xff, 0xff, 0x60, 0x0, 0xff, 0xff, 0xff, 0xff,
    0xff, 0xff, 0xff, 0x60, 0x0, 0xff, 0xff, 0xff,
    0xff, 0xff, 0xff, 0xff, 0x60, 0x0, 0xff, 0xf9,
    0x0, 0x0, 0x0, 0x0, 0x0, 0x9f, 0xff, 0xff,
    0xf9, 0x0, 0x0, 0x0, 0x0, 0x0, 0x9f, 0xff,
    0xff, 0xf9, 0x0, 0x0, 0x0, 0x0, 0x0, 0x9f,
    0xff, 0xff, 0xf9, 0x0, 0x0, 0x0, 0x0, 0x0,
    0x9f, 0xff, 0xff, 0xf9, 0x0, 0x0, 0x0, 0x0,
    0x0, 0x9f, 0xff, 0xff, 0xf9, 0x0, 0x0, 0x0,
    0x0, 0x0, 0x9f, 0xff, 0xff, 0xf9, 0x0, 0x0,
    0x0, 0x0, 0x0, 0x9f, 0xff, 0xff, 0xfd, 0x99,
    0x99, 0x99, 0x99, 0x99, 0x53, 0x33, 0xff, 0xff,
    0xff, 0xff, 0xff, 0xff, 0xff, 0x60, 0x0, 0xff,
    0xff, 0xff, 0xff, 0xff, 0xff, 0xff, 0x60, 0x0,
    0xff, 0xff, 0xff, 0xff, 0xff, 0xff, 0xff, 0x60,
    0x0,

    /* U+0393 "Γ" */
    0xff, 0xff, 0xff, 0xff, 0xff, 0xff, 0xff, 0xff,
    0xff, 0xff, 0xff, 0xff, 0xff, 0xff, 0xff, 0xff,
    0xff, 0xff, 0xff, 0xff, 0xff, 0xff, 0xff, 0xff,
    0xff, 0xff, 0xff, 0x99, 0x9c, 0xff, 0xfb, 0x99,
    0x99, 0x99, 0xdf, 0xff, 0x0, 0x6, 0xff, 0xf3,
    0x0, 0x0, 0x0, 0x9f, 0xff, 0x0, 0x6, 0xff,
    0xf3, 0x0, 0x0, 0x0, 0x9f, 0xff, 0x0, 0x6,
    0xff, 0xf3, 0x0, 0x0, 0x0, 0x9f, 0xff, 0x0,
    0x6, 0xff, 0xf3, 0x0, 0x0, 0x0, 0x12, 0x22,
    0x0, 0x6, 0xff, 0xf3, 0x0, 0x0, 0x0, 0x0,
    0x0, 0x0, 0x6, 0xff, 0xf3, 0x0, 0x0, 0x0,
    0x0, 0x0, 0x0, 0x6, 0xff, 0xf3, 0x0, 0x0,
    0x0, 0x0, 0x0, 0x0, 0x6, 0xff, 0xf3, 0x0,
    0x0, 0x0, 0x0, 0x0, 0x0, 0x6, 0xff, 0xf3,
    0x0, 0x0, 0x0, 0x0, 0x0, 0x0, 0x6, 0xff,
    0xf3, 0x0, 0x0, 0x0, 0x0, 0x0, 0x0, 0x6,
    0xff, 0xf3, 0x0, 0x0, 0x0, 0x0, 0x0, 0x0,
    0x6, 0xff, 0xf3, 0x0, 0x0, 0x0, 0x0, 0x0,
    0x0, 0x6, 0xff, 0xf3, 0x0, 0x0, 0x0, 0x0,
    0x0, 0x0, 0x6, 0xff, 0xf3, 0x0, 0x0, 0x0,
    0x0, 0x0, 0x0, 0x6, 0xff, 0xf3, 0x0, 0x0,
    0x0, 0x0, 0x0, 0x0, 0x6, 0xff, 0xf3, 0x0,
    0x0, 0x0, 0x0, 0x0, 0x0, 0x6, 0xff, 0xf3,
    0x0, 0x0, 0x0, 0x0, 0x0, 0x0, 0x6, 0xff,
    0xf3, 0x0, 0x0, 0x0, 0x0, 0x0, 0x0, 0x6,
    0xff, 0xf3, 0x0, 0x0, 0x0, 0x0, 0x0, 0x0,
    0x6, 0xff, 0xf3, 0x0, 0x0, 0x0, 0x0, 0x0,
    0x0, 0x6, 0xff, 0xf3, 0x0, 0x0, 0x0, 0x0,
    0x0,

    /* U+0394 "Δ" */
    0x0, 0x0, 0x0, 0x0, 0x0, 0x0, 0x0, 0x9f,
    0xff, 0x0, 0x0, 0x0, 0x0, 0x0, 0x0, 0x0,
    0x9f, 0xff, 0x0, 0x0, 0x0, 0x0, 0x0, 0x0,
    0x0, 0x9f, 0xff, 0x0, 0x0, 0x0, 0x0, 0x0,
    0x0, 0x0, 0x9f, 0xff, 0x0, 0x0, 0x0, 0x0,
    0x0, 0x3f, 0xff, 0xff, 0xff, 0x0, 0x0, 0x0,
    0x0, 0x0, 0x3f, 0xff, 0xff, 0xff, 0x0, 0x0,
    0x0, 0x0, 0x0, 0x3f, 0xff, 0xff, 0xff, 0x0,
    0x0, 0x0, 0x7, 0x99, 0x99, 0x99, 0xdf, 0xff,
    0x0, 0x0, 0x0, 0xc, 0xff, 0xc0, 0x0, 0x9f,
    0xff, 0x0, 0x0, 0x0, 0xc, 0xff, 0xc0, 0x0,
    0x9f, 0xff, 0x0, 0x0, 0x0, 0xc, 0xff, 0xc0,
    0x0, 0x9f, 0xff, 0x0, 0x6, 0xff, 0xf3, 0x0,
    0x0, 0x0, 0x9f, 0xff, 0x0, 0x6, 0xff, 0xf3,
    0x0, 0x0, 0x0, 0x9f, 0xff, 0x0, 0x6, 0xff,
    0xf3, 0x0, 0x0, 0x0, 0x9f, 0xff, 0x66, 0x67,
    0x99, 0x91, 0x0, 0x0, 0x0, 0x9f, 0xff, 0xff,
    0xf9, 0x0, 0x0, 0x0, 0x0, 0x0, 0x9f, 0xff,
    0xff, 0xf9, 0x0, 0x0, 0x0, 0x0, 0x0, 0x9f,
    0xff, 0xff, 0xf9, 0x0, 0x0, 0x0, 0x0, 0x0,
    0x9f, 0xff, 0xff, 0xfd, 0x99, 0x99, 0x99, 0x99,
    0x99, 0xdf, 0xff, 0xff, 0xff, 0xff, 0xff, 0xff,
    0xff, 0xff, 0xff, 0xff, 0xff, 0xff, 0xff, 0xff,
    0xff, 0xff, 0xff, 0xff, 0xff, 0xff, 0xff, 0xff,
    0xff, 0xff, 0xff, 0xff, 0xff, 0xff,

    /* U+0395 "Ε" */
    0xff, 0xff, 0xff, 0xff, 0xff, 0xff, 0xff, 0xff,
    0xff, 0xff, 0xff, 0xff, 0xff, 0xff, 0xff, 0xff,
    0xff, 0xff, 0xff, 0xff, 0xff, 0xff, 0xff, 0xff,
    0xff, 0xff, 0xff, 0xff, 0xfd, 0x99, 0x99, 0x99,
    0x99, 0x99, 0x99, 0x99, 0xff, 0xf9, 0x0, 0x0,
    0x0, 0x0, 0x0, 0x0, 0x0, 0xff, 0xf9, 0x0,
    0x0, 0x0, 0x0, 0x0, 0x0, 0x0, 0xff, 0xf9,
    0x0, 0x0, 0x0, 0x0, 0x0, 0x0, 0x0, 0xff,
    0xf9, 0x0, 0x0, 0x0, 0x0, 0x0, 0x0, 0x0,
    0xff, 0xf9, 0x0, 0x0, 0x0, 0x0, 0x0, 0x0,
    0x0, 0xff, 0xf9, 0x0, 0x0, 0x0, 0x0, 0x0,
    0x0, 0x0, 0xff, 0xfd, 0x99, 0x99, 0x99, 0x99,
    0x99, 0x30, 0x0, 0xff, 0xff, 0xff, 0xff, 0xff,
    0xff, 0xff, 0x60, 0x0, 0xff, 0xff, 0xff, 0xff,
    0xff, 0xff, 0xff, 0x60, 0x0, 0xff, 0xff, 0xff,
    0xff, 0xff, 0xff, 0xff, 0x60, 0x0, 0xff, 0xf9,
    0x0, 0x0, 0x0, 0x0, 0x0, 0x0, 0x0, 0xff,
    0xf9, 0x0, 0x0, 0x0, 0x0, 0x0, 0x0, 0x0,
    0xff, 0xf9, 0x0, 0x0, 0x0, 0x0, 0x0, 0x0,
    0x0, 0xff, 0xf9, 0x0, 0x0, 0x0, 0x0, 0x0,
    0x0, 0x0, 0xff, 0xf9, 0x0, 0x0, 0x0, 0x0,
    0x0, 0x0, 0x0, 0xff, 0xf9, 0x0, 0x0, 0x0,
    0x0, 0x0, 0x0, 0x0, 0xff, 0xf9, 0x0, 0x0,
    0x0, 0x0, 0x0, 0x0, 0x0, 0xff, 0xfd, 0x99,
    0x99, 0x99, 0x99, 0x99, 0x99, 0x99, 0xff, 0xff,
    0xff, 0xff, 0xff, 0xff, 0xff, 0xff, 0xff, 0xff,
    0xff, 0xff, 0xff, 0xff, 0xff, 0xff, 0xff, 0xff,
    0xff, 0xff, 0xff, 0xff, 0xff, 0xff, 0xff, 0xff,
    0xff,

    /* U+0396 "Ζ" */
    0xff, 0xff, 0xff, 0xff, 0xff, 0xff, 0xff, 0xff,
    0xff, 0xff, 0xff, 0xff, 0xff, 0xff, 0xff, 0xff,
    0xff, 0xff, 0xff, 0xff, 0xff, 0xff, 0xff, 0xff,
    0xff, 0xff, 0xff, 0x99, 0x99, 0x99, 0x99, 0x99,
    0x99, 0x99, 0xdf, 0xff, 0x0, 0x0, 0x0, 0x0,
    0x0, 0x0, 0x0, 0x9f, 0xff, 0x0, 0x0, 0x0,
    0x0, 0x0, 0x0, 0x0, 0x9f, 0xff, 0x0, 0x0,
    0x0, 0x0, 0x0, 0x0, 0x0, 0x9f, 0xff, 0x0,
    0x0, 0x0, 0x0, 0x0, 0x3f, 0xff, 0x60, 0x0,
    0x0, 0x0, 0x0, 0x0, 0x0, 0x3f, 0xff, 0x60,
    0x0, 0x0, 0x0, 0x0, 0x0, 0x0, 0x3f, 0xff,
    0x60, 0x0, 0x0, 0x0, 0x0, 0x7, 0x99, 0x99,
    0x99, 0x30, 0x0, 0x0, 0x0, 0x0, 0xc, 0xff,
    0xc0, 0x0, 0x0, 0x0, 0x0, 0x0, 0x0, 0xc,
    0xff, 0xc0, 0x0, 0x0, 0x0, 0x0, 0x0, 0x0,
    0xc, 0xff, 0xc0, 0x0, 0x0, 0x0, 0x0, 0x6,
    0xff, 0xf3, 0x0, 0x0, 0x0, 0x0, 0x0, 0x0,
    0x6, 0xff, 0xf3, 0x0, 0x0, 0x0, 0x0, 0x0,
    0x0, 0x6, 0xff, 0xf3, 0x0, 0x0, 0x0, 0x0,
    0x0, 0x66, 0x67, 0x99, 0x91, 0x0, 0x0, 0x0,
    0x0, 0x0, 0xff, 0xf9, 0x0, 0x0, 0x0, 0x0,
    0x0, 0x0, 0x0, 0xff, 0xf9, 0x0, 0x0, 0x0,
    0x0, 0x0, 0x0, 0x0, 0xff, 0xf9, 0x0, 0x0,
    0x0, 0x0, 0x0, 0x0, 0x0, 0xff, 0xfd, 0x99,
    0x99, 0x99, 0x99, 0x99, 0x99, 0x99, 0xff, 0xff,
    0xff, 0xff, 0xff, 0xff, 0xff, 0xff, 0xff, 0xff,
    0xff, 0xff, 0xff, 0xff, 0xff, 0xff, 0xff, 0xff,
    0xff, 0xff, 0xff, 0xff, 0xff, 0xff, 0xff, 0xff,
    0xff,

    /* U+0397 "Η" */
    0xff, 0xf9, 0x0, 0x0, 0x0, 0x0, 0x0, 0x9f,
    0xff, 0xff, 0xf9, 0x0, 0x0, 0x0, 0x0, 0x0,
    0x9f, 0xff, 0xff, 0xf9, 0x0, 0x0, 0x0, 0x0,
    0x0, 0x9f, 0xff, 0xff, 0xf9, 0x0, 0x0, 0x0,
    0x0, 0x0, 0x9f, 0xff, 0xff, 0xf9, 0x0, 0x0,
    0x0, 0x0, 0x0, 0x9f, 0xff, 0xff, 0xf9, 0x0,
    0x0, 0x0, 0x0, 0x0, 0x9f, 0xff, 0xff, 0xf9,
    0x0, 0x0, 0x0, 0x0, 0x0, 0x9f, 0xff, 0xff,
    0xf9, 0x0, 0x0, 0x0, 0x0, 0x0, 0x9f, 0xff,
    0xff, 0xf9, 0x0, 0x0, 0x0, 0x0, 0x0, 0x9f,
    0xff, 0xff, 0xf9, 0x0, 0x0, 0x0, 0x0, 0x0,
    0x9f, 0xff, 0xff, 0xfd, 0x99, 0x99, 0x99, 0x99,
    0x99, 0xdf, 0xff, 0xff, 0xff, 0xff, 0xff, 0xff,
    0xff, 0xff, 0xff, 0xff, 0xff, 0xff, 0xff, 0xff,
    0xff, 0xff, 0xff, 0xff, 0xff, 0xff, 0xff, 0xff,
    0xff, 0xff, 0xff, 0xff, 0xff, 0xff, 0xff, 0xf9,
    0x0, 0x0, 0x0, 0x0, 0x0, 0x9f, 0xff, 0xff,
    0xf9, 0x0, 0x0, 0x0, 0x0, 0x0, 0x9f, 0xff,
    0xff, 0xf9, 0x0, 0x0, 0x0, 0x0, 0x0, 0x9f,
    0xff, 0xff, 0xf9, 0x0, 0x0, 0x0, 0x0, 0x0,
    0x9f, 0xff, 0xff, 0xf9, 0x0, 0x0, 0x0, 0x0,
    0x0, 0x9f, 0xff, 0xff, 0xf9, 0x0, 0x0, 0x0,
    0x0, 0x0, 0x9f, 0xff, 0xff, 0xf9, 0x0, 0x0,
    0x0, 0x0, 0x0, 0x9f, 0xff, 0xff, 0xf9, 0x0,
    0x0, 0x0, 0x0, 0x0, 0x9f, 0xff, 0xff, 0xf9,
    0x0, 0x0, 0x0, 0x0, 0x0, 0x9f, 0xff, 0xff,
    0xf9, 0x0, 0x0, 0x0, 0x0, 0x0, 0x9f, 0xff,
    0xff, 0xf9, 0x0, 0x0, 0x0, 0x0, 0x0, 0x9f,
    0xff,

    /* U+0398 "Θ" */
    0x0, 0x6, 0xff, 0xff, 0xff, 0xff, 0xff, 0x60,
    0x0, 0x0, 0x6, 0xff, 0xff, 0xff, 0xff, 0xff,
    0x60, 0x0, 0x0, 0x6, 0xff, 0xff, 0xff, 0xff,
    0xff, 0x60, 0x0, 0xff, 0xfd, 0x99, 0x99, 0x99,
    0x99, 0x99, 0xdf, 0xff, 0xff, 0xf9, 0x0, 0x0,
    0x0, 0x0, 0x0, 0x9f, 0xff, 0xff, 0xf9, 0x0,
    0x0, 0x0, 0x0, 0x0, 0x9f, 0xff, 0xff, 0xf9,
    0x0, 0x0, 0x0, 0x0, 0x0, 0x9f, 0xff, 0xff,
    0xf9, 0x0, 0x0, 0x0, 0x0, 0x0, 0x9f, 0xff,
    0xff, 0xf9, 0x0, 0x0, 0x0, 0x0, 0x0, 0x9f,
    0xff, 0xff, 0xf9, 0x0, 0x0, 0x0, 0x0, 0x0,
    0x9f, 0xff, 0xff, 0xfd, 0x99, 0x99, 0x99, 0x99,
    0x99, 0xdf, 0xff, 0xff, 0xff, 0xff, 0xff, 0xff,
    0xff, 0xff, 0xff, 0xff, 0xff, 0xff, 0xff, 0xff,
    0xff, 0xff, 0xff, 0xff, 0xff, 0xff, 0xff, 0xff,
    0xff, 0xff, 0xff, 0xff, 0xff, 0xff, 0xff, 0xf9,
    0x0, 0x0, 0x0, 0x0, 0x0, 0x9f, 0xff, 0xff,
    0xf9, 0x0, 0x0, 0x0, 0x0, 0x0, 0x9f, 0xff,
    0xff, 0xf9, 0x0, 0x0, 0x0, 0x0, 0x0, 0x9f,
    0xff, 0xff, 0xf9, 0x0, 0x0, 0x0, 0x0, 0x0,
    0x9f, 0xff, 0xff, 0xf9, 0x0, 0x0, 0x0, 0x0,
    0x0, 0x9f, 0xff, 0xff, 0xf9, 0x0, 0x0, 0x0,
    0x0, 0x0, 0x9f, 0xff, 0xff, 0xf9, 0x0, 0x0,
    0x0, 0x0, 0x0, 0x9f, 0xff, 0x0, 0x3, 0x99,
    0x99, 0x99, 0x99, 0x99, 0x30, 0x0, 0x0, 0x6,
    0xff, 0xff, 0xff, 0xff, 0xff, 0x60, 0x0, 0x0,
    0x6, 0xff, 0xff, 0xff, 0xff, 0xff, 0x60, 0x0,
    0x0, 0x6, 0xff, 0xff, 0xff, 0xff, 0xff, 0x60,
    0x0,

    /* U+0399 "Ι" */
    0x6f, 0xff, 0xff, 0xff, 0xff, 0xf6, 0x6f, 0xff,
    0xff, 0xff, 0xff, 0xf6, 0x6f, 0xff, 0xff, 0xff,
    0xff, 0xf6, 0x39, 0x99, 0xef, 0xfe, 0x99, 0x93,
    0x0, 0x0, 0xcf, 0xfc, 0x0, 0x0, 0x0, 0x0,
    0xcf, 0xfc, 0x0, 0x0, 0x0, 0x0, 0xcf, 0xfc,
    0x0, 0x0, 0x0, 0x0, 0xcf, 0xfc, 0x0, 0x0,
    0x0, 0x0, 0xcf, 0xfc, 0x0, 0x0, 0x0, 0x0,
    0xcf, 0xfc, 0x0, 0x0, 0x0, 0x0, 0xcf, 0xfc,
    0x0, 0x0, 0x0, 0x0, 0xcf, 0xfc, 0x0, 0x0,
    0x0, 0x0, 0xcf, 0xfc, 0x0, 0x0, 0x0, 0x0,
    0xcf, 0xfc, 0x0, 0x0, 0x0, 0x0, 0xcf, 0xfc,
    0x0, 0x0, 0x0, 0x0, 0xcf, 0xfc, 0x0, 0x0,
    0x0, 0x0, 0xcf, 0xfc, 0x0, 0x0, 0x0, 0x0,
    0xcf, 0xfc, 0x0, 0x0, 0x0, 0x0, 0xcf, 0xfc,
    0x0, 0x0, 0x0, 0x0, 0xcf, 0xfc, 0x0, 0x0,
    0x0, 0x0, 0xcf, 0xfc, 0x0, 0x0, 0x39, 0x99,
    0xef, 0xfe, 0x99, 0x93, 0x6f, 0xff, 0xff, 0xff,
    0xff, 0xf6, 0x6f, 0xff, 0xff, 0xff, 0xff, 0xf6,
    0x6f, 0xff, 0xff, 0xff, 0xff, 0xf6,

    /* U+039A "Κ" */
    0xff, 0xf9, 0x0, 0x0, 0x0, 0x0, 0x0, 0x9f,
    0xff, 0xff, 0xf9, 0x0, 0x0, 0x0, 0x0, 0x0,
    0x9f, 0xff, 0xff, 0xf9, 0x0, 0x0, 0x0, 0x0,
    0x0, 0x9f, 0xff, 0xff, 0xf9, 0x0, 0x0, 0x0,
    0x3f, 0xff, 0xc9, 0x99, 0xff, 0xf9, 0x0, 0x0,
    0x0, 0x3f, 0xff, 0x60, 0x0, 0xff, 0xf9, 0x0,
    0x0, 0x0, 0x3f, 0xff, 0x60, 0x0, 0xff, 0xf9,
    0x0, 0x0, 0x0, 0x19, 0x99, 0x30, 0x0, 0xff,
    0xf9, 0x0, 0xc, 0xff, 0xc0, 0x0, 0x0, 0x0,
    0xff, 0xf9, 0x0, 0xc, 0xff, 0xc0, 0x0, 0x0,
    0x0, 0xff, 0xf9, 0x0, 0xc, 0xff, 0xc0, 0x0,
    0x0, 0x0, 0xff, 0xfd, 0x99, 0x99, 0x99, 0x70,
    0x0, 0x0, 0x0, 0xff, 0xff, 0xff, 0xf3, 0x0,
    0x0, 0x0, 0x0, 0x0, 0xff, 0xff, 0xff, 0xf3,
    0x0, 0x0, 0x0, 0x0, 0x0, 0xff, 0xff, 0xff,
    0xf3, 0x0, 0x0, 0x0, 0x0, 0x0, 0xff, 0xf9,
    0x0, 0xc, 0xff, 0xc0, 0x0, 0x0, 0x0, 0xff,
    0xf9, 0x0, 0xc, 0xff, 0xc0, 0x0, 0x0, 0x0,
    0xff, 0xf9, 0x0, 0xc, 0xff, 0xc0, 0x0, 0x0,
    0x0, 0xff, 0xf9, 0x0, 0x7, 0x99, 0x70, 0x0,
    0x0, 0x0, 0xff, 0xf9, 0x0, 0x0, 0x0, 0x3f,
    0xff, 0x60, 0x0, 0xff, 0xf9, 0x0, 0x0, 0x0,
    0x3f, 0xff, 0x60, 0x0, 0xff, 0xf9, 0x0, 0x0,
    0x0, 0x3f, 0xff, 0x60, 0x0, 0xff, 0xf9, 0x0,
    0x0, 0x0, 0x16, 0x66, 0x89, 0x99, 0xff, 0xf9,
    0x0, 0x0, 0x0, 0x0, 0x0, 0x9f, 0xff, 0xff,
    0xf9, 0x0, 0x0, 0x0, 0x0, 0x0, 0x9f, 0xff,
    0xff, 0xf9, 0x0, 0x0, 0x0, 0x0, 0x0, 0x9f,
    0xff,

    /* U+039B "Λ" */
    0x0, 0x0, 0x0, 0xc, 0xff, 0xc0, 0x0, 0x0,
    0x0, 0x0, 0x0, 0x0, 0xc, 0xff, 0xc0, 0x0,
    0x0, 0x0, 0x0, 0x0, 0x0, 0xc, 0xff, 0xc0,
    0x0, 0x0, 0x0, 0x0, 0x6, 0xff, 0xfb, 0x99,
    0xbf, 0xff, 0x60, 0x0, 0x0, 0x6, 0xff, 0xf3,
    0x0, 0x3f, 0xff, 0x60, 0x0, 0x0, 0x6, 0xff,
    0xf3, 0x0, 0x3f, 0xff, 0x60, 0x0, 0x0, 0x6,
    0xff, 0xf3, 0x0, 0x3f, 0xff, 0x60, 0x0, 0x0,
    0x6, 0xff, 0xf3, 0x0, 0x3f, 0xff, 0x60, 0x0,
    0x0, 0x6, 0xff, 0xf3, 0x0, 0x3f, 0xff, 0x60,
    0x0, 0x0, 0x6, 0xff, 0xf3, 0x0, 0x3f, 0xff,
    0x60, 0x0, 0x66, 0x65, 0x33, 0x30, 0x0, 0x3,
    0x33, 0x56, 0x66, 0xff, 0xf9, 0x0, 0x0, 0x0,
    0x0, 0x0, 0x9f, 0xff, 0xff, 0xf9, 0x0, 0x0,
    0x0, 0x0, 0x0, 0x9f, 0xff, 0xff, 0xf9, 0x0,
    0x0, 0x0, 0x0, 0x0, 0x9f, 0xff, 0xff, 0xf9,
    0x0, 0x0, 0x0, 0x0, 0x0, 0x9f, 0xff, 0xff,
    0xf9, 0x0, 0x0, 0x0, 0x0, 0x0, 0x9f, 0xff,
    0xff, 0xf9, 0x0, 0x0, 0x0, 0x0, 0x0, 0x9f,
    0xff, 0xff, 0xf9, 0x0, 0x0, 0x0, 0x0, 0x0,
    0x9f, 0xff, 0xff, 0xf9, 0x0, 0x0, 0x0, 0x0,
    0x0, 0x9f, 0xff, 0xff, 0xf9, 0x0, 0x0, 0x0,
    0x0, 0x0, 0x9f, 0xff, 0xff, 0xf9, 0x0, 0x0,
    0x0, 0x0, 0x0, 0x9f, 0xff, 0xff, 0xf9, 0x0,
    0x0, 0x0, 0x0, 0x0, 0x9f, 0xff, 0xff, 0xf9,
    0x0, 0x0, 0x0, 0x0, 0x0, 0x9f, 0xff, 0xff,
    0xf9, 0x0, 0x0, 0x0, 0x0, 0x0, 0x9f, 0xff,
    0xff, 0xf9, 0x0, 0x0, 0x0, 0x0, 0x0, 0x9f,
    0xff,

    /* U+039C "Μ" */
    0xff, 0xf9, 0x0, 0x0, 0x0, 0x0, 0x0, 0x9f,
    0xff, 0xff, 0xf9, 0x0, 0x0, 0x0, 0x0, 0x0,
    0x9f, 0xff, 0xff, 0xf9, 0x0, 0x0, 0x0, 0x0,
    0x0, 0x9f, 0xff, 0xff, 0xff, 0xff, 0xf3, 0x0,
    0x3f, 0xff, 0xff, 0xff, 0xff, 0xff, 0xff, 0xf3,
    0x0, 0x3f, 0xff, 0xff, 0xff, 0xff, 0xff, 0xff,
    0xf3, 0x0, 0x3f, 0xff, 0xff, 0xff, 0xff, 0xfd,
    0x99, 0x91, 0x0, 0x19, 0x99, 0xdf, 0xff, 0xff,
    0xf9, 0x0, 0xc, 0xff, 0xc0, 0x0, 0x9f, 0xff,
    0xff, 0xf9, 0x0, 0xc, 0xff, 0xc0, 0x0, 0x9f,
    0xff, 0xff, 0xf9, 0x0, 0xc, 0xff, 0xc0, 0x0,
    0x9f, 0xff, 0xff, 0xf9, 0x0, 0xc, 0xff, 0xc0,
    0x0, 0x9f, 0xff, 0xff, 0xf9, 0x0, 0xc, 0xff,
    0xc0, 0x0, 0x9f, 0xff, 0xff, 0xf9, 0x0, 0xc,
    0xff, 0xc0, 0x0, 0x9f, 0xff, 0xff, 0xf9, 0x0,
    0xc, 0xff, 0xc0, 0x0, 0x9f, 0xff, 0xff, 0xf9,
    0x0, 0x2, 0x33, 0x20, 0x0, 0x9f, 0xff, 0xff,
    0xf9, 0x0, 0x0, 0x0, 0x0, 0x0, 0x9f, 0xff,
    0xff, 0xf9, 0x0, 0x0, 0x0, 0x0, 0x0, 0x9f,
    0xff, 0xff, 0xf9, 0x0, 0x0, 0x0, 0x0, 0x0,
    0x9f, 0xff, 0xff, 0xf9, 0x0, 0x0, 0x0, 0x0,
    0x0, 0x9f, 0xff, 0xff, 0xf9, 0x0, 0x0, 0x0,
    0x0, 0x0, 0x9f, 0xff, 0xff, 0xf9, 0x0, 0x0,
    0x0, 0x0, 0x0, 0x9f, 0xff, 0xff, 0xf9, 0x0,
    0x0, 0x0, 0x0, 0x0, 0x9f, 0xff, 0xff, 0xf9,
    0x0, 0x0, 0x0, 0x0, 0x0, 0x9f, 0xff, 0xff,
    0xf9, 0x0, 0x0, 0x0, 0x0, 0x0, 0x9f, 0xff,
    0xff, 0xf9, 0x0, 0x0, 0x0, 0x0, 0x0, 0x9f,
    0xff,

    /* U+039D "Ν" */
    0xff, 0xf9, 0x0, 0x0, 0x0, 0x0, 0x0, 0x9f,
    0xff, 0xff, 0xf9, 0x0, 0x0, 0x0, 0x0, 0x0,
    0x9f, 0xff, 0xff, 0xf9, 0x0, 0x0, 0x0, 0x0,
    0x0, 0x9f, 0xff, 0xff, 0xf9, 0x0, 0x0, 0x0,
    0x0, 0x0, 0x9f, 0xff, 0xff, 0xf9, 0x0, 0x0,
    0x0, 0x0, 0x0, 0x9f, 0xff, 0xff, 0xf9, 0x0,
    0x0, 0x0, 0x0, 0x0, 0x9f, 0xff, 0xff, 0xf9,
    0x0, 0x0, 0x0, 0x0, 0x0, 0x9f, 0xff, 0xff,
    0xff, 0xff, 0xf3, 0x0, 0x0, 0x0, 0x9f, 0xff,
    0xff, 0xff, 0xff, 0xf3, 0x0, 0x0, 0x0, 0x9f,
    0xff, 0xff, 0xff, 0xff, 0xf3, 0x0, 0x0, 0x0,
    0x9f, 0xff, 0xff, 0xfd, 0x99, 0x99, 0x99, 0x70,
    0x0, 0x9f, 0xff, 0xff, 0xf9, 0x0, 0xc, 0xff,
    0xc0, 0x0, 0x9f, 0xff, 0xff, 0xf9, 0x0, 0xc,
    0xff, 0xc0, 0x0, 0x9f, 0xff, 0xff, 0xf9, 0x0,
    0xc, 0xff, 0xc0, 0x0, 0x9f, 0xff, 0xff, 0xf9,
    0x0, 0x0, 0x0, 0x3f, 0xff, 0xff, 0xff, 0xff,
    0xf9, 0x0, 0x0, 0x0, 0x3f, 0xff, 0xff, 0xff,
    0xff, 0xf9, 0x0, 0x0, 0x0, 0x3f, 0xff, 0xff,
    0xff, 0xff, 0xf9, 0x0, 0x0, 0x0, 0x19, 0x99,
    0xdf, 0xff, 0xff, 0xf9, 0x0, 0x0, 0x0, 0x0,
    0x0, 0x9f, 0xff, 0xff, 0xf9, 0x0, 0x0, 0x0,
    0x0, 0x0, 0x9f, 0xff, 0xff, 0xf9, 0x0, 0x0,
    0x0, 0x0, 0x0, 0x9f, 0xff, 0xff, 0xf9, 0x0,
    0x0, 0x0, 0x0, 0x0, 0x9f, 0xff, 0xff, 0xf9,
    0x0, 0x0, 0x0, 0x0, 0x0, 0x9f, 0xff, 0xff,
    0xf9, 0x0, 0x0, 0x0, 0x0, 0x0, 0x9f, 0xff,
    0xff, 0xf9, 0x0, 0x0, 0x0, 0x0, 0x0, 0x9f,
    0xff,

    /* U+039E "Ξ" */
    0xff, 0xff, 0xff, 0xff, 0xff, 0xff, 0xff, 0xff,
    0xff, 0xff, 0xff, 0xff, 0xff, 0xff, 0xff, 0xff,
    0xff, 0xff, 0xff, 0xff, 0xff, 0xff, 0xff, 0xff,
    0xff, 0xff, 0xff, 0xff, 0xfd, 0x99, 0x99, 0x99,
    0x99, 0x99, 0xdf, 0xff, 0xff, 0xf9, 0x0, 0x0,
    0x0, 0x0, 0x0, 0x9f, 0xff, 0xff, 0xf9, 0x0,
    0x0, 0x0, 0x0, 0x0, 0x9f, 0xff, 0xff, 0xf9,
    0x0, 0x0, 0x0, 0x0, 0x0, 0x9f, 0xff, 0x0,
    0x0, 0x0, 0x0, 0x0, 0x0, 0x0, 0x0, 0x0,
    0x0, 0x0, 0x0, 0x0, 0x0, 0x0, 0x0, 0x0,
    0x0, 0x0, 0x0, 0x0, 0x0, 0x0, 0x0, 0x0,
    0x0, 0x0, 0x0, 0x3, 0x99, 0x99, 0x99, 0x99,
    0x99, 0x30, 0x0, 0x0, 0x6, 0xff, 0xff, 0xff,
    0xff, 0xff, 0x60, 0x0, 0x0, 0x6, 0xff, 0xff,
    0xff, 0xff, 0xff, 0x60, 0x0, 0x0, 0x6, 0xff,
    0xff, 0xff, 0xff, 0xff, 0x60, 0x0, 0x0, 0x0,
    0x0, 0x0, 0x0, 0x0, 0x0, 0x0, 0x0, 0x0,
    0x0, 0x0, 0x0, 0x0, 0x0, 0x0, 0x0, 0x0,
    0x0, 0x0, 0x0, 0x0, 0x0, 0x0, 0x0, 0x0,
    0x0, 0x55, 0x52, 0x0, 0x0, 0x0, 0x0, 0x0,
    0x25, 0x55, 0xff, 0xf9, 0x0, 0x0, 0x0, 0x0,
    0x0, 0x9f, 0xff, 0xff, 0xf9, 0x0, 0x0, 0x0,
    0x0, 0x0, 0x9f, 0xff, 0xff, 0xf9, 0x0, 0x0,
    0x0, 0x0, 0x0, 0x9f, 0xff, 0xff, 0xfd, 0x99,
    0x99, 0x99, 0x99, 0x99, 0xdf, 0xff, 0xff, 0xff,
    0xff, 0xff, 0xff, 0xff, 0xff, 0xff, 0xff, 0xff,
    0xff, 0xff, 0xff, 0xff, 0xff, 0xff, 0xff, 0xff,
    0xff, 0xff, 0xff, 0xff, 0xff, 0xff, 0xff, 0xff,
    0xff,

    /* U+039F "Ο" */
    0x0, 0x6, 0xff, 0xff, 0xff, 0xff, 0xff, 0x60,
    0x0, 0x0, 0x6, 0xff, 0xff, 0xff, 0xff, 0xff,
    0x60, 0x0, 0x0, 0x6, 0xff, 0xff, 0xff, 0xff,
    0xff, 0x60, 0x0, 0xff, 0xfd, 0x99, 0x99, 0x99,
    0x99, 0x99, 0xdf, 0xff, 0xff, 0xf9, 0x0, 0x0,
    0x0, 0x0, 0x0, 0x9f, 0xff, 0xff, 0xf9, 0x0,
    0x0, 0x0, 0x0, 0x0, 0x9f, 0xff, 0xff, 0xf9,
    0x0, 0x0, 0x0, 0x0, 0x0, 0x9f, 0xff, 0xff,
    0xf9, 0x0, 0x0, 0x0, 0x0, 0x0, 0x9f, 0xff,
    0xff, 0xf9, 0x0, 0x0, 0x0, 0x0, 0x0, 0x9f,
    0xff, 0xff, 0xf9, 0x0, 0x0, 0x0, 0x0, 0x0,
    0x9f, 0xff, 0xff, 0xf9, 0x0, 0x0, 0x0, 0x0,
    0x0, 0x9f, 0xff, 0xff, 0xf9, 0x0, 0x0, 0x0,
    0x0, 0x0, 0x9f, 0xff, 0xff, 0xf9, 0x0, 0x0,
    0x0, 0x0, 0x0, 0x9f, 0xff, 0xff, 0xf9, 0x0,
    0x0, 0x0, 0x0, 0x0, 0x9f, 0xff, 0xff, 0xf9,
    0x0, 0x0, 0x0, 0x0, 0x0, 0x9f, 0xff, 0xff,
    0xf9, 0x0, 0x0, 0x0, 0x0, 0x0, 0x9f, 0xff,
    0xff, 0xf9, 0x0, 0x0, 0x0, 0x0, 0x0, 0x9f,
    0xff, 0xff, 0xf9, 0x0, 0x0, 0x0, 0x0, 0x0,
    0x9f, 0xff, 0xff, 0xf9, 0x0, 0x0, 0x0, 0x0,
    0x0, 0x9f, 0xff, 0xff, 0xf9, 0x0, 0x0, 0x0,
    0x0, 0x0, 0x9f, 0xff, 0xff, 0xf9, 0x0, 0x0,
    0x0, 0x0, 0x0, 0x9f, 0xff, 0x0, 0x3, 0x99,
    0x99, 0x99, 0x99, 0x99, 0x30, 0x0, 0x0, 0x6,
    0xff, 0xff, 0xff, 0xff, 0xff, 0x60, 0x0, 0x0,
    0x6, 0xff, 0xff, 0xff, 0xff, 0xff, 0x60, 0x0,
    0x0, 0x6, 0xff, 0xff, 0xff, 0xff, 0xff, 0x60,
    0x0,

    /* U+03A0 "Π" */
    0xff, 0xff, 0xff, 0xff, 0xff, 0xff, 0xff, 0xff,
    0xff, 0xff, 0xff, 0xff, 0xff, 0xff, 0xff, 0xff,
    0xff, 0xff, 0xff, 0xff, 0xff, 0xff, 0xff, 0xff,
    0xff, 0xff, 0xff, 0x99, 0x9c, 0xff, 0xfb, 0x99,
    0xbf, 0xff, 0xc9, 0x99, 0x0, 0x6, 0xff, 0xf3,
    0x0, 0x3f, 0xff, 0x60, 0x0, 0x0, 0x6, 0xff,
    0xf3, 0x0, 0x3f, 0xff, 0x60, 0x0, 0x0, 0x6,
    0xff, 0xf3, 0x0, 0x3f, 0xff, 0x60, 0x0, 0x0,
    0x6, 0xff, 0xf3, 0x0, 0x3f, 0xff, 0x60, 0x0,
    0x0, 0x6, 0xff, 0xf3, 0x0, 0x3f, 0xff, 0x60,
    0x0, 0x0, 0x6, 0xff, 0xf3, 0x0, 0x3f, 0xff,
    0x60, 0x0, 0x0, 0x6, 0xff, 0xf3, 0x0, 0x3f,
    0xff, 0x60, 0x0, 0x0, 0x6, 0xff, 0xf3, 0x0,
    0x3f, 0xff, 0x60, 0x0, 0x0, 0x6, 0xff, 0xf3,
    0x0, 0x3f, 0xff, 0x60, 0x0, 0x0, 0x6, 0xff,
    0xf3, 0x0, 0x3f, 0xff, 0x60, 0x0, 0x0, 0x6,
    0xff, 0xf3, 0x0, 0x3f, 0xff, 0x60, 0x0, 0x0,
    0x6, 0xff, 0xf3, 0x0, 0x3f, 0xff, 0x60, 0x0,
    0x0, 0x6, 0xff, 0xf3, 0x0, 0x3f, 0xff, 0x60,
    0x0, 0x0, 0x6, 0xff, 0xf3, 0x0, 0x3f, 0xff,
    0x60, 0x0, 0x0, 0x6, 0xff, 0xf3, 0x0, 0x3f,
    0xff, 0x60, 0x0, 0x0, 0x6, 0xff, 0xf3, 0x0,
    0x3f, 0xff, 0x60, 0x0, 0x0, 0x6, 0xff, 0xf3,
    0x0, 0x3f, 0xff, 0x60, 0x0, 0x0, 0x6, 0xff,
    0xf3, 0x0, 0x3f, 0xff, 0x60, 0x0, 0x0, 0x6,
    0xff, 0xf3, 0x0, 0x3f, 0xff, 0x60, 0x0, 0x0,
    0x6, 0xff, 0xf3, 0x0, 0x3f, 0xff, 0x60, 0x0,
    0x0, 0x6, 0xff, 0xf3, 0x0, 0x3f, 0xff, 0x60,
    0x0,

    /* U+03A1 "Ρ" */
    0xff, 0xff, 0xff, 0xff, 0xff, 0xff, 0xff, 0x60,
    0x0, 0xff, 0xff, 0xff, 0xff, 0xff, 0xff, 0xff,
    0x60, 0x0, 0xff, 0xff, 0xff, 0xff, 0xff, 0xff,
    0xff, 0x60, 0x0, 0xff, 0xfd, 0x99, 0x99, 0x99,
    0x99, 0x99, 0xdf, 0xff, 0xff, 0xf9, 0x0, 0x0,
    0x0, 0x0, 0x0, 0x9f, 0xff, 0xff, 0xf9, 0x0,
    0x0, 0x0, 0x0, 0x0, 0x9f, 0xff, 0xff, 0xf9,
    0x0, 0x0, 0x0, 0x0, 0x0, 0x9f, 0xff, 0xff,
    0xf9, 0x0, 0x0, 0x0, 0x0, 0x0, 0x9f, 0xff,
    0xff, 0xf9, 0x0, 0x0, 0x0, 0x0, 0x0, 0x9f,
    0xff, 0xff, 0xf9, 0x0, 0x0, 0x0, 0x0, 0x0,
    0x9f, 0xff, 0xff, 0xfd, 0x99, 0x99, 0x99, 0x99,
    0x99, 0x53, 0x33, 0xff, 0xff, 0xff, 0xff, 0xff,
    0xff, 0xff, 0x60, 0x0, 0xff, 0xff, 0xff, 0xff,
    0xff, 0xff, 0xff, 0x60, 0x0, 0xff, 0xff, 0xff,
    0xff, 0xff, 0xff, 0xff, 0x60, 0x0, 0xff, 0xf9,
    0x0, 0x0, 0x0, 0x0, 0x0, 0x0, 0x0, 0xff,
    0xf9, 0x0, 0x0, 0x0, 0x0, 0x0, 0x0, 0x0,
    0xff, 0xf9, 0x0, 0x0, 0x0, 0x0, 0x0, 0x0,
    0x0, 0xff, 0xf9, 0x0, 0x0, 0x0, 0x0, 0x0,
    0x0, 0x0, 0xff, 0xf9, 0x0, 0x0, 0x0, 0x0,
    0x0, 0x0, 0x0, 0xff, 0xf9, 0x0, 0x0, 0x0,
    0x0, 0x0, 0x0, 0x0, 0xff, 0xf9, 0x0, 0x0,
    0x0, 0x0, 0x0, 0x0, 0x0, 0xff, 0xf9, 0x0,
    0x0, 0x0, 0x0, 0x0, 0x0, 0x0, 0xff, 0xf9,
    0x0, 0x0, 0x0, 0x0, 0x0, 0x0, 0x0, 0xff,
    0xf9, 0x0, 0x0, 0x0, 0x0, 0x0, 0x0, 0x0,
    0xff, 0xf9, 0x0, 0x0, 0x0, 0x0, 0x0, 0x0,
    0x0,

    /* U+03A3 "Σ" */
    0xff, 0xff, 0xff, 0xff, 0xff, 0xff, 0xff, 0xff,
    0xff, 0xff, 0xff, 0xff, 0xff, 0xff, 0xff, 0xff,
    0xff, 0xff, 0xff, 0xff, 0xff, 0xff, 0xff, 0xff,
    0xff, 0xff, 0xff, 0xff, 0xfd, 0x99, 0x99, 0x99,
    0x99, 0x99, 0xdf, 0xff, 0xff, 0xf9, 0x0, 0x0,
    0x0, 0x0, 0x0, 0x9f, 0xff, 0xff, 0xf9, 0x0,
    0x0, 0x0, 0x0, 0x0, 0x9f, 0xff, 0xff, 0xf9,
    0x0, 0x0, 0x0, 0x0, 0x0, 0x9f, 0xff, 0x0,
    0x6, 0xff, 0xf3, 0x0, 0x0, 0x0, 0x0, 0x0,
    0x0, 0x6, 0xff, 0xf3, 0x0, 0x0, 0x0, 0x0,
    0x0, 0x0, 0x6, 0xff, 0xf3, 0x0, 0x0, 0x0,
    0x0, 0x0, 0x0, 0x3, 0x99, 0x99, 0x99, 0x70,
    0x0, 0x0, 0x0, 0x0, 0x0, 0x0, 0xc, 0xff,
    0xc0, 0x0, 0x0, 0x0, 0x0, 0x0, 0x0, 0xc,
    0xff, 0xc0, 0x0, 0x0, 0x0, 0x0, 0x0, 0x0,
    0xc, 0xff, 0xc0, 0x0, 0x0, 0x0, 0x0, 0x6,
    0xff, 0xf3, 0x0, 0x0, 0x0, 0x0, 0x0, 0x0,
    0x6, 0xff, 0xf3, 0x0, 0x0, 0x0, 0x0, 0x0,
    0x0, 0x6, 0xff, 0xf3, 0x0, 0x0, 0x0, 0x0,
    0x0, 0x66, 0x67, 0x99, 0x91, 0x0, 0x0, 0x0,
    0x36, 0x66, 0xff, 0xf9, 0x0, 0x0, 0x0, 0x0,
    0x0, 0x9f, 0xff, 0xff, 0xf9, 0x0, 0x0, 0x0,
    0x0, 0x0, 0x9f, 0xff, 0xff, 0xf9, 0x0, 0x0,
    0x0, 0x0, 0x0, 0x9f, 0xff, 0xff, 0xfd, 0x99,
    0x99, 0x99, 0x99, 0x99, 0xdf, 0xff, 0xff, 0xff,
    0xff, 0xff, 0xff, 0xff, 0xff, 0xff, 0xff, 0xff,
    0xff, 0xff, 0xff, 0xff, 0xff, 0xff, 0xff, 0xff,
    0xff, 0xff, 0xff, 0xff, 0xff, 0xff, 0xff, 0xff,
    0xff,

    /* U+03A4 "Τ" */
    0xff, 0xff, 0xff, 0xff, 0xff, 0xff, 0xff, 0xff,
    0xff, 0xff, 0xff, 0xff, 0xff, 0xff, 0xff, 0xff,
    0xff, 0xff, 0xff, 0xff, 0xff, 0xff, 0xff, 0xff,
    0xff, 0xff, 0xff, 0x99, 0x99, 0x99, 0x9e, 0xff,
    0xe9, 0x99, 0x99, 0x99, 0x0, 0x0, 0x0, 0xc,
    0xff, 0xc0, 0x0, 0x0, 0x0, 0x0, 0x0, 0x0,
    0xc, 0xff, 0xc0, 0x0, 0x0, 0x0, 0x0, 0x0,
    0x0, 0xc, 0xff, 0xc0, 0x0, 0x0, 0x0, 0x0,
    0x0, 0x0, 0xc, 0xff, 0xc0, 0x0, 0x0, 0x0,
    0x0, 0x0, 0x0, 0xc, 0xff, 0xc0, 0x0, 0x0,
    0x0, 0x0, 0x0, 0x0, 0xc, 0xff, 0xc0, 0x0,
    0x0, 0x0, 0x0, 0x0, 0x0, 0xc, 0xff, 0xc0,
    0x0, 0x0, 0x0, 0x0, 0x0, 0x0, 0xc, 0xff,
    0xc0, 0x0, 0x0, 0x0, 0x0, 0x0, 0x0, 0xc,
    0xff, 0xc0, 0x0, 0x0, 0x0, 0x0, 0x0, 0x0,
    0xc, 0xff, 0xc0, 0x0, 0x0, 0x0, 0x0, 0x0,
    0x0, 0xc, 0xff, 0xc0, 0x0, 0x0, 0x0, 0x0,
    0x0, 0x0, 0xc, 0xff, 0xc0, 0x0, 0x0, 0x0,
    0x0, 0x0, 0x0, 0xc, 0xff, 0xc0, 0x0, 0x0,
    0x0, 0x0, 0x0, 0x0, 0xc, 0xff, 0xc0, 0x0,
    0x0, 0x0, 0x0, 0x0, 0x0, 0xc, 0xff, 0xc0,
    0x0, 0x0, 0x0, 0x0, 0x0, 0x0, 0xc, 0xff,
    0xc0, 0x0, 0x0, 0x0, 0x0, 0x0, 0x0, 0xc,
    0xff, 0xc0, 0x0, 0x0, 0x0, 0x0, 0x0, 0x0,
    0xc, 0xff, 0xc0, 0x0, 0x0, 0x0, 0x0, 0x0,
    0x0, 0xc, 0xff, 0xc0, 0x0, 0x0, 0x0, 0x0,
    0x0, 0x0, 0xc, 0xff, 0xc0, 0x0, 0x0, 0x0,
    0x0, 0x0, 0x0, 0xc, 0xff, 0xc0, 0x0, 0x0,
    0x0,

    /* U+03A5 "Υ" */
    0xff, 0xf9, 0x0, 0x0, 0x0, 0x0, 0x0, 0x9f,
    0xff, 0xff, 0xf9, 0x0, 0x0, 0x0, 0x0, 0x0,
    0x9f, 0xff, 0xff, 0xf9, 0x0, 0x0, 0x0, 0x0,
    0x0, 0x9f, 0xff, 0xff, 0xf9, 0x0, 0x0, 0x0,
    0x0, 0x0, 0x9f, 0xff, 0xff, 0xf9, 0x0, 0x0,
    0x0, 0x0, 0x0, 0x9f, 0xff, 0xff, 0xf9, 0x0,
    0x0, 0x0, 0x0, 0x0, 0x9f, 0xff, 0xff, 0xf9,
    0x0, 0x0, 0x0, 0x0, 0x0, 0x9f, 0xff, 0xff,
    0xf9, 0x0, 0x0, 0x0, 0x0, 0x0, 0x9f, 0xff,
    0xff, 0xf9, 0x0, 0x0, 0x0, 0x0, 0x0, 0x9f,
    0xff, 0xff, 0xf9, 0x0, 0x0, 0x0, 0x0, 0x0,
    0x9f, 0xff, 0xcc, 0xcb, 0x99, 0x91, 0x0, 0x19,
    0x99, 0xbc, 0xcc, 0x0, 0x6, 0xff, 0xf3, 0x0,
    0x3f, 0xff, 0x60, 0x0, 0x0, 0x6, 0xff, 0xf3,
    0x0, 0x3f, 0xff, 0x60, 0x0, 0x0, 0x6, 0xff,
    0xf3, 0x0, 0x3f, 0xff, 0x60, 0x0, 0x0, 0x0,
    0x0, 0xa, 0xcc, 0xa0, 0x0, 0x0, 0x0, 0x0,
    0x0, 0x0, 0xc, 0xff, 0xc0, 0x0, 0x0, 0x0,
    0x0, 0x0, 0x0, 0xc, 0xff, 0xc0, 0x0, 0x0,
    0x0, 0x0, 0x0, 0x0, 0xc, 0xff, 0xc0, 0x0,
    0x0, 0x0, 0x0, 0x0, 0x0, 0xc, 0xff, 0xc0,
    0x0, 0x0, 0x0, 0x0, 0x0, 0x0, 0xc, 0xff,
    0xc0, 0x0, 0x0, 0x0, 0x0, 0x0, 0x0, 0xc,
    0xff, 0xc0, 0x0, 0x0, 0x0, 0x0, 0x0, 0x0,
    0xc, 0xff, 0xc0, 0x0, 0x0, 0x0, 0x0, 0x0,
    0x0, 0xc, 0xff, 0xc0, 0x0, 0x0, 0x0, 0x0,
    0x0, 0x0, 0xc, 0xff, 0xc0, 0x0, 0x0, 0x0,
    0x0, 0x0, 0x0, 0xc, 0xff, 0xc0, 0x0, 0x0,
    0x0,

    /* U+03A6 "Φ" */
    0x0, 0x0, 0x0, 0xc, 0xff, 0xc0, 0x0, 0x0,
    0x0, 0x0, 0x0, 0x0, 0xc, 0xff, 0xc0, 0x0,
    0x0, 0x0, 0x0, 0x0, 0x0, 0xc, 0xff, 0xc0,
    0x0, 0x0, 0x0, 0x0, 0x6, 0xff, 0xff, 0xff,
    0xff, 0xff, 0x60, 0x0, 0x0, 0x6, 0xff, 0xff,
    0xff, 0xff, 0xff, 0x60, 0x0, 0x0, 0x6, 0xff,
    0xff, 0xff, 0xff, 0xff, 0x60, 0x0, 0x0, 0x3,
    0x99, 0x9e, 0xff, 0xe9, 0x99, 0x30, 0x0, 0xff,
    0xf9, 0x0, 0xc, 0xff, 0xc0, 0x0, 0x9f, 0xff,
    0xff, 0xf9, 0x0, 0xc, 0xff, 0xc0, 0x0, 0x9f,
    0xff, 0xff, 0xf9, 0x0, 0xc, 0xff, 0xc0, 0x0,
    0x9f, 0xff, 0xff, 0xf9, 0x0, 0xc, 0xff, 0xc0,
    0x0, 0x9f, 0xff, 0xff, 0xf9, 0x0, 0xc, 0xff,
    0xc0, 0x0, 0x9f, 0xff, 0xff, 0xf9, 0x0, 0xc,
    0xff, 0xc0, 0x0, 0x9f, 0xff, 0xff, 0xf9, 0x0,
    0xc, 0xff, 0xc0, 0x0, 0x9f, 0xff, 0xff, 0xf9,
    0x0, 0xc, 0xff, 0xc0, 0x0, 0x9f, 0xff, 0xff,
    0xf9, 0x0, 0xc, 0xff, 0xc0, 0x0, 0x9f, 0xff,
    0xff, 0xf9, 0x0, 0xc, 0xff, 0xc0, 0x0, 0x9f,
    0xff, 0xcc, 0xc7, 0x0, 0xc, 0xff, 0xc0, 0x0,
    0x7c, 0xcc, 0x0, 0x6, 0xff, 0xff, 0xff, 0xff,
    0xff, 0x60, 0x0, 0x0, 0x6, 0xff, 0xff, 0xff,
    0xff, 0xff, 0x60, 0x0, 0x0, 0x6, 0xff, 0xff,
    0xff, 0xff, 0xff, 0x60, 0x0, 0x0, 0x3, 0x99,
    0x9e, 0xff, 0xe9, 0x99, 0x30, 0x0, 0x0, 0x0,
    0x0, 0xc, 0xff, 0xc0, 0x0, 0x0, 0x0, 0x0,
    0x0, 0x0, 0xc, 0xff, 0xc0, 0x0, 0x0, 0x0,
    0x0, 0x0, 0x0, 0xc, 0xff, 0xc0, 0x0, 0x0,
    0x0,

    /* U+03A7 "Χ" */
    0xff, 0xf9, 0x0, 0x0, 0x0, 0x0, 0x0, 0x9f,
    0xff, 0xff, 0xf9, 0x0, 0x0, 0x0, 0x0, 0x0,
    0x9f, 0xff, 0xff, 0xf9, 0x0, 0x0, 0x0, 0x0,
    0x0, 0x9f, 0xff, 0xff, 0xf9, 0x0, 0x0, 0x0,
    0x0, 0x0, 0x9f, 0xff, 0xff, 0xf9, 0x0, 0x0,
    0x0, 0x0, 0x0, 0x9f, 0xff, 0xff, 0xf9, 0x0,
    0x0, 0x0, 0x0, 0x0, 0x9f, 0xff, 0xff, 0xf9,
    0x0, 0x0, 0x0, 0x0, 0x0, 0x9f, 0xff, 0x33,
    0x38, 0xff, 0xf3, 0x0, 0x3f, 0xff, 0x83, 0x33,
    0x0, 0x6, 0xff, 0xf3, 0x0, 0x3f, 0xff, 0x60,
    0x0, 0x0, 0x6, 0xff, 0xf3, 0x0, 0x3f, 0xff,
    0x60, 0x0, 0x0, 0x3, 0x99, 0x99, 0x99, 0x99,
    0x99, 0x30, 0x0, 0x0, 0x0, 0x0, 0xc, 0xff,
    0xc0, 0x0, 0x0, 0x0, 0x0, 0x0, 0x0, 0xc,
    0xff, 0xc0, 0x0, 0x0, 0x0, 0x0, 0x0, 0x0,
    0xc, 0xff, 0xc0, 0x0, 0x0, 0x0, 0x0, 0x6,
    0xff, 0xf3, 0x0, 0x3f, 0xff, 0x60, 0x0, 0x0,
    0x6, 0xff, 0xf3, 0x0, 0x3f, 0xff, 0x60, 0x0,
    0x0, 0x6, 0xff, 0xf3, 0x0, 0x3f, 0xff, 0x60,
    0x0, 0x33, 0x35, 0x99, 0x91, 0x0, 0x19, 0x99,
    0x53, 0x33, 0xff, 0xf9, 0x0, 0x0, 0x0, 0x0,
    0x0, 0x9f, 0xff, 0xff, 0xf9, 0x0, 0x0, 0x0,
    0x0, 0x0, 0x9f, 0xff, 0xff, 0xf9, 0x0, 0x0,
    0x0, 0x0, 0x0, 0x9f, 0xff, 0xff, 0xf9, 0x0,
    0x0, 0x0, 0x0, 0x0, 0x9f, 0xff, 0xff, 0xf9,
    0x0, 0x0, 0x0, 0x0, 0x0, 0x9f, 0xff, 0xff,
    0xf9, 0x0, 0x0, 0x0, 0x0, 0x0, 0x9f, 0xff,
    0xff, 0xf9, 0x0, 0x0, 0x0, 0x0, 0x0, 0x9f,
    0xff,

    /* U+03A8 "Ψ" */
    0xff, 0xf9, 0x0, 0xc, 0xff, 0xc0, 0x0, 0x9f,
    0xff, 0xff, 0xf9, 0x0, 0xc, 0xff, 0xc0, 0x0,
    0x9f, 0xff, 0xff, 0xf9, 0x0, 0xc, 0xff, 0xc0,
    0x0, 0x9f, 0xff, 0xff, 0xf9, 0x0, 0xc, 0xff,
    0xc0, 0x0, 0x9f, 0xff, 0xff, 0xf9, 0x0, 0xc,
    0xff, 0xc0, 0x0, 0x9f, 0xff, 0xff, 0xf9, 0x0,
    0xc, 0xff, 0xc0, 0x0, 0x9f, 0xff, 0xff, 0xf9,
    0x0, 0xc, 0xff, 0xc0, 0x0, 0x9f, 0xff, 0xff,
    0xf9, 0x0, 0xc, 0xff, 0xc0, 0x0, 0x9f, 0xff,
    0xff, 0xf9, 0x0, 0xc, 0xff, 0xc0, 0x0, 0x9f,
    0xff, 0xff, 0xf9, 0x0, 0xc, 0xff, 0xc0, 0x0,
    0x9f, 0xff, 0xcc, 0xcb, 0x99, 0x9e, 0xff, 0xe9,
    0x99, 0xbc, 0xcc, 0x0, 0x6, 0xff, 0xff, 0xff,
    0xff, 0xff, 0x60, 0x0, 0x0, 0x6, 0xff, 0xff,
    0xff, 0xff, 0xff, 0x60, 0x0, 0x0, 0x6, 0xff,
    0xff, 0xff, 0xff, 0xff, 0x60, 0x0, 0x0, 0x0,
    0x0, 0xc, 0xff, 0xc0, 0x0, 0x0, 0x0, 0x0,
    0x0, 0x0, 0xc, 0xff, 0xc0, 0x0, 0x0, 0x0,
    0x0, 0x0, 0x0, 0xc, 0xff, 0xc0, 0x0, 0x0,
    0x0, 0x0, 0x0, 0x0, 0xc, 0xff, 0xc0, 0x0,
    0x0, 0x0, 0x0, 0x0, 0x0, 0xc, 0xff, 0xc0,
    0x0, 0x0, 0x0, 0x0, 0x0, 0x0, 0xc, 0xff,
    0xc0, 0x0, 0x0, 0x0, 0x0, 0x0, 0x0, 0xc,
    0xff, 0xc0, 0x0, 0x0, 0x0, 0x0, 0x0, 0x0,
    0xc, 0xff, 0xc0, 0x0, 0x0, 0x0, 0x0, 0x0,
    0x0, 0xc, 0xff, 0xc0, 0x0, 0x0, 0x0, 0x0,
    0x0, 0x0, 0xc, 0xff, 0xc0, 0x0, 0x0, 0x0,
    0x0, 0x0, 0x0, 0xc, 0xff, 0xc0, 0x0, 0x0,
    0x0,

    /* U+03A9 "Ω" */
    0x0, 0x6, 0xff, 0xff, 0xff, 0xff, 0xff, 0x60,
    0x0, 0x0, 0x6, 0xff, 0xff, 0xff, 0xff, 0xff,
    0x60, 0x0, 0x0, 0x6, 0xff, 0xff, 0xff, 0xff,
    0xff, 0x60, 0x0, 0xff, 0xfd, 0x99, 0x99, 0x99,
    0x99, 0x99, 0xdf, 0xff, 0xff, 0xf9, 0x0, 0x0,
    0x0, 0x0, 0x0, 0x9f, 0xff, 0xff, 0xf9, 0x0,
    0x0, 0x0, 0x0, 0x0, 0x9f, 0xff, 0xff, 0xf9,
    0x0, 0x0, 0x0, 0x0, 0x0, 0x9f, 0xff, 0xff,
    0xf9, 0x0, 0x0, 0x0, 0x0, 0x0, 0x9f, 0xff,
    0xff, 0xf9, 0x0, 0x0, 0x0, 0x0, 0x0, 0x9f,
    0xff, 0xff, 0xf9, 0x0, 0x0, 0x0, 0x0, 0x0,
    0x9f, 0xff, 0xff, 0xf9, 0x0, 0x0, 0x0, 0x0,
    0x0, 0x9f, 0xff, 0xff, 0xf9, 0x0, 0x0, 0x0,
    0x0, 0x0, 0x9f, 0xff, 0xff, 0xf9, 0x0, 0x0,
    0x0, 0x0, 0x0, 0x9f, 0xff, 0xcc, 0xc8, 0x33,
    0x30, 0x0, 0x3, 0x33, 0x8c, 0xcc, 0x0, 0x6,
    0xff, 0xf3, 0x0, 0x3f, 0xff, 0x60, 0x0, 0x0,
    0x6, 0xff, 0xf3, 0x0, 0x3f, 0xff, 0x60, 0x0,
    0x0, 0x6, 0xff, 0xf3, 0x0, 0x3f, 0xff, 0x60,
    0x0, 0x0, 0x6, 0xff, 0xf3, 0x0, 0x3f, 0xff,
    0x60, 0x0, 0x0, 0x6, 0xff, 0xf3, 0x0, 0x3f,
    0xff, 0x60, 0x0, 0x0, 0x6, 0xff, 0xf3, 0x0,
    0x3f, 0xff, 0x60, 0x0, 0x0, 0x6, 0xff, 0xf3,
    0x0, 0x3f, 0xff, 0x60, 0x0, 0x99, 0x9c, 0xff,
    0xf3, 0x0, 0x3f, 0xff, 0xc9, 0x99, 0xff, 0xff,
    0xff, 0xf3, 0x0, 0x3f, 0xff, 0xff, 0xff, 0xff,
    0xff, 0xff, 0xf3, 0x0, 0x3f, 0xff, 0xff, 0xff,
    0xff, 0xff, 0xff, 0xf3, 0x0, 0x3f, 0xff, 0xff,
    0xff,

    /* U+03B1 "α" */
    0x0, 0x6, 0xff, 0xff, 0xff, 0xc0, 0x0, 0x9f,
    0xff, 0x0, 0x6, 0xff, 0xff, 0xff, 0xc0, 0x0,
    0x9f, 0xff, 0x0, 0x6, 0xff, 0xff, 0xff, 0xc0,
    0x0, 0x9f, 0xff, 0x0, 0x3, 0x99, 0x99, 0x99,
    0x70, 0x0, 0x59, 0x99, 0xff, 0xf9, 0x0, 0x0,
    0x0, 0x3f, 0xff, 0x60, 0x0, 0xff, 0xf9, 0x0,
    0x0, 0x0, 0x3f, 0xff, 0x60, 0x0, 0xff, 0xf9,
    0x0, 0x0, 0x0, 0x3f, 0xff, 0x60, 0x0, 0xff,
    0xf9, 0x0, 0x0, 0x0, 0x3f, 0xff, 0x60, 0x0,
    0xff, 0xf9, 0x0, 0x0, 0x0, 0x3f, 0xff, 0x60,
    0x0, 0xff, 0xf9, 0x0, 0x0, 0x0, 0x3f, 0xff,
    0x60, 0x0, 0xff, 0xf9, 0x0, 0x0, 0x0, 0x3f,
    0xff, 0x60, 0x0, 0xff, 0xf9, 0x0, 0x0, 0x0,
    0x3f, 0xff, 0x60, 0x0, 0xff, 0xf9, 0x0, 0x0,
    0x0, 0x3f, 0xff, 0x60, 0x0, 0xff, 0xf9, 0x0,
    0x0, 0x0, 0x3f, 0xff, 0x60, 0x0, 0x66, 0x67,
    0x99, 0x99, 0x99, 0x86, 0x66, 0x89, 0x99, 0x0,
    0x6, 0xff, 0xff, 0xff, 0xc0, 0x0, 0x9f, 0xff,
    0x0, 0x6, 0xff, 0xff, 0xff, 0xc0, 0x0, 0x9f,
    0xff, 0x0, 0x6, 0xff, 0xff, 0xff, 0xc0, 0x0,
    0x9f, 0xff,

    /* U+03B2 "β" */
    0x0, 0x0, 0x0, 0xc, 0xff, 0xff, 0xff, 0x60,
    0x0, 0x0, 0x0, 0x0, 0xc, 0xff, 0xff, 0xff,
    0x60, 0x0, 0x0, 0x0, 0x0, 0xc, 0xff, 0xff,
    0xff, 0x60, 0x0, 0x0, 0x0, 0x0, 0x7, 0x99,
    0x99, 0x99, 0x30, 0x0, 0x0, 0x6, 0xff, 0xf3,
    0x0, 0x0, 0x0, 0x9f, 0xff, 0x0, 0x6, 0xff,
    0xf3, 0x0, 0x0, 0x0, 0x9f, 0xff, 0x0, 0x6,
    0xff, 0xf3, 0x0, 0x0, 0x0, 0x9f, 0xff, 0x0,
    0x6, 0xff, 0xfb, 0x99, 0x99, 0x99, 0x99, 0x99,
    0x0, 0x6, 0xff, 0xff, 0xff, 0xff, 0xff, 0x60,
    0x0, 0x0, 0x6, 0xff, 0xff, 0xff, 0xff, 0xff,
    0x60, 0x0, 0x0, 0x6, 0xff, 0xff, 0xff, 0xff,
    0xff, 0x60, 0x0, 0x0, 0x6, 0xff, 0xf3, 0x0,
    0x0, 0x0, 0x7c, 0xcc, 0x0, 0x6, 0xff, 0xf3,
    0x0, 0x0, 0x0, 0x9f, 0xff, 0x0, 0x6, 0xff,
    0xf3, 0x0, 0x0, 0x0, 0x9f, 0xff, 0x0, 0x6,
    0xff, 0xf3, 0x0, 0x0, 0x0, 0x9f, 0xff, 0x0,
    0x6, 0xff, 0xff, 0xff, 0xc0, 0x0, 0x9f, 0xff,
    0x0, 0x6, 0xff, 0xff, 0xff, 0xc0, 0x0, 0x9f,
    0xff, 0x0, 0x6, 0xff, 0xff, 0xff, 0xc0, 0x0,
    0x9f, 0xff, 0x99, 0x98, 0x66, 0x66, 0x66, 0x79,
    0x99, 0x76, 0x66, 0xff, 0xf9, 0x0, 0x0, 0x0,
    0x3f, 0xff, 0x60, 0x0, 0xff, 0xf9, 0x0, 0x0,
    0x0, 0x3f, 0xff, 0x60, 0x0, 0xff, 0xf9, 0x0,
    0x0, 0x0, 0x3f, 0xff, 0x60, 0x0,

    /* U+03B3 "γ" */
    0xff, 0xff, 0xff, 0xf3, 0x0, 0x0, 0x0, 0x9f,
    0xff, 0xff, 0xff, 0xff, 0xf3, 0x0, 0x0, 0x0,
    0x9f, 0xff, 0xff, 0xff, 0xff, 0xf3, 0x0, 0x0,
    0x0, 0x9f, 0xff, 0x99, 0x99, 0x99, 0x99, 0x99,
    0x99, 0x99, 0x99, 0x99, 0x0, 0x0, 0x0, 0xc,
    0xff, 0xff, 0xff, 0x60, 0x0, 0x0, 0x0, 0x0,
    0xc, 0xff, 0xff, 0xff, 0x60, 0x0, 0x0, 0x0,
    0x0, 0xc, 0xff, 0xff, 0xff, 0x60, 0x0, 0x0,
    0x0, 0x0, 0xc, 0xff, 0xc0, 0x0, 0x0, 0x0,
    0x0, 0x0, 0x0, 0xc, 0xff, 0xc0, 0x0, 0x0,
    0x0, 0x0, 0x0, 0x0, 0xc, 0xff, 0xc0, 0x0,
    0x0, 0x0, 0x0, 0x0, 0x0, 0xc, 0xff, 0xc0,
    0x0, 0x0, 0x0, 0x0, 0x0, 0x0, 0xc, 0xff,
    0xc0, 0x0, 0x0, 0x0, 0x0, 0x0, 0x0, 0xc,
    0xff, 0xc0, 0x0, 0x0, 0x0, 0x0, 0x0, 0x0,
    0xc, 0xff, 0xc0, 0x0, 0x0, 0x0, 0x0, 0x0,
    0x0, 0xc, 0xff, 0xc0, 0x0, 0x0, 0x0, 0x0,
    0x0, 0x0, 0xc, 0xff, 0xc0, 0x0, 0x0, 0x0,
    0x0, 0x0, 0x0, 0xc, 0xff, 0xc0, 0x0, 0x0,
    0x0, 0x0, 0x0, 0x0, 0xc, 0xff, 0xc0, 0x0,
    0x0, 0x0,

    /* U+03B4 "δ" */
    0x0, 0x0, 0x0, 0xc, 0xff, 0xff, 0xff, 0x60,
    0x0, 0x0, 0x0, 0xcf, 0xff, 0xff, 0xf6, 0x0,
    0x0, 0x0, 0xc, 0xff, 0xff, 0xff, 0x60, 0x0,
    0x0, 0x0, 0x79, 0x99, 0x99, 0x93, 0x0, 0x6,
    0xff, 0xf3, 0x0, 0x0, 0x0, 0x0, 0x0, 0x6f,
    0xff, 0x30, 0x0, 0x0, 0x0, 0x0, 0x6, 0xff,
    0xf3, 0x0, 0x0, 0x0, 0x0, 0x0, 0x6f, 0xff,
    0xb9, 0x97, 0x0, 0x0, 0x0, 0x6, 0xff, 0xff,
    0xff, 0xc0, 0x0, 0x0, 0x0, 0x6f, 0xff, 0xff,
    0xfc, 0x0, 0x0, 0x0, 0x6, 0xff, 0xff, 0xff,
    0xc0, 0x0, 0xf, 0xff, 0x90, 0x0, 0x0, 0x3,
    0xff, 0xf6, 0xff, 0xf9, 0x0, 0x0, 0x0, 0x3f,
    0xff, 0x6f, 0xff, 0x90, 0x0, 0x0, 0x3, 0xff,
    0xf6, 0xff, 0xf9, 0x0, 0x0, 0x0, 0x3f, 0xff,
    0x6f, 0xff, 0x90, 0x0, 0x0, 0x3, 0xff, 0xf6,
    0xff, 0xf9, 0x0, 0x0, 0x0, 0x3f, 0xff, 0x6f,
    0xff, 0x90, 0x0, 0x0, 0x3, 0xff, 0xf6, 0x33,
    0x35, 0x99, 0x99, 0x99, 0x83, 0x33, 0x10, 0x0,
    0x6f, 0xff, 0xff, 0xfc, 0x0, 0x0, 0x0, 0x6,
    0xff, 0xff, 0xff, 0xc0, 0x0, 0x0, 0x0, 0x6f,
    0xff, 0xff, 0xfc, 0x0, 0x0,

    /* U+03B5 "ε" */
    0x0, 0x6, 0xff, 0xff, 0xff, 0xff, 0xff, 0x60,
    0x0, 0x6f, 0xff, 0xff, 0xff, 0xff, 0xf6, 0x0,
    0x6, 0xff, 0xff, 0xff, 0xff, 0xff, 0x69, 0x99,
    0x99, 0x99, 0x99, 0x99, 0x99, 0x93, 0xff, 0xf9,
    0x0, 0x0, 0x0, 0x0, 0x0, 0xf, 0xff, 0x90,
    0x0, 0x0, 0x0, 0x0, 0x0, 0xff, 0xf9, 0x0,
    0x0, 0x0, 0x0, 0x0, 0x0, 0x0, 0x6f, 0xff,
    0xff, 0xff, 0xff, 0xf6, 0x0, 0x6, 0xff, 0xff,
    0xff, 0xff, 0xff, 0x60, 0x0, 0x6f, 0xff, 0xff,
    0xff, 0xff, 0xf6, 0x0, 0x3, 0x99, 0x99, 0x99,
    0x99, 0x99, 0x3f, 0xff, 0x90, 0x0, 0x0, 0x0,
    0x0, 0x0, 0xff, 0xf9, 0x0, 0x0, 0x0, 0x0,
    0x0, 0xf, 0xff, 0x90, 0x0, 0x0, 0x0, 0x0,
    0x0, 0x66, 0x67, 0x99, 0x99, 0x99, 0x99, 0x99,
    0x30, 0x0, 0x6f, 0xff, 0xff, 0xff, 0xff, 0xf6,
    0x0, 0x6, 0xff, 0xff, 0xff, 0xff, 0xff, 0x60,
    0x0, 0x6f, 0xff, 0xff, 0xff, 0xff, 0xf6,

    /* U+03B6 "ζ" */
    0xff, 0xf9, 0x0, 0xc, 0xff, 0xff, 0xff, 0x60,
    0x0, 0xff, 0xf9, 0x0, 0xc, 0xff, 0xff, 0xff,
    0x60, 0x0, 0xff, 0xf9, 0x0, 0xc, 0xff, 0xff,
    0xff, 0x60, 0x0, 0x99, 0x95, 0x0, 0x7, 0x99,
    0x99, 0x99, 0x30, 0x0, 0x0, 0x6, 0xff, 0xf3,
    0x0, 0x0, 0x0, 0x9f, 0xff, 0x0, 0x6, 0xff,
    0xf3, 0x0, 0x0, 0x0, 0x9f, 0xff, 0x0, 0x6,
    0xff, 0xf3, 0x0, 0x0, 0x0, 0x9f, 0xff, 0x99,
    0x99, 0x99, 0x91, 0x0, 0x19, 0x99, 0x99, 0x99,
    0xff, 0xf9, 0x0, 0x0, 0x0, 0x3f, 0xff, 0x60,
    0x0, 0xff, 0xf9, 0x0, 0x0, 0x0, 0x3f, 0xff,
    0x60, 0x0, 0xff, 0xf9, 0x0, 0x0, 0x0, 0x3f,
    0xff, 0x60, 0x0, 0x0, 0x0, 0x0, 0xc, 0xff,
    0xc0, 0x0, 0x0, 0x0, 0x0, 0x0, 0x0, 0xc,
    0xff, 0xc0, 0x0, 0x0, 0x0, 0x0, 0x0, 0x0,
    0xc, 0xff, 0xc0, 0x0, 0x0, 0x0, 0x0, 0x0,
    0x0, 0x7, 0x99, 0x70, 0x0, 0x0, 0x0, 0x0,
    0x6, 0xff, 0xf3, 0x0, 0x0, 0x0, 0x0, 0x0,
    0x0, 0x6, 0xff, 0xf3, 0x0, 0x0, 0x0, 0x0,
    0x0, 0x0, 0x6, 0xff, 0xf3, 0x0, 0x0, 0x0,
    0x0, 0x0, 0x0, 0x2, 0x66, 0x68, 0x99, 0x99,
    0x99, 0x30, 0x0, 0x0, 0x0, 0x0, 0xc, 0xff,
    0xff, 0xff, 0x60, 0x0, 0x0, 0x0, 0x0, 0xc,
    0xff, 0xff, 0xff, 0x60, 0x0, 0x0, 0x0, 0x0,
    0xc, 0xff, 0xff, 0xff, 0x60, 0x0,

    /* U+03B7 "η" */
    0xff, 0xf9, 0x0, 0xc, 0xff, 0xff, 0xff, 0x60,
    0x0, 0xff, 0xf9, 0x0, 0xc, 0xff, 0xff, 0xff,
    0x60, 0x0, 0xff, 0xf9, 0x0, 0xc, 0xff, 0xff,
    0xff, 0x60, 0x0, 0x99, 0x95, 0x0, 0x7, 0x99,
    0x99, 0x99, 0x30, 0x0, 0x0, 0x6, 0xff, 0xf3,
    0x0, 0x0, 0x0, 0x9f, 0xff, 0x0, 0x6, 0xff,
    0xf3, 0x0, 0x0, 0x0, 0x9f, 0xff, 0x0, 0x6,
    0xff, 0xf3, 0x0, 0x0, 0x0, 0x9f, 0xff, 0x0,
    0x6, 0xff, 0xf3, 0x0, 0x0, 0x0, 0x9f, 0xff,
    0x0, 0x6, 0xff, 0xf3, 0x0, 0x0, 0x0, 0x9f,
    0xff, 0x0, 0x6, 0xff, 0xf3, 0x0, 0x0, 0x0,
    0x9f, 0xff, 0x0, 0x6, 0xff, 0xf3, 0x0, 0x0,
    0x0, 0x9f, 0xff, 0x0, 0x6, 0xff, 0xf3, 0x0,
    0x0, 0x0, 0x9f, 0xff, 0x0, 0x6, 0xff, 0xf3,
    0x0, 0x0, 0x0, 0x9f, 0xff, 0x0, 0x6, 0xff,
    0xf3, 0x0, 0x0, 0x0, 0x9f, 0xff, 0x0, 0x6,
    0xff, 0xf3, 0x0, 0x0, 0x0, 0x9f, 0xff, 0x0,
    0x6, 0xff, 0xf3, 0x0, 0x0, 0x0, 0x9f, 0xff,
    0x0, 0x6, 0xff, 0xf3, 0x0, 0x0, 0x0, 0x9f,
    0xff, 0x0, 0x6, 0xff, 0xf3, 0x0, 0x0, 0x0,
    0x9f, 0xff, 0x0, 0x2, 0x66, 0x61, 0x0, 0x0,
    0x0, 0x9f, 0xff, 0x0, 0x0, 0x0, 0x0, 0x0,
    0x0, 0x0, 0x9f, 0xff, 0x0, 0x0, 0x0, 0x0,
    0x0, 0x0, 0x0, 0x9f, 0xff, 0x0, 0x0, 0x0,
    0x0, 0x0, 0x0, 0x0, 0x9f, 0xff,

    /* U+03B8 "θ" */
    0x0, 0x6, 0xff, 0xff, 0xff, 0xc0, 0x0, 0x0,
    0x0, 0x6f, 0xff, 0xff, 0xfc, 0x0, 0x0, 0x0,
    0x6, 0xff, 0xff, 0xff, 0xc0, 0x0, 0x0, 0x0,
    0x39, 0x99, 0x99, 0x97, 0x0, 0x0, 0xff, 0xf9,
    0x0, 0x0, 0x0, 0x3f, 0xff, 0x6f, 0xff, 0x90,
    0x0, 0x0, 0x3, 0xff, 0xf6, 0xff, 0xf9, 0x0,
    0x0, 0x0, 0x3f, 0xff, 0x6f, 0xff, 0xd9, 0x99,
    0x99, 0x9b, 0xff, 0xf6, 0xff, 0xff, 0xff, 0xff,
    0xff, 0xff, 0xff, 0x6f, 0xff, 0xff, 0xff, 0xff,
    0xff, 0xff, 0xf6, 0xff, 0xff, 0xff, 0xff, 0xff,
    0xff, 0xff, 0x6f, 0xff, 0x90, 0x0, 0x0, 0x3,
    0xff, 0xf6, 0xff, 0xf9, 0x0, 0x0, 0x0, 0x3f,
    0xff, 0x6f, 0xff, 0x90, 0x0, 0x0, 0x3, 0xff,
    0xf6, 0xff, 0xf9, 0x0, 0x0, 0x0, 0x3f, 0xff,
    0x6f, 0xff, 0x90, 0x0, 0x0, 0x3, 0xff, 0xf6,
    0xff, 0xf9, 0x0, 0x0, 0x0, 0x3f, 0xff, 0x6f,
    0xff, 0x90, 0x0, 0x0, 0x3, 0xff, 0xf6, 0x66,
    0x67, 0x99, 0x99, 0x99, 0x86, 0x66, 0x20, 0x0,
    0x6f, 0xff, 0xff, 0xfc, 0x0, 0x0, 0x0, 0x6,
    0xff, 0xff, 0xff, 0xc0, 0x0, 0x0, 0x0, 0x6f,
    0xff, 0xff, 0xfc, 0x0, 0x0,

    /* U+03B9 "ι" */
    0x6f, 0xff, 0x30, 0x0, 0x0, 0x0, 0x0, 0x6,
    0xff, 0xf3, 0x0, 0x0, 0x0, 0x0, 0x0, 0x6f,
    0xff, 0x30, 0x0, 0x0, 0x0, 0x0, 0x6, 0xff,
    0xf3, 0x0, 0x0, 0x0, 0x0, 0x0, 0x6f, 0xff,
    0x30, 0x0, 0x0, 0x0, 0x0, 0x6, 0xff, 0xf3,
    0x0, 0x0, 0x0, 0x0, 0x0, 0x6f, 0xff, 0x30,
    0x0, 0x0, 0x0, 0x0, 0x6, 0xff, 0xf3, 0x0,
    0x0, 0x0, 0x0, 0x0, 0x6f, 0xff, 0x30, 0x0,
    0x0, 0x0, 0x0, 0x6, 0xff, 0xf3, 0x0, 0x0,
    0x0, 0x0, 0x0, 0x6f, 0xff, 0x30, 0x0, 0x0,
    0x1, 0x33, 0x36, 0xff, 0xf3, 0x0, 0x0, 0x0,
    0x9f, 0xff, 0x6f, 0xff, 0x30, 0x0, 0x0, 0x9,
    0xff, 0xf6, 0xff, 0xf3, 0x0, 0x0, 0x0, 0x9f,
    0xff, 0x26, 0x66, 0x89, 0x99, 0x99, 0x97, 0x66,
    0x60, 0x0, 0xc, 0xff, 0xff, 0xff, 0x60, 0x0,
    0x0, 0x0, 0xcf, 0xff, 0xff, 0xf6, 0x0, 0x0,
    0x0, 0xc, 0xff, 0xff, 0xff, 0x60, 0x0,

    /* U+03BA "κ" */
    0x6f, 0xff, 0x30, 0x0, 0x0, 0x9, 0xff, 0xf6,
    0xff, 0xf3, 0x0, 0x0, 0x0, 0x9f, 0xff, 0x6f,
    0xff, 0x30, 0x0, 0x0, 0x9, 0xff, 0xf6, 0xff,
    0xf3, 0x0, 0x19, 0x99, 0x99, 0x99, 0x6f, 0xff,
    0x30, 0x3, 0xff, 0xf6, 0x0, 0x6, 0xff, 0xf3,
    0x0, 0x3f, 0xff, 0x60, 0x0, 0x6f, 0xff, 0x30,
    0x3, 0xff, 0xf6, 0x0, 0x6, 0xff, 0xff, 0xff,
    0xc0, 0x0, 0x0, 0x0, 0x6f, 0xff, 0xff, 0xfc,
    0x0, 0x0, 0x0, 0x6, 0xff, 0xff, 0xff, 0xc0,
    0x0, 0x0, 0x0, 0x6f, 0xff, 0xa9, 0x97, 0x0,
    0x0, 0x0, 0x6, 0xff, 0xf3, 0x0, 0x3f, 0xff,
    0x60, 0x0, 0x6f, 0xff, 0x30, 0x3, 0xff, 0xf6,
    0x0, 0x6, 0xff, 0xf3, 0x0, 0x3f, 0xff, 0x60,
    0x0, 0x6f, 0xff, 0x30, 0x1, 0x66, 0x68, 0x99,
    0x96, 0xff, 0xf3, 0x0, 0x0, 0x0, 0x9f, 0xff,
    0x6f, 0xff, 0x30, 0x0, 0x0, 0x9, 0xff, 0xf6,
    0xff, 0xf3, 0x0, 0x0, 0x0, 0x9f, 0xff,

    /* U+03BB "λ" */
    0xff, 0xff, 0xff, 0xf3, 0x0, 0x0, 0x0, 0x0,
    0x0, 0xff, 0xff, 0xff, 0xf3, 0x0, 0x0, 0x0,
    0x0, 0x0, 0xff, 0xff, 0xff, 0xf3, 0x0, 0x0,
    0x0, 0x0, 0x0, 0x99, 0x99, 0x99, 0x91, 0x0,
    0x0, 0x0, 0x0, 0x0, 0x0, 0x0, 0x0, 0xc,
    0xff, 0xc0, 0x0, 0x0, 0x0, 0x0, 0x0, 0x0,
    0xc, 0xff, 0xc0, 0x0, 0x0, 0x0, 0x0, 0x0,
    0x0, 0xc, 0xff, 0xc0, 0x0, 0x0, 0x0, 0x0,
    0x0, 0x0, 0xc, 0xff, 0xc0, 0x0, 0x0, 0x0,
    0x0, 0x0, 0x0, 0xc, 0xff, 0xc0, 0x0, 0x0,
    0x0, 0x0, 0x0, 0x0, 0xc, 0xff, 0xc0, 0x0,
    0x0, 0x0, 0x0, 0x0, 0x0, 0xc, 0xff, 0xc0,
    0x0, 0x0, 0x0, 0x0, 0x6, 0xff, 0xf5, 0x33,
    0x5f, 0xff, 0x60, 0x0, 0x0, 0x6, 0xff, 0xf3,
    0x0, 0x3f, 0xff, 0x60, 0x0, 0x0, 0x6, 0xff,
    0xf3, 0x0, 0x3f, 0xff, 0x60, 0x0, 0x0, 0x6,
    0xff, 0xf3, 0x0, 0x19, 0x99, 0x53, 0x33, 0x0,
    0x6, 0xff, 0xf3, 0x0, 0x0, 0x0, 0x9f, 0xff,
    0x0, 0x6, 0xff, 0xf3, 0x0, 0x0, 0x0, 0x9f,
    0xff, 0x0, 0x6, 0xff, 0xf3, 0x0, 0x0, 0x0,
    0x9f, 0xff, 0x99, 0x96, 0x33, 0x30, 0x0, 0x0,
    0x0, 0x9f, 0xff, 0xff, 0xf9, 0x0, 0x0, 0x0,
    0x0, 0x0, 0x9f, 0xff, 0xff, 0xf9, 0x0, 0x0,
    0x0, 0x0, 0x0, 0x9f, 0xff, 0xff, 0xf9, 0x0,
    0x0, 0x0, 0x0, 0x0, 0x9f, 0xff,

    /* U+03BC "μ" */
    0xff, 0xf9, 0x0, 0x0, 0x0, 0x3f, 0xff, 0x60,
    0x0, 0xff, 0xf9, 0x0, 0x0, 0x0, 0x3f, 0xff,
    0x60, 0x0, 0xff, 0xf9, 0x0, 0x0, 0x0, 0x3f,
    0xff, 0x60, 0x0, 0xff, 0xf9, 0x0, 0x0, 0x0,
    0x3f, 0xff, 0x60, 0x0, 0xff, 0xf9, 0x0, 0x0,
    0x0, 0x3f, 0xff, 0x60, 0x0, 0xff, 0xf9, 0x0,
    0x0, 0x0, 0x3f, 0xff, 0x60, 0x0, 0xff, 0xf9,
    0x0, 0x0, 0x0, 0x3f, 0xff, 0x60, 0x0, 0xff,
    0xff, 0xff, 0xff, 0xff, 0xd3, 0x33, 0xaf, 0xff,
    0xff, 0xff, 0xff, 0xff, 0xff, 0xc0, 0x0, 0x9f,
    0xff, 0xff, 0xff, 0xff, 0xff, 0xff, 0xc0, 0x0,
    0x9f, 0xff, 0xff, 0xfd, 0x99, 0x99, 0x99, 0x70,
    0x0, 0x59, 0x99, 0xff, 0xf9, 0x0, 0x0, 0x0,
    0x0, 0x0, 0x0, 0x0, 0xff, 0xf9, 0x0, 0x0,
    0x0, 0x0, 0x0, 0x0, 0x0, 0xff, 0xf9, 0x0,
    0x0, 0x0, 0x0, 0x0, 0x0, 0x0, 0xff, 0xf9,
    0x0, 0x0, 0x0, 0x0, 0x0, 0x0, 0x0, 0xff,
    0xf9, 0x0, 0x0, 0x0, 0x0, 0x0, 0x0, 0x0,
    0xff, 0xf9, 0x0, 0x0, 0x0, 0x0, 0x0, 0x0,
    0x0, 0xff, 0xf9, 0x0, 0x0, 0x0, 0x0, 0x0,
    0x0, 0x0,

    /* U+03BD "ν" */
    0xff, 0xf9, 0x0, 0x0, 0x0, 0x0, 0x0, 0x9f,
    0xff, 0xff, 0xf9, 0x0, 0x0, 0x0, 0x0, 0x0,
    0x9f, 0xff, 0xff, 0xf9, 0x0, 0x0, 0x0, 0x0,
    0x0, 0x9f, 0xff, 0xff, 0xf9, 0x0, 0x0, 0x0,
    0x0, 0x0, 0x9f, 0xff, 0xff, 0xf9, 0x0, 0x0,
    0x0, 0x0, 0x0, 0x9f, 0xff, 0xff, 0xf9, 0x0,
    0x0, 0x0, 0x0, 0x0, 0x9f, 0xff, 0xff, 0xf9,
    0x0, 0x0, 0x0, 0x0, 0x0, 0x9f, 0xff, 0xff,
    0xf9, 0x0, 0x0, 0x0, 0x3f, 0xff, 0x83, 0x33,
    0xff, 0xf9, 0x0, 0x0, 0x0, 0x3f, 0xff, 0x60,
    0x0, 0xff, 0xf9, 0x0, 0x0, 0x0, 0x3f, 0xff,
    0x60, 0x0, 0xff, 0xf9, 0x0, 0x0, 0x0, 0x19,
    0x99, 0x30, 0x0, 0xff, 0xf9, 0x0, 0xc, 0xff,
    0xc0, 0x0, 0x0, 0x0, 0xff, 0xf9, 0x0, 0xc,
    0xff, 0xc0, 0x0, 0x0, 0x0, 0xff, 0xf9, 0x0,
    0xc, 0xff, 0xc0, 0x0, 0x0, 0x0, 0xff, 0xfd,
    0x99, 0x97, 0x66, 0x50, 0x0, 0x0, 0x0, 0xff,
    0xff, 0xff, 0xf3, 0x0, 0x0, 0x0, 0x0, 0x0,
    0xff, 0xff, 0xff, 0xf3, 0x0, 0x0, 0x0, 0x0,
    0x0, 0xff, 0xff, 0xff, 0xf3, 0x0, 0x0, 0x0,
    0x0, 0x0,

    /* U+03BE "ξ" */
    0xff, 0xff, 0xff, 0xff, 0xff, 0xff, 0xff, 0xff,
    0xff, 0xff, 0xff, 0xff, 0xff, 0xff, 0xff, 0xff,
    0xff, 0xff, 0xff, 0xff, 0xff, 0xff, 0xff, 0xff,
    0xff, 0xff, 0xff, 0x99, 0x9c, 0xff, 0xfb, 0x99,
    0x99, 0x99, 0x99, 0x99, 0x0, 0x6, 0xff, 0xf3,
    0x0, 0x0, 0x0, 0x0, 0x0, 0x0, 0x6, 0xff,
    0xf3, 0x0, 0x0, 0x0, 0x0, 0x0, 0x0, 0x6,
    0xff, 0xf3, 0x0, 0x0, 0x0, 0x0, 0x0, 0x0,
    0x0, 0x0, 0xc, 0xff, 0xff, 0xff, 0xff, 0xff,
    0x0, 0x0, 0x0, 0xc, 0xff, 0xff, 0xff, 0xff,
    0xff, 0x0, 0x0, 0x0, 0xc, 0xff, 0xff, 0xff,
    0xff, 0xff, 0x0, 0x3, 0x99, 0x99, 0x99, 0x99,
    0x99, 0x99, 0x99, 0x0, 0x6, 0xff, 0xf3, 0x0,
    0x0, 0x0, 0x0, 0x0, 0x0, 0x6, 0xff, 0xf3,
    0x0, 0x0, 0x0, 0x0, 0x0, 0x0, 0x6, 0xff,
    0xf3, 0x0, 0x0, 0x0, 0x0, 0x0, 0x0, 0x0,
    0x0, 0xc, 0xff, 0xff, 0xff, 0x60, 0x0, 0x0,
    0x0, 0x0, 0xc, 0xff, 0xff, 0xff, 0x60, 0x0,
    0x0, 0x0, 0x0, 0xc, 0xff, 0xff, 0xff, 0x60,
    0x0, 0x0, 0x0, 0x0, 0x7, 0x99, 0x99, 0x99,
    0x30, 0x0, 0x0, 0x0, 0x0, 0x0, 0x0, 0x0,
    0x0, 0x9f, 0xff, 0x0, 0x0, 0x0, 0x0, 0x0,
    0x0, 0x0, 0x9f, 0xff, 0x0, 0x0, 0x0, 0x0,
    0x0, 0x0, 0x0, 0x9f, 0xff, 0x0, 0x3, 0x99,
    0x99, 0x99, 0x99, 0x99, 0x76, 0x66, 0x0, 0x6,
    0xff, 0xff, 0xff, 0xff, 0xff, 0x60, 0x0, 0x0,
    0x6, 0xff, 0xff, 0xff, 0xff, 0xff, 0x60, 0x0,
    0x0, 0x6, 0xff, 0xff, 0xff, 0xff, 0xff, 0x60,
    0x0,

    /* U+03BF "ο" */
    0x0, 0x6, 0xff, 0xff, 0xff, 0xff, 0xff, 0x60,
    0x0, 0x0, 0x6, 0xff, 0xff, 0xff, 0xff, 0xff,
    0x60, 0x0, 0x0, 0x6, 0xff, 0xff, 0xff, 0xff,
    0xff, 0x60, 0x0, 0x0, 0x3, 0x99, 0x99, 0x99,
    0x99, 0x99, 0x30, 0x0, 0xff, 0xf9, 0x0, 0x0,
    0x0, 0x0, 0x0, 0x9f, 0xff, 0xff, 0xf9, 0x0,
    0x0, 0x0, 0x0, 0x0, 0x9f, 0xff, 0xff, 0xf9,
    0x0, 0x0, 0x0, 0x0, 0x0, 0x9f, 0xff, 0xff,
    0xf9, 0x0, 0x0, 0x0, 0x0, 0x0, 0x9f, 0xff,
    0xff, 0xf9, 0x0, 0x0, 0x0, 0x0, 0x0, 0x9f,
    0xff, 0xff, 0xf9, 0x0, 0x0, 0x0, 0x0, 0x0,
    0x9f, 0xff, 0xff, 0xf9, 0x0, 0x0, 0x0, 0x0,
    0x0, 0x9f, 0xff, 0xff, 0xf9, 0x0, 0x0, 0x0,
    0x0, 0x0, 0x9f, 0xff, 0xff, 0xf9, 0x0, 0x0,
    0x0, 0x0, 0x0, 0x9f, 0xff, 0xff, 0xf9, 0x0,
    0x0, 0x0, 0x0, 0x0, 0x9f, 0xff, 0x66, 0x67,
    0x99, 0x99, 0x99, 0x99, 0x99, 0x76, 0x66, 0x0,
    0x6, 0xff, 0xff, 0xff, 0xff, 0xff, 0x60, 0x0,
    0x0, 0x6, 0xff, 0xff, 0xff, 0xff, 0xff, 0x60,
    0x0, 0x0, 0x6, 0xff, 0xff, 0xff, 0xff, 0xff,
    0x60, 0x0,

    /* U+03C0 "π" */
    0xff, 0xff, 0xff, 0xff, 0xff, 0xff, 0xff, 0xff,
    0xff, 0xff, 0xff, 0xff, 0xff, 0xff, 0xff, 0xff,
    0xff, 0xff, 0xff, 0xff, 0xff, 0xff, 0xff, 0xff,
    0xff, 0xff, 0xff, 0x99, 0x9c, 0xff, 0xfa, 0x99,
    0xaf, 0xff, 0xc9, 0x99, 0x0, 0x6, 0xff, 0xf3,
    0x0, 0x3f, 0xff, 0x60, 0x0, 0x0, 0x6, 0xff,
    0xf3, 0x0, 0x3f, 0xff, 0x60, 0x0, 0x0, 0x6,
    0xff, 0xf3, 0x0, 0x3f, 0xff, 0x60, 0x0, 0x0,
    0x6, 0xff, 0xf3, 0x0, 0x3f, 0xff, 0x60, 0x0,
    0x0, 0x6, 0xff, 0xf3, 0x0, 0x3f, 0xff, 0x60,
    0x0, 0x0, 0x6, 0xff, 0xf3, 0x0, 0x3f, 0xff,
    0x60, 0x0, 0x0, 0x6, 0xff, 0xf3, 0x0, 0x3f,
    0xff, 0x60, 0x0, 0x0, 0x6, 0xff, 0xf3, 0x0,
    0x3f, 0xff, 0x60, 0x0, 0x0, 0x6, 0xff, 0xf3,
    0x0, 0x3f, 0xff, 0x60, 0x0, 0x0, 0x6, 0xff,
    0xf3, 0x0, 0x3f, 0xff, 0x60, 0x0, 0x99, 0x98,
    0x66, 0x61, 0x0, 0x3f, 0xff, 0xc9, 0x99, 0xff,
    0xf9, 0x0, 0x0, 0x0, 0x3f, 0xff, 0xff, 0xff,
    0xff, 0xf9, 0x0, 0x0, 0x0, 0x3f, 0xff, 0xff,
    0xff, 0xff, 0xf9, 0x0, 0x0, 0x0, 0x3f, 0xff,
    0xff, 0xff,

    /* U+03C1 "ρ" */
    0x0, 0x0, 0x0, 0xc, 0xff, 0xff, 0xff, 0x60,
    0x0, 0x0, 0x0, 0x0, 0xc, 0xff, 0xff, 0xff,
    0x60, 0x0, 0x0, 0x0, 0x0, 0xc, 0xff, 0xff,
    0xff, 0x60, 0x0, 0x0, 0x0, 0x0, 0x7, 0x99,
    0x99, 0x99, 0x30, 0x0, 0x0, 0x6, 0xff, 0xf3,
    0x0, 0x0, 0x0, 0x9f, 0xff, 0x0, 0x6, 0xff,
    0xf3, 0x0, 0x0, 0x0, 0x9f, 0xff, 0x0, 0x6,
    0xff, 0xf3, 0x0, 0x0, 0x0, 0x9f, 0xff, 0x0,
    0x6, 0xff, 0xf3, 0x0, 0x0, 0x0, 0x9f, 0xff,
    0x0, 0x6, 0xff, 0xf3, 0x0, 0x0, 0x0, 0x9f,
    0xff, 0x0, 0x6, 0xff, 0xf3, 0x0, 0x0, 0x0,
    0x9f, 0xff, 0x0, 0x6, 0xff, 0xf3, 0x0, 0x0,
    0x0, 0x9f, 0xff, 0x0, 0x6, 0xff, 0xff, 0xff,
    0xff, 0xff, 0x83, 0x33, 0x0, 0x6, 0xff, 0xff,
    0xff, 0xff, 0xff, 0x60, 0x0, 0x0, 0x6, 0xff,
    0xff, 0xff, 0xff, 0xff, 0x60, 0x0, 0x0, 0x6,
    0xff, 0xfa, 0x99, 0x99, 0x99, 0x30, 0x0, 0x0,
    0x6, 0xff, 0xf3, 0x0, 0x0, 0x0, 0x0, 0x0,
    0x0, 0x6, 0xff, 0xf3, 0x0, 0x0, 0x0, 0x0,
    0x0, 0x0, 0x6, 0xff, 0xf3, 0x0, 0x0, 0x0,
    0x0, 0x0, 0x99, 0x98, 0x66, 0x61, 0x0, 0x0,
    0x0, 0x0, 0x0, 0xff, 0xf9, 0x0, 0x0, 0x0,
    0x0, 0x0, 0x0, 0x0, 0xff, 0xf9, 0x0, 0x0,
    0x0, 0x0, 0x0, 0x0, 0x0, 0xff, 0xf9, 0x0,
    0x0, 0x0, 0x0, 0x0, 0x0, 0x0,

    /* U+03C2 "ς" */
    0x0, 0x6, 0xff, 0xff, 0xff, 0xff, 0xff, 0x60,
    0x0, 0x0, 0x6, 0xff, 0xff, 0xff, 0xff, 0xff,
    0x60, 0x0, 0x0, 0x6, 0xff, 0xff, 0xff, 0xff,
    0xff, 0x60, 0x0, 0x0, 0x3, 0x99, 0x99, 0x99,
    0x99, 0x99, 0x30, 0x0, 0xff, 0xf9, 0x0, 0x0,
    0x0, 0x0, 0x0, 0x9f, 0xff, 0xff, 0xf9, 0x0,
    0x0, 0x0, 0x0, 0x0, 0x9f, 0xff, 0xff, 0xf9,
    0x0, 0x0, 0x0, 0x0, 0x0, 0x9f, 0xff, 0xff,
    0xf9, 0x0, 0x0, 0x0, 0x0, 0x0, 0x59, 0x99,
    0xff, 0xf9, 0x0, 0x0, 0x0, 0x0, 0x0, 0x0,
    0x0, 0xff, 0xf9, 0x0, 0x0, 0x0, 0x0, 0x0,
    0x0, 0x0, 0xff, 0xf9, 0x0, 0x0, 0x0, 0x0,
    0x0, 0x0, 0x0, 0x33, 0x38, 0xff, 0xff, 0xff,
    0xc0, 0x0, 0x0, 0x0, 0x0, 0x6, 0xff, 0xff,
    0xff, 0xc0, 0x0, 0x0, 0x0, 0x0, 0x6, 0xff,
    0xff, 0xff, 0xc0, 0x0, 0x0, 0x0, 0x0, 0x3,
    0x99, 0x99, 0x99, 0x70, 0x0, 0x0, 0x0, 0x0,
    0x0, 0x0, 0x0, 0x0, 0x3f, 0xff, 0x60, 0x0,
    0x0, 0x0, 0x0, 0x0, 0x0, 0x3f, 0xff, 0x60,
    0x0, 0x0, 0x0, 0x0, 0x0, 0x0, 0x3f, 0xff,
    0x60, 0x0, 0x0, 0x3, 0x99, 0x99, 0x99, 0x86,
    0x66, 0x20, 0x0, 0x0, 0x6, 0xff, 0xff, 0xff,
    0xc0, 0x0, 0x0, 0x0, 0x0, 0x6, 0xff, 0xff,
    0xff, 0xc0, 0x0, 0x0, 0x0, 0x0, 0x6, 0xff,
    0xff, 0xff, 0xc0, 0x0, 0x0, 0x0,

    /* U+03C3 "σ" */
    0x0, 0x0, 0x0, 0x0, 0x0, 0x0, 0x0, 0x9f,
    0xff, 0x0, 0x0, 0x0, 0x0, 0x0, 0x0, 0x0,
    0x9f, 0xff, 0x0, 0x0, 0x0, 0x0, 0x0, 0x0,
    0x0, 0x9f, 0xff, 0x0, 0x0, 0x0, 0x0, 0x0,
    0x3f, 0xff, 0xc9, 0x99, 0x0, 0x0, 0x0, 0x0,
    0x0, 0x3f, 0xff, 0x60, 0x0, 0x0, 0x0, 0x0,
    0x0, 0x0, 0x3f, 0xff, 0x60, 0x0, 0x0, 0x0,
    0x0, 0x0, 0x0, 0x19, 0x99, 0x30, 0x0, 0x0,
    0x6, 0xff, 0xff, 0xff, 0xc0, 0x0, 0x0, 0x0,
    0x0, 0x6, 0xff, 0xff, 0xff, 0xc0, 0x0, 0x0,
    0x0, 0x0, 0x6, 0xff, 0xff, 0xff, 0xc0, 0x0,
    0x0, 0x0, 0x0, 0x3, 0x99, 0x99, 0x99, 0x70,
    0x0, 0x0, 0x0, 0xff, 0xf9, 0x0, 0x0, 0x0,
    0x3f, 0xff, 0x60, 0x0, 0xff, 0xf9, 0x0, 0x0,
    0x0, 0x3f, 0xff, 0x60, 0x0, 0xff, 0xf9, 0x0,
    0x0, 0x0, 0x3f, 0xff, 0x60, 0x0, 0xff, 0xf9,
    0x0, 0x0, 0x0, 0x3f, 0xff, 0x60, 0x0, 0xff,
    0xf9, 0x0, 0x0, 0x0, 0x3f, 0xff, 0x60, 0x0,
    0xff, 0xf9, 0x0, 0x0, 0x0, 0x3f, 0xff, 0x60,
    0x0, 0xff, 0xf9, 0x0, 0x0, 0x0, 0x3f, 0xff,
    0x60, 0x0, 0xff, 0xf9, 0x0, 0x0, 0x0, 0x3f,
    0xff, 0x60, 0x0, 0xff, 0xf9, 0x0, 0x0, 0x0,
    0x3f, 0xff, 0x60, 0x0, 0xff, 0xf9, 0x0, 0x0,
    0x0, 0x3f, 0xff, 0x60, 0x0, 0x66, 0x67, 0x99,
    0x99, 0x99, 0x86, 0x66, 0x20, 0x0, 0x0, 0x6,
    0xff, 0xff, 0xff, 0xc0, 0x0, 0x0, 0x0, 0x0,
    0x6, 0xff, 0xff, 0xff, 0xc0, 0x0, 0x0, 0x0,
    0x0, 0x6, 0xff, 0xff, 0xff, 0xc0, 0x0, 0x0,
    0x0,

    /* U+03C4 "τ" */
    0xff, 0xff, 0xff, 0xff, 0xff, 0xff, 0xff, 0xff,
    0xff, 0xff, 0xff, 0xff, 0xff, 0xff, 0xff, 0xff,
    0xff, 0xff, 0xff, 0xff, 0xff, 0xff, 0xff, 0xff,
    0xff, 0xff, 0xff, 0x99, 0x99, 0x99, 0x9e, 0xff,
    0xe9, 0x99, 0x99, 0x99, 0x0, 0x0, 0x0, 0xc,
    0xff, 0xc0, 0x0, 0x0, 0x0, 0x0, 0x0, 0x0,
    0xc, 0xff, 0xc0, 0x0, 0x0, 0x0, 0x0, 0x0,
    0x0, 0xc, 0xff, 0xc0, 0x0, 0x0, 0x0, 0x0,
    0x5, 0xcc, 0xc5, 0x33, 0x20, 0x0, 0x0, 0x0,
    0x0, 0x6, 0xff, 0xf3, 0x0, 0x0, 0x0, 0x0,
    0x0, 0x0, 0x6, 0xff, 0xf3, 0x0, 0x0, 0x0,
    0x0, 0x0, 0x0, 0x6, 0xff, 0xf3, 0x0, 0x0,
    0x0, 0x0, 0x0, 0x0, 0x6, 0xff, 0xf3, 0x0,
    0x0, 0x0, 0x9f, 0xff, 0x0, 0x6, 0xff, 0xf3,
    0x0, 0x0, 0x0, 0x9f, 0xff, 0x0, 0x6, 0xff,
    0xf3, 0x0, 0x0, 0x0, 0x9f, 0xff, 0x0, 0x2,
    0x66, 0x68, 0x99, 0x99, 0x99, 0x76, 0x66, 0x0,
    0x0, 0x0, 0xc, 0xff, 0xff, 0xff, 0x60, 0x0,
    0x0, 0x0, 0x0, 0xc, 0xff, 0xff, 0xff, 0x60,
    0x0, 0x0, 0x0, 0x0, 0xc, 0xff, 0xff, 0xff,
    0x60, 0x0,

    /* U+03C5 "υ" */
    0xff, 0xf9, 0x0, 0x0, 0x0, 0x0, 0x0, 0x9f,
    0xff, 0xff, 0xf9, 0x0, 0x0, 0x0, 0x0, 0x0,
    0x9f, 0xff, 0xff, 0xf9, 0x0, 0x0, 0x0, 0x0,
    0x0, 0x9f, 0xff, 0xff, 0xf9, 0x0, 0x0, 0x0,
    0x0, 0x0, 0x9f, 0xff, 0xff, 0xf9, 0x0, 0x0,
    0x0, 0x0, 0x0, 0x9f, 0xff, 0xff, 0xf9, 0x0,
    0x0, 0x0, 0x0, 0x0, 0x9f, 0xff, 0xff, 0xf9,
    0x0, 0x0, 0x0, 0x0, 0x0, 0x9f, 0xff, 0xff,
    0xf9, 0x0, 0x0, 0x0, 0x0, 0x0, 0x9f, 0xff,
    0xff, 0xf9, 0x0, 0x0, 0x0, 0x0, 0x0, 0x9f,
    0xff, 0xff, 0xf9, 0x0, 0x0, 0x0, 0x0, 0x0,
    0x9f, 0xff, 0xff, 0xf9, 0x0, 0x0, 0x0, 0x0,
    0x0, 0x9f, 0xff, 0xff, 0xf9, 0x0, 0x0, 0x0,
    0x0, 0x0, 0x9f, 0xff, 0xff, 0xf9, 0x0, 0x0,
    0x0, 0x0, 0x0, 0x9f, 0xff, 0xff, 0xf9, 0x0,
    0x0, 0x0, 0x0, 0x0, 0x9f, 0xff, 0x66, 0x67,
    0x99, 0x99, 0x99, 0x99, 0x99, 0x76, 0x66, 0x0,
    0x6, 0xff, 0xff, 0xff, 0xff, 0xff, 0x60, 0x0,
    0x0, 0x6, 0xff, 0xff, 0xff, 0xff, 0xff, 0x60,
    0x0, 0x0, 0x6, 0xff, 0xff, 0xff, 0xff, 0xff,
    0x60, 0x0,

    /* U+03C6 "φ" */
    0x0, 0x0, 0x0, 0xc, 0xff, 0xc0, 0x0, 0x0,
    0x0, 0x0, 0x0, 0x0, 0xc, 0xff, 0xc0, 0x0,
    0x0, 0x0, 0x0, 0x0, 0x0, 0xc, 0xff, 0xc0,
    0x0, 0x0, 0x0, 0x0, 0x0, 0x0, 0xc, 0xff,
    0xc0, 0x0, 0x0, 0x0, 0x0, 0x6, 0xff, 0xff,
    0xff, 0xff, 0xff, 0x60, 0x0, 0x0, 0x6, 0xff,
    0xff, 0xff, 0xff, 0xff, 0x60, 0x0, 0x0, 0x6,
    0xff, 0xff, 0xff, 0xff, 0xff, 0x60, 0x0, 0x99,
    0x99, 0x99, 0x9e, 0xff, 0xe9, 0x99, 0x99, 0x99,
    0xff, 0xf9, 0x0, 0xc, 0xff, 0xc0, 0x0, 0x9f,
    0xff, 0xff, 0xf9, 0x0, 0xc, 0xff, 0xc0, 0x0,
    0x9f, 0xff, 0xff, 0xf9, 0x0, 0xc, 0xff, 0xc0,
    0x0, 0x9f, 0xff, 0x0, 0x6, 0xff, 0xff, 0xff,
    0xff, 0xff, 0x60, 0x0, 0x0, 0x6, 0xff, 0xff,
    0xff, 0xff, 0xff, 0x60, 0x0, 0x0, 0x6, 0xff,
    0xff, 0xff, 0xff, 0xff, 0x60, 0x0, 0x0, 0x3,
    0x99, 0x9e, 0xff, 0xe9, 0x99, 0x30, 0x0, 0x0,
    0x0, 0x0, 0xc, 0xff, 0xc0, 0x0, 0x0, 0x0,
    0x0, 0x0, 0x0, 0xc, 0xff, 0xc0, 0x0, 0x0,
    0x0, 0x0, 0x0, 0x0, 0xc, 0xff, 0xc0, 0x0,
    0x0, 0x0, 0x0, 0x0, 0x0, 0xc, 0xff, 0xc0,
    0x0, 0x0, 0x0, 0x0, 0x0, 0x0, 0xc, 0xff,
    0xc0, 0x0, 0x0, 0x0, 0x0, 0x0, 0x0, 0xc,
    0xff, 0xc0, 0x0, 0x0, 0x0, 0x0, 0x0, 0x0,
    0xc, 0xff, 0xc0, 0x0, 0x0, 0x0,

    /* U+03C7 "χ" */
    0x0, 0x6, 0xff, 0xf3, 0x0, 0x0, 0x0, 0x9f,
    0xff, 0x0, 0x6, 0xff, 0xf3, 0x0, 0x0, 0x0,
    0x9f, 0xff, 0x0, 0x6, 0xff, 0xf3, 0x0, 0x0,
    0x0, 0x9f, 0xff, 0x99, 0x99, 0x99, 0x99, 0x99,
    0x99, 0x99, 0x99, 0x99, 0xff, 0xf9, 0x0, 0xc,
    0xff, 0xff, 0xff, 0x60, 0x0, 0xff, 0xf9, 0x0,
    0xc, 0xff, 0xff, 0xff, 0x60, 0x0, 0xff, 0xf9,
    0x0, 0xc, 0xff, 0xff, 0xff, 0x60, 0x0, 0x0,
    0x0, 0x0, 0xc, 0xff, 0xc0, 0x0, 0x0, 0x0,
    0x0, 0x0, 0x0, 0xc, 0xff, 0xc0, 0x0, 0x0,
    0x0, 0x0, 0x0, 0x0, 0xc, 0xff, 0xc0, 0x0,
    0x0, 0x0, 0x0, 0x0, 0x0, 0xc, 0xff, 0xc0,
    0x0, 0x0, 0x0, 0x0, 0x6, 0xff, 0xff, 0xff,
    0xc0, 0x0, 0x9f, 0xff, 0x0, 0x6, 0xff, 0xff,
    0xff, 0xc0, 0x0, 0x9f, 0xff, 0x0, 0x6, 0xff,
    0xff, 0xff, 0xc0, 0x0, 0x9f, 0xff, 0x99, 0x98,
    0x66, 0x66, 0x66, 0x79, 0x99, 0x76, 0x66, 0xff,
    0xf9, 0x0, 0x0, 0x0, 0x3f, 0xff, 0x60, 0x0,
    0xff, 0xf9, 0x0, 0x0, 0x0, 0x3f, 0xff, 0x60,
    0x0, 0xff, 0xf9, 0x0, 0x0, 0x0, 0x3f, 0xff,
    0x60, 0x0,

    /* U+03C8 "ψ" */
    0x0, 0x0, 0x0, 0xc, 0xff, 0xc0, 0x0, 0x0,
    0x0, 0x0, 0x0, 0x0, 0xc, 0xff, 0xc0, 0x0,
    0x0, 0x0, 0x0, 0x0, 0x0, 0xc, 0xff, 0xc0,
    0x0, 0x0, 0x0, 0x0, 0x0, 0x0, 0xc, 0xff,
    0xc0, 0x0, 0x0, 0x0, 0xff, 0xf9, 0x0, 0xc,
    0xff, 0xc0, 0x0, 0x0, 0x0, 0xff, 0xf9, 0x0,
    0xc, 0xff, 0xc0, 0x0, 0x0, 0x0, 0xff, 0xf9,
    0x0, 0xc, 0xff, 0xc0, 0x0, 0x0, 0x0, 0xff,
    0xf9, 0x0, 0xc, 0xff, 0xc0, 0x0, 0x36, 0x66,
    0xff, 0xf9, 0x0, 0xc, 0xff, 0xc0, 0x0, 0x9f,
    0xff, 0xff, 0xf9, 0x0, 0xc, 0xff, 0xc0, 0x0,
    0x9f, 0xff, 0xff, 0xf9, 0x0, 0xc, 0xff, 0xc0,
    0x0, 0x9f, 0xff, 0x33, 0x38, 0xff, 0xff, 0xff,
    0xff, 0xff, 0x83, 0x33, 0x0, 0x6, 0xff, 0xff,
    0xff, 0xff, 0xff, 0x60, 0x0, 0x0, 0x6, 0xff,
    0xff, 0xff, 0xff, 0xff, 0x60, 0x0, 0x0, 0x3,
    0x99, 0x9e, 0xff, 0xe9, 0x99, 0x30, 0x0, 0x0,
    0x0, 0x0, 0xc, 0xff, 0xc0, 0x0, 0x0, 0x0,
    0x0, 0x0, 0x0, 0xc, 0xff, 0xc0, 0x0, 0x0,
    0x0, 0x0, 0x0, 0x0, 0xc, 0xff, 0xc0, 0x0,
    0x0, 0x0, 0x0, 0x0, 0x0, 0xc, 0xff, 0xc0,
    0x0, 0x0, 0x0, 0x0, 0x0, 0x0, 0xc, 0xff,
    0xc0, 0x0, 0x0, 0x0, 0x0, 0x0, 0x0, 0xc,
    0xff, 0xc0, 0x0, 0x0, 0x0, 0x0, 0x0, 0x0,
    0xc, 0xff, 0xc0, 0x0, 0x0, 0x0,

    /* U+03C9 "ω" */
    0x0, 0x6, 0xff, 0xf3, 0x0, 0x3f, 0xff, 0x60,
    0x0, 0x0, 0x6, 0xff, 0xf3, 0x0, 0x3f, 0xff,
    0x60, 0x0, 0x0, 0x6, 0xff, 0xf3, 0x0, 0x3f,
    0xff, 0x60, 0x0, 0x99, 0x99, 0x99, 0x91, 0x0,
    0x19, 0x99, 0x99, 0x99, 0xff, 0xf9, 0x0, 0x0,
    0x0, 0x0, 0x0, 0x9f, 0xff, 0xff, 0xf9, 0x0,
    0x0, 0x0, 0x0, 0x0, 0x9f, 0xff, 0xff, 0xf9,
    0x0, 0x0, 0x0, 0x0, 0x0, 0x9f, 0xff, 0xff,
    0xf9, 0x0, 0xc, 0xff, 0xc0, 0x0, 0x9f, 0xff,
    0xff, 0xf9, 0x0, 0xc, 0xff, 0xc0, 0x0, 0x9f,
    0xff, 0xff, 0xf9, 0x0, 0xc, 0xff, 0xc0, 0x0,
    0x9f, 0xff, 0xff, 0xf9, 0x0, 0xc, 0xff, 0xc0,
    0x0, 0x9f, 0xff, 0xff, 0xf9, 0x0, 0xc, 0xff,
    0xc0, 0x0, 0x9f, 0xff, 0xff, 0xf9, 0x0, 0xc,
    0xff, 0xc0, 0x0, 0x9f, 0xff, 0xff, 0xf9, 0x0,
    0xc, 0xff, 0xc0, 0x0, 0x9f, 0xff, 0x33, 0x35,
    0x99, 0x94, 0x33, 0x49, 0x99, 0x53, 0x33, 0x0,
    0x6, 0xff, 0xf3, 0x0, 0x3f, 0xff, 0x60, 0x0,
    0x0, 0x6, 0xff, 0xf3, 0x0, 0x3f, 0xff, 0x60,
    0x0, 0x0, 0x6, 0xff, 0xf3, 0x0, 0x3f, 0xff,
    0x60, 0x0,

    /* U+2018 "‘" */
    0x0, 0x0, 0xcf, 0xfc, 0x0, 0x0, 0xcf, 0xfc,
    0x0, 0x0, 0xcf, 0xfc, 0x26, 0x66, 0x99, 0x97,
    0x6f, 0xff, 0x30, 0x0, 0x6f, 0xff, 0x30, 0x0,
    0x6f, 0xff, 0x30, 0x0, 0x6f, 0xff, 0xff, 0xfc,
    0x6f, 0xff, 0xff, 0xfc, 0x6f, 0xff, 0xff, 0xfc,
    0x39, 0x99, 0x99, 0x97,

    /* U+2019 "’" */
    0x6f, 0xff, 0xff, 0xfc, 0x6f, 0xff, 0xff, 0xfc,
    0x6f, 0xff, 0xff, 0xfc, 0x39, 0x99, 0xef, 0xfc,
    0x0, 0x0, 0xcf, 0xfc, 0x0, 0x0, 0xcf, 0xfc,
    0x0, 0x0, 0xcf, 0xfc, 0x6f, 0xff, 0x30, 0x0,
    0x6f, 0xff, 0x30, 0x0, 0x6f, 0xff, 0x30, 0x0,
    0x39, 0x99, 0x10, 0x0,

    /* U+201C "“" */
    0x0, 0x6, 0xff, 0xf3, 0x0, 0x0, 0x0, 0x9f,
    0xff, 0x0, 0x6, 0xff, 0xf3, 0x0, 0x0, 0x0,
    0x9f, 0xff, 0x0, 0x6, 0xff, 0xf3, 0x0, 0x0,
    0x0, 0x9f, 0xff, 0x66, 0x67, 0x99, 0x91, 0x0,
    0x16, 0x66, 0x89, 0x99, 0xff, 0xf9, 0x0, 0x0,
    0x0, 0x3f, 0xff, 0x60, 0x0, 0xff, 0xf9, 0x0,
    0x0, 0x0, 0x3f, 0xff, 0x60, 0x0, 0xff, 0xf9,
    0x0, 0x0, 0x0, 0x3f, 0xff, 0x60, 0x0, 0xff,
    0xff, 0xff, 0xf3, 0x0, 0x3f, 0xff, 0xff, 0xff,
    0xff, 0xff, 0xff, 0xf3, 0x0, 0x3f, 0xff, 0xff,
    0xff, 0xff, 0xff, 0xff, 0xf3, 0x0, 0x3f, 0xff,
    0xff, 0xff, 0x99, 0x99, 0x99, 0x91, 0x0, 0x19,
    0x99, 0x99, 0x99,

    /* U+201D "”" */
    0xff, 0xff, 0xff, 0xf3, 0x0, 0x3f, 0xff, 0xff,
    0xff, 0xff, 0xff, 0xff, 0xf3, 0x0, 0x3f, 0xff,
    0xff, 0xff, 0xff, 0xff, 0xff, 0xf3, 0x0, 0x3f,
    0xff, 0xff, 0xff, 0x99, 0x9c, 0xff, 0xf3, 0x0,
    0x19, 0x99, 0xdf, 0xff, 0x0, 0x6, 0xff, 0xf3,
    0x0, 0x0, 0x0, 0x9f, 0xff, 0x0, 0x6, 0xff,
    0xf3, 0x0, 0x0, 0x0, 0x9f, 0xff, 0x0, 0x6,
    0xff, 0xf3, 0x0, 0x0, 0x0, 0x9f, 0xff, 0xff,
    0xf9, 0x0, 0x0, 0x0, 0x3f, 0xff, 0x60, 0x0,
    0xff, 0xf9, 0x0, 0x0, 0x0, 0x3f, 0xff, 0x60,
    0x0, 0xff, 0xf9, 0x0, 0x0, 0x0, 0x3f, 0xff,
    0x60, 0x0, 0x99, 0x95, 0x0, 0x0, 0x0, 0x19,
    0x99, 0x30, 0x0,

    /* U+2022 "•" */
    0x33, 0x33, 0x33, 0x30, 0xff, 0xff, 0xff, 0xf3,
    0xff, 0xff, 0xff, 0xf3, 0xff, 0xff, 0xff, 0xf3,
    0xff, 0xff, 0xff, 0xf3, 0xff, 0xff, 0xff, 0xf3,
    0xff, 0xff, 0xff, 0xf3, 0xff, 0xff, 0xff, 0xf3,

    /* U+2023 "‣" */
    0x6f, 0xff, 0x30, 0x0, 0x0, 0x0, 0x6f, 0xff,
    0x30, 0x0, 0x0, 0x0, 0x6f, 0xff, 0x30, 0x0,
    0x0, 0x0, 0x6f, 0xff, 0x30, 0x0, 0x0, 0x0,
    0x6f, 0xff, 0xff, 0xfc, 0x0, 0x0, 0x6f, 0xff,
    0xff, 0xfc, 0x0, 0x0, 0x6f, 0xff, 0xff, 0xfc,
    0x0, 0x0, 0x6f, 0xff, 0xff, 0xfe, 0x99, 0x93,
    0x6f, 0xff, 0xff, 0xff, 0xff, 0xf6, 0x6f, 0xff,
    0xff, 0xff, 0xff, 0xf6, 0x6f, 0xff, 0xff, 0xff,
    0xff, 0xf6, 0x6f, 0xff, 0xff, 0xfc, 0x0, 0x0,
    0x6f, 0xff, 0xff, 0xfc, 0x0, 0x0, 0x6f, 0xff,
    0xff, 0xfc, 0x0, 0x0, 0x6f, 0xff, 0xdc, 0xca,
    0x0, 0x0, 0x6f, 0xff, 0x30, 0x0, 0x0, 0x0,
    0x6f, 0xff, 0x30, 0x0, 0x0, 0x0, 0x6f, 0xff,
    0x30, 0x0, 0x0, 0x0,

    /* U+2026 "…" */
    0x99, 0x95, 0x0, 0x7, 0x99, 0x70, 0x0, 0x59,
    0x99, 0xff, 0xf9, 0x0, 0xc, 0xff, 0xc0, 0x0,
    0x9f, 0xff, 0xff, 0xf9, 0x0, 0xc, 0xff, 0xc0,
    0x0, 0x9f, 0xff, 0xff, 0xf9, 0x0, 0xc, 0xff,
    0xc0, 0x0, 0x9f, 0xff,

    /* U+2038 "‸" */
    0x0, 0x0, 0x0, 0xc, 0xff, 0xc0, 0x0, 0x0,
    0x0, 0x0, 0x0, 0x0, 0xc, 0xff, 0xc0, 0x0,
    0x0, 0x0, 0x0, 0x0, 0x0, 0xc, 0xff, 0xc0,
    0x0, 0x0, 0x0, 0x0, 0x3, 0x99, 0x99, 0x99,
    0x99, 0x99, 0x30, 0x0, 0x0, 0x6, 0xff, 0xf3,
    0x0, 0x3f, 0xff, 0x60, 0x0, 0x0, 0x6, 0xff,
    0xf3, 0x0, 0x3f, 0xff, 0x60, 0x0, 0x0, 0x6,
    0xff, 0xf3, 0x0, 0x3f, 0xff, 0x60, 0x0, 0xff,
    0xf9, 0x0, 0x0, 0x0, 0x0, 0x0, 0x9f, 0xff,
    0xff, 0xf9, 0x0, 0x0, 0x0, 0x0, 0x0, 0x9f,
    0xff, 0xff, 0xf9, 0x0, 0x0, 0x0, 0x0, 0x0,
    0x9f, 0xff, 0x99, 0x95, 0x0, 0x0, 0x0, 0x0,
    0x0, 0x59, 0x99,

    /* U+2039 "‹" */
    0x0, 0x0, 0x0, 0x0, 0x0, 0x3f, 0xff, 0x60,
    0x0, 0x0, 0x0, 0x0, 0x3, 0xff, 0xf6, 0x0,
    0x0, 0x0, 0x0, 0x0, 0x3f, 0xff, 0x60, 0x0,
    0x0, 0x0, 0x79, 0x99, 0x99, 0x93, 0x0, 0x0,
    0x0, 0xc, 0xff, 0xc0, 0x0, 0x0, 0x0, 0x0,
    0x0, 0xcf, 0xfc, 0x0, 0x0, 0x0, 0x0, 0x0,
    0xc, 0xff, 0xc0, 0x0, 0x0, 0x0, 0x6f, 0xff,
    0x30, 0x0, 0x0, 0x0, 0x0, 0x6, 0xff, 0xf3,
    0x0, 0x0, 0x0, 0x0, 0x0, 0x6f, 0xff, 0x30,
    0x0, 0x0, 0x0, 0x99, 0x99, 0x99, 0x91, 0x0,
    0x0, 0x0, 0xf, 0xff, 0x90, 0x0, 0x0, 0x0,
    0x0, 0x0, 0xff, 0xf9, 0x0, 0x0, 0x0, 0x0,
    0x0, 0xf, 0xff, 0x90, 0x0, 0x0, 0x0, 0x0,
    0x0, 0x0, 0x6, 0xff, 0xf3, 0x0, 0x0, 0x0,
    0x0, 0x0, 0x6f, 0xff, 0x30, 0x0, 0x0, 0x0,
    0x0, 0x6, 0xff, 0xf3, 0x0, 0x0, 0x0, 0x0,
    0x0, 0x39, 0x99, 0x10, 0x0, 0x0, 0x0, 0x0,
    0x0, 0x0, 0xc, 0xff, 0xc0, 0x0, 0x0, 0x0,
    0x0, 0x0, 0xcf, 0xfc, 0x0, 0x0, 0x0, 0x0,
    0x0, 0xc, 0xff, 0xc0, 0x0, 0x0, 0x0, 0x0,
    0x0, 0x56, 0x67, 0x99, 0x93, 0x0, 0x0, 0x0,
    0x0, 0x0, 0x3f, 0xff, 0x60, 0x0, 0x0, 0x0,
    0x0, 0x3, 0xff, 0xf6, 0x0, 0x0, 0x0, 0x0,
    0x0, 0x3f, 0xff, 0x60,

    /* U+203A "›" */
    0x6f, 0xff, 0x30, 0x0, 0x0, 0x0, 0x0, 0x6,
    0xff, 0xf3, 0x0, 0x0, 0x0, 0x0, 0x0, 0x6f,
    0xff, 0x30, 0x0, 0x0, 0x0, 0x0, 0x3, 0x99,
    0x99, 0x99, 0x70, 0x0, 0x0, 0x0, 0x0, 0x0,
    0xcf, 0xfc, 0x0, 0x0, 0x0, 0x0, 0x0, 0xc,
    0xff, 0xc0, 0x0, 0x0, 0x0, 0x0, 0x0, 0xcf,
    0xfc, 0x0, 0x0, 0x0, 0x0, 0x0, 0x0, 0x0,
    0x3f, 0xff, 0x60, 0x0, 0x0, 0x0, 0x0, 0x3,
    0xff, 0xf6, 0x0, 0x0, 0x0, 0x0, 0x0, 0x3f,
    0xff, 0x60, 0x0, 0x0, 0x0, 0x0, 0x1, 0x99,
    0x99, 0x99, 0x90, 0x0, 0x0, 0x0, 0x0, 0x0,
    0x9f, 0xff, 0x0, 0x0, 0x0, 0x0, 0x0, 0x9,
    0xff, 0xf0, 0x0, 0x0, 0x0, 0x0, 0x0, 0x9f,
    0xff, 0x0, 0x0, 0x0, 0x3, 0xff, 0xf6, 0x0,
    0x0, 0x0, 0x0, 0x0, 0x3f, 0xff, 0x60, 0x0,
    0x0, 0x0, 0x0, 0x3, 0xff, 0xf6, 0x0, 0x0,
    0x0, 0x0, 0x0, 0x19, 0x99, 0x30, 0x0, 0x0,
    0x0, 0xcf, 0xfc, 0x0, 0x0, 0x0, 0x0, 0x0,
    0xc, 0xff, 0xc0, 0x0, 0x0, 0x0, 0x0, 0x0,
    0xcf, 0xfc, 0x0, 0x0, 0x0, 0x3, 0x99, 0x97,
    0x66, 0x50, 0x0, 0x0, 0x0, 0x6f, 0xff, 0x30,
    0x0, 0x0, 0x0, 0x0, 0x6, 0xff, 0xf3, 0x0,
    0x0, 0x0, 0x0, 0x0, 0x6f, 0xff, 0x30, 0x0,
    0x0, 0x0, 0x0, 0x0,

    /* U+203B "※" */
    0x0, 0x0, 0x0, 0xc, 0xff, 0xc0, 0x0, 0x0,
    0x0, 0x0, 0x0, 0x0, 0xc, 0xff, 0xc0, 0x0,
    0x0, 0x0, 0x0, 0x0, 0x0, 0xc, 0xff, 0xc0,
    0x0, 0x0, 0x0, 0x99, 0x95, 0x0, 0x7, 0x99,
    0x70, 0x0, 0x59, 0x99, 0xff, 0xf9, 0x0, 0x0,
    0x0, 0x0, 0x0, 0x9f, 0xff, 0xff, 0xf9, 0x0,
    0x0, 0x0, 0x0, 0x0, 0x9f, 0xff, 0xff, 0xf9,
    0x0, 0x0, 0x0, 0x0, 0x0, 0x9f, 0xff, 0x0,
    0x6, 0xff, 0xf3, 0x0, 0x3f, 0xff, 0x60, 0x0,
    0x0, 0x6, 0xff, 0xf3, 0x0, 0x3f, 0xff, 0x60,
    0x0, 0x0, 0x6, 0xff, 0xf3, 0x0, 0x3f, 0xff,
    0x60, 0x0, 0x99, 0x99, 0x99, 0x99, 0x99, 0x99,
    0x99, 0x99, 0x99, 0xff, 0xf9, 0x0, 0xc, 0xff,
    0xc0, 0x0, 0x9f, 0xff, 0xff, 0xf9, 0x0, 0xc,
    0xff, 0xc0, 0x0, 0x9f, 0xff, 0xff, 0xf9, 0x0,
    0xc, 0xff, 0xc0, 0x0, 0x9f, 0xff, 0x0, 0x6,
    0xff, 0xf3, 0x0, 0x3f, 0xff, 0x60, 0x0, 0x0,
    0x6, 0xff, 0xf3, 0x0, 0x3f, 0xff, 0x60, 0x0,
    0x0, 0x6, 0xff, 0xf3, 0x0, 0x3f, 0xff, 0x60,
    0x0, 0x0, 0x3, 0x99, 0x91, 0x0, 0x19, 0x99,
    0x30, 0x0, 0xff, 0xf9, 0x0, 0x0, 0x0, 0x0,
    0x0, 0x9f, 0xff, 0xff, 0xf9, 0x0, 0x0, 0x0,
    0x0, 0x0, 0x9f, 0xff, 0xff, 0xf9, 0x0, 0x0,
    0x0, 0x0, 0x0, 0x9f, 0xff, 0x66, 0x63, 0x0,
    0x7, 0x99, 0x70, 0x0, 0x36, 0x66, 0x0, 0x0,
    0x0, 0xc, 0xff, 0xc0, 0x0, 0x0, 0x0, 0x0,
    0x0, 0x0, 0xc, 0xff, 0xc0, 0x0, 0x0, 0x0,
    0x0, 0x0, 0x0, 0xc, 0xff, 0xc0, 0x0, 0x0,
    0x0,

    /* U+2055 "⁕" */

    /* U+2070 "⁰" */
    0x6f, 0xff, 0xff, 0xff, 0xff, 0xf6, 0x6f, 0xff,
    0xff, 0xff, 0xff, 0xf6, 0x6f, 0xff, 0xff, 0xff,
    0xff, 0xf6, 0x6f, 0xff, 0xb9, 0x9b, 0xff, 0xf6,
    0x6f, 0xff, 0x30, 0x3, 0xff, 0xf6, 0x6f, 0xff,
    0x30, 0x3, 0xff, 0xf6, 0x6f, 0xff, 0x30, 0x3,
    0xff, 0xf6, 0x6f, 0xff, 0x30, 0x3, 0xff, 0xf6,
    0x6f, 0xff, 0x30, 0x3, 0xff, 0xf6, 0x6f, 0xff,
    0x30, 0x3, 0xff, 0xf6, 0x6f, 0xff, 0x30, 0x3,
    0xff, 0xf6, 0x6f, 0xff, 0x30, 0x3, 0xff, 0xf6,
    0x6f, 0xff, 0x30, 0x3, 0xff, 0xf6, 0x6f, 0xff,
    0x30, 0x3, 0xff, 0xf6, 0x6f, 0xff, 0xa9, 0x9a,
    0xff, 0xf6, 0x6f, 0xff, 0xff, 0xff, 0xff, 0xf6,
    0x6f, 0xff, 0xff, 0xff, 0xff, 0xf6, 0x6f, 0xff,
    0xff, 0xff, 0xff, 0xf6,

    /* U+2074 "⁴" */
    0x6f, 0xff, 0x30, 0x3, 0xff, 0xf6, 0x6f, 0xff,
    0x30, 0x3, 0xff, 0xf6, 0x6f, 0xff, 0x30, 0x3,
    0xff, 0xf6, 0x6f, 0xff, 0x30, 0x3, 0xff, 0xf6,
    0x6f, 0xff, 0x30, 0x3, 0xff, 0xf6, 0x6f, 0xff,
    0x30, 0x3, 0xff, 0xf6, 0x6f, 0xff, 0x30, 0x3,
    0xff, 0xf6, 0x6f, 0xff, 0xff, 0xff, 0xff, 0xf6,
    0x6f, 0xff, 0xff, 0xff, 0xff, 0xf6, 0x6f, 0xff,
    0xff, 0xff, 0xff, 0xf6, 0x39, 0x99, 0x99, 0x9a,
    0xff, 0xf6, 0x0, 0x0, 0x0, 0x3, 0xff, 0xf6,
    0x0, 0x0, 0x0, 0x3, 0xff, 0xf6, 0x0, 0x0,
    0x0, 0x3, 0xff, 0xf6, 0x0, 0x0, 0x0, 0x3,
    0xff, 0xf6, 0x0, 0x0, 0x0, 0x3, 0xff, 0xf6,
    0x0, 0x0, 0x0, 0x3, 0xff, 0xf6, 0x0, 0x0,
    0x0, 0x3, 0xff, 0xf6,

    /* U+2075 "⁵" */
    0x6f, 0xff, 0xff, 0xff, 0xff, 0xf6, 0x6f, 0xff,
    0xff, 0xff, 0xff, 0xf6, 0x6f, 0xff, 0xff, 0xff,
    0xff, 0xf6, 0x6f, 0xff, 0xb9, 0x99, 0x99, 0x93,
    0x6f, 0xff, 0x30, 0x0, 0x0, 0x0, 0x6f, 0xff,
    0x30, 0x0, 0x0, 0x0, 0x6f, 0xff, 0x30, 0x0,
    0x0, 0x0, 0x6f, 0xff, 0xff, 0xff, 0xff, 0xf6,
    0x6f, 0xff, 0xff, 0xff, 0xff, 0xf6, 0x6f, 0xff,
    0xff, 0xff, 0xff, 0xf6, 0x39, 0x99, 0x99, 0x9a,
    0xff, 0xf6, 0x0, 0x0, 0x0, 0x3, 0xff, 0xf6,
    0x0, 0x0, 0x0, 0x3, 0xff, 0xf6, 0x0, 0x0,
    0x0, 0x3, 0xff, 0xf6, 0x39, 0x99, 0x99, 0x9a,
    0xff, 0xf6, 0x6f, 0xff, 0xff, 0xff, 0xff, 0xf6,
    0x6f, 0xff, 0xff, 0xff, 0xff, 0xf6, 0x6f, 0xff,
    0xff, 0xff, 0xff, 0xf6,

    /* U+2076 "⁶" */
    0x6f, 0xff, 0xff, 0xff, 0xff, 0xf6, 0x6f, 0xff,
    0xff, 0xff, 0xff, 0xf6, 0x6f, 0xff, 0xff, 0xff,
    0xff, 0xf6, 0x6f, 0xff, 0xb9, 0x99, 0x99, 0x93,
    0x6f, 0xff, 0x30, 0x0, 0x0, 0x0, 0x6f, 0xff,
    0x30, 0x0, 0x0, 0x0, 0x6f, 0xff, 0x30, 0x0,
    0x0, 0x0, 0x6f, 0xff, 0xff, 0xff, 0xff, 0xf6,
    0x6f, 0xff, 0xff, 0xff, 0xff, 0xf6, 0x6f, 0xff,
    0xff, 0xff, 0xff, 0xf6, 0x6f, 0xff, 0xa9, 0x9a,
    0xff, 0xf6, 0x6f, 0xff, 0x30, 0x3, 0xff, 0xf6,
    0x6f, 0xff, 0x30, 0x3, 0xff, 0xf6, 0x6f, 0xff,
    0x30, 0x3, 0xff, 0xf6, 0x6f, 0xff, 0xa9, 0x9a,
    0xff, 0xf6, 0x6f, 0xff, 0xff, 0xff, 0xff, 0xf6,
    0x6f, 0xff, 0xff, 0xff, 0xff, 0xf6, 0x6f, 0xff,
    0xff, 0xff, 0xff, 0xf6,

    /* U+2077 "⁷" */
    0x6f, 0xff, 0xff, 0xff, 0xff, 0xf6, 0x6f, 0xff,
    0xff, 0xff, 0xff, 0xf6, 0x6f, 0xff, 0xff, 0xff,
    0xff, 0xf6, 0x6f, 0xff, 0xb9, 0x9b, 0xff, 0xf6,
    0x6f, 0xff, 0x30, 0x3, 0xff, 0xf6, 0x6f, 0xff,
    0x30, 0x3, 0xff, 0xf6, 0x6f, 0xff, 0x30, 0x3,
    0xff, 0xf6, 0x13, 0x33, 0x0, 0x3, 0xff, 0xf6,
    0x0, 0x0, 0x0, 0x3, 0xff, 0xf6, 0x0, 0x0,
    0x0, 0x3, 0xff, 0xf6, 0x0, 0x0, 0x0, 0x3,
    0xff, 0xf6, 0x0, 0x0, 0x0, 0x3, 0xff, 0xf6,
    0x0, 0x0, 0x0, 0x3, 0xff, 0xf6, 0x0, 0x0,
    0x0, 0x3, 0xff, 0xf6, 0x0, 0x0, 0x0, 0x3,
    0xff, 0xf6, 0x0, 0x0, 0x0, 0x3, 0xff, 0xf6,
    0x0, 0x0, 0x0, 0x3, 0xff, 0xf6, 0x0, 0x0,
    0x0, 0x3, 0xff, 0xf6,

    /* U+2078 "⁸" */
    0x6f, 0xff, 0xff, 0xff, 0xff, 0xf6, 0x6f, 0xff,
    0xff, 0xff, 0xff, 0xf6, 0x6f, 0xff, 0xff, 0xff,
    0xff, 0xf6, 0x6f, 0xff, 0xb9, 0x9b, 0xff, 0xf6,
    0x6f, 0xff, 0x30, 0x3, 0xff, 0xf6, 0x6f, 0xff,
    0x30, 0x3, 0xff, 0xf6, 0x6f, 0xff, 0x30, 0x3,
    0xff, 0xf6, 0x6f, 0xff, 0xff, 0xff, 0xff, 0xf6,
    0x6f, 0xff, 0xff, 0xff, 0xff, 0xf6, 0x6f, 0xff,
    0xff, 0xff, 0xff, 0xf6, 0x6f, 0xff, 0xa9, 0x9a,
    0xff, 0xf6, 0x6f, 0xff, 0x30, 0x3, 0xff, 0xf6,
    0x6f, 0xff, 0x30, 0x3, 0xff, 0xf6, 0x6f, 0xff,
    0x30, 0x3, 0xff, 0xf6, 0x6f, 0xff, 0xa9, 0x9a,
    0xff, 0xf6, 0x6f, 0xff, 0xff, 0xff, 0xff, 0xf6,
    0x6f, 0xff, 0xff, 0xff, 0xff, 0xf6, 0x6f, 0xff,
    0xff, 0xff, 0xff, 0xf6,

    /* U+2079 "⁹" */
    0x6f, 0xff, 0xff, 0xff, 0xff, 0xf6, 0x6f, 0xff,
    0xff, 0xff, 0xff, 0xf6, 0x6f, 0xff, 0xff, 0xff,
    0xff, 0xf6, 0x6f, 0xff, 0xb9, 0x9b, 0xff, 0xf6,
    0x6f, 0xff, 0x30, 0x3, 0xff, 0xf6, 0x6f, 0xff,
    0x30, 0x3, 0xff, 0xf6, 0x6f, 0xff, 0x30, 0x3,
    0xff, 0xf6, 0x6f, 0xff, 0xff, 0xff, 0xff, 0xf6,
    0x6f, 0xff, 0xff, 0xff, 0xff, 0xf6, 0x6f, 0xff,
    0xff, 0xff, 0xff, 0xf6, 0x39, 0x99, 0x99, 0x9a,
    0xff, 0xf6, 0x0, 0x0, 0x0, 0x3, 0xff, 0xf6,
    0x0, 0x0, 0x0, 0x3, 0xff, 0xf6, 0x0, 0x0,
    0x0, 0x3, 0xff, 0xf6, 0x39, 0x99, 0x99, 0x9a,
    0xff, 0xf6, 0x6f, 0xff, 0xff, 0xff, 0xff, 0xf6,
    0x6f, 0xff, 0xff, 0xff, 0xff, 0xf6, 0x6f, 0xff,
    0xff, 0xff, 0xff, 0xf6,

    /* U+207A "⁺" */
    0x0, 0x0, 0x0, 0xc, 0xff, 0xc0, 0x0, 0x0,
    0x0, 0x0, 0x0, 0x0, 0xc, 0xff, 0xc0, 0x0,
    0x0, 0x0, 0x0, 0x0, 0x0, 0xc, 0xff, 0xc0,
    0x0, 0x0, 0x0, 0x0, 0x0, 0x0, 0xc, 0xff,
    0xc0, 0x0, 0x0, 0x0, 0x0, 0x0, 0x0, 0xc,
    0xff, 0xc0, 0x0, 0x0, 0x0, 0x0, 0x0, 0x0,
    0xc, 0xff, 0xc0, 0x0, 0x0, 0x0, 0x0, 0x0,
    0x0, 0xc, 0xff, 0xc0, 0x0, 0x0, 0x0, 0xff,
    0xff, 0xff, 0xff, 0xff, 0xff, 0xff, 0xff, 0xff,
    0xff, 0xff, 0xff, 0xff, 0xff, 0xff, 0xff, 0xff,
    0xff, 0xff, 0xff, 0xff, 0xff, 0xff, 0xff, 0xff,
    0xff, 0xff, 0x99, 0x99, 0x99, 0x9e, 0xff, 0xe9,
    0x99, 0x99, 0x99, 0x0, 0x0, 0x0, 0xc, 0xff,
    0xc0, 0x0, 0x0, 0x0, 0x0, 0x0, 0x0, 0xc,
    0xff, 0xc0, 0x0, 0x0, 0x0, 0x0, 0x0, 0x0,
    0xc, 0xff, 0xc0, 0x0, 0x0, 0x0, 0x0, 0x0,
    0x0, 0xc, 0xff, 0xc0, 0x0, 0x0, 0x0, 0x0,
    0x0, 0x0, 0xc, 0xff, 0xc0, 0x0, 0x0, 0x0,
    0x0, 0x0, 0x0, 0xc, 0xff, 0xc0, 0x0, 0x0,
    0x0, 0x0, 0x0, 0x0, 0xc, 0xff, 0xc0, 0x0,
    0x0, 0x0,

    /* U+207B "⁻" */
    0x99, 0x99, 0x99, 0x99, 0x99, 0x99, 0x99, 0x99,
    0x99, 0xff, 0xff, 0xff, 0xff, 0xff, 0xff, 0xff,
    0xff, 0xff, 0xff, 0xff, 0xff, 0xff, 0xff, 0xff,
    0xff, 0xff, 0xff, 0xff, 0xff, 0xff, 0xff, 0xff,
    0xff, 0xff, 0xff, 0xff,

    /* U+2080 "₀" */
    0x6f, 0xff, 0xff, 0xff, 0xff, 0xf6, 0x6f, 0xff,
    0xff, 0xff, 0xff, 0xf6, 0x6f, 0xff, 0xff, 0xff,
    0xff, 0xf6, 0x6f, 0xff, 0xa9, 0x9a, 0xff, 0xf6,
    0x6f, 0xff, 0x30, 0x3, 0xff, 0xf6, 0x6f, 0xff,
    0x30, 0x3, 0xff, 0xf6, 0x6f, 0xff, 0x30, 0x3,
    0xff, 0xf6, 0x6f, 0xff, 0x30, 0x3, 0xff, 0xf6,
    0x6f, 0xff, 0x30, 0x3, 0xff, 0xf6, 0x6f, 0xff,
    0x30, 0x3, 0xff, 0xf6, 0x6f, 0xff, 0x30, 0x3,
    0xff, 0xf6, 0x6f, 0xff, 0x30, 0x3, 0xff, 0xf6,
    0x6f, 0xff, 0x30, 0x3, 0xff, 0xf6, 0x6f, 0xff,
    0x30, 0x3, 0xff, 0xf6, 0x6f, 0xff, 0xa9, 0x9a,
    0xff, 0xf6, 0x6f, 0xff, 0xff, 0xff, 0xff, 0xf6,
    0x6f, 0xff, 0xff, 0xff, 0xff, 0xf6, 0x6f, 0xff,
    0xff, 0xff, 0xff, 0xf6,

    /* U+2081 "₁" */
    0x0, 0x0, 0xcf, 0xfc, 0x0, 0x0, 0x0, 0x0,
    0xcf, 0xfc, 0x0, 0x0, 0x0, 0x0, 0xcf, 0xfc,
    0x0, 0x0, 0x39, 0x99, 0xef, 0xfc, 0x0, 0x0,
    0x6f, 0xff, 0xff, 0xfc, 0x0, 0x0, 0x6f, 0xff,
    0xff, 0xfc, 0x0, 0x0, 0x6f, 0xff, 0xff, 0xfc,
    0x0, 0x0, 0x0, 0x0, 0xcf, 0xfc, 0x0, 0x0,
    0x0, 0x0, 0xcf, 0xfc, 0x0, 0x0, 0x0, 0x0,
    0xcf, 0xfc, 0x0, 0x0, 0x0, 0x0, 0xcf, 0xfc,
    0x0, 0x0, 0x0, 0x0, 0xcf, 0xfc, 0x0, 0x0,
    0x0, 0x0, 0xcf, 0xfc, 0x0, 0x0, 0x0, 0x0,
    0xcf, 0xfc, 0x0, 0x0, 0x39, 0x99, 0xef, 0xfe,
    0x99, 0x93, 0x6f, 0xff, 0xff, 0xff, 0xff, 0xf6,
    0x6f, 0xff, 0xff, 0xff, 0xff, 0xf6, 0x6f, 0xff,
    0xff, 0xff, 0xff, 0xf6,

    /* U+2082 "₂" */
    0x6f, 0xff, 0xff, 0xff, 0xff, 0xf6, 0x6f, 0xff,
    0xff, 0xff, 0xff, 0xf6, 0x6f, 0xff, 0xff, 0xff,
    0xff, 0xf6, 0x39, 0x99, 0x99, 0x9a, 0xff, 0xf6,
    0x0, 0x0, 0x0, 0x3, 0xff, 0xf6, 0x0, 0x0,
    0x0, 0x3, 0xff, 0xf6, 0x0, 0x0, 0x0, 0x3,
    0xff, 0xf6, 0x6f, 0xff, 0xff, 0xff, 0xff, 0xf6,
    0x6f, 0xff, 0xff, 0xff, 0xff, 0xf6, 0x6f, 0xff,
    0xff, 0xff, 0xff, 0xf6, 0x6f, 0xff, 0xa9, 0x99,
    0x99, 0x93, 0x6f, 0xff, 0x30, 0x0, 0x0, 0x0,
    0x6f, 0xff, 0x30, 0x0, 0x0, 0x0, 0x6f, 0xff,
    0x30, 0x0, 0x0, 0x0, 0x6f, 0xff, 0xa9, 0x99,
    0x99, 0x93, 0x6f, 0xff, 0xff, 0xff, 0xff, 0xf6,
    0x6f, 0xff, 0xff, 0xff, 0xff, 0xf6, 0x6f, 0xff,
    0xff, 0xff, 0xff, 0xf6,

    /* U+2083 "₃" */
    0x6f, 0xff, 0xff, 0xff, 0xff, 0xf6, 0x6f, 0xff,
    0xff, 0xff, 0xff, 0xf6, 0x6f, 0xff, 0xff, 0xff,
    0xff, 0xf6, 0x39, 0x99, 0x99, 0x9a, 0xff, 0xf6,
    0x0, 0x0, 0x0, 0x3, 0xff, 0xf6, 0x0, 0x0,
    0x0, 0x3, 0xff, 0xf6, 0x0, 0x0, 0x0, 0x3,
    0xff, 0xf6, 0x6f, 0xff, 0xff, 0xff, 0xff, 0xf6,
    0x6f, 0xff, 0xff, 0xff, 0xff, 0xf6, 0x6f, 0xff,
    0xff, 0xff, 0xff, 0xf6, 0x39, 0x99, 0x99, 0x9a,
    0xff, 0xf6, 0x0, 0x0, 0x0, 0x3, 0xff, 0xf6,
    0x0, 0x0, 0x0, 0x3, 0xff, 0xf6, 0x0, 0x0,
    0x0, 0x3, 0xff, 0xf6, 0x39, 0x99, 0x99, 0x9a,
    0xff, 0xf6, 0x6f, 0xff, 0xff, 0xff, 0xff, 0xf6,
    0x6f, 0xff, 0xff, 0xff, 0xff, 0xf6, 0x6f, 0xff,
    0xff, 0xff, 0xff, 0xf6,

    /* U+2084 "₄" */
    0x6f, 0xff, 0x30, 0x3, 0xff, 0xf6, 0x6f, 0xff,
    0x30, 0x3, 0xff, 0xf6, 0x6f, 0xff, 0x30, 0x3,
    0xff, 0xf6, 0x6f, 0xff, 0x30, 0x3, 0xff, 0xf6,
    0x6f, 0xff, 0x30, 0x3, 0xff, 0xf6, 0x6f, 0xff,
    0x30, 0x3, 0xff, 0xf6, 0x6f, 0xff, 0x30, 0x3,
    0xff, 0xf6, 0x6f, 0xff, 0xff, 0xff, 0xff, 0xf6,
    0x6f, 0xff, 0xff, 0xff, 0xff, 0xf6, 0x6f, 0xff,
    0xff, 0xff, 0xff, 0xf6, 0x39, 0x99, 0x99, 0x9a,
    0xff, 0xf6, 0x0, 0x0, 0x0, 0x3, 0xff, 0xf6,
    0x0, 0x0, 0x0, 0x3, 0xff, 0xf6, 0x0, 0x0,
    0x0, 0x3, 0xff, 0xf6, 0x0, 0x0, 0x0, 0x3,
    0xff, 0xf6, 0x0, 0x0, 0x0, 0x3, 0xff, 0xf6,
    0x0, 0x0, 0x0, 0x3, 0xff, 0xf6, 0x0, 0x0,
    0x0, 0x3, 0xff, 0xf6,

    /* U+2085 "₅" */
    0x6f, 0xff, 0xff, 0xff, 0xff, 0xf6, 0x6f, 0xff,
    0xff, 0xff, 0xff, 0xf6, 0x6f, 0xff, 0xff, 0xff,
    0xff, 0xf6, 0x6f, 0xff, 0xa9, 0x99, 0x99, 0x93,
    0x6f, 0xff, 0x30, 0x0, 0x0, 0x0, 0x6f, 0xff,
    0x30, 0x0, 0x0, 0x0, 0x6f, 0xff, 0x30, 0x0,
    0x0, 0x0, 0x6f, 0xff, 0xff, 0xff, 0xff, 0xf6,
    0x6f, 0xff, 0xff, 0xff, 0xff, 0xf6, 0x6f, 0xff,
    0xff, 0xff, 0xff, 0xf6, 0x39, 0x99, 0x99, 0x9a,
    0xff, 0xf6, 0x0, 0x0, 0x0, 0x3, 0xff, 0xf6,
    0x0, 0x0, 0x0, 0x3, 0xff, 0xf6, 0x0, 0x0,
    0x0, 0x3, 0xff, 0xf6, 0x39, 0x99, 0x99, 0x9a,
    0xff, 0xf6, 0x6f, 0xff, 0xff, 0xff, 0xff, 0xf6,
    0x6f, 0xff, 0xff, 0xff, 0xff, 0xf6, 0x6f, 0xff,
    0xff, 0xff, 0xff, 0xf6,

    /* U+2086 "₆" */
    0x6f, 0xff, 0xff, 0xff, 0xff, 0xf6, 0x6f, 0xff,
    0xff, 0xff, 0xff, 0xf6, 0x6f, 0xff, 0xff, 0xff,
    0xff, 0xf6, 0x6f, 0xff, 0xa9, 0x99, 0x99, 0x93,
    0x6f, 0xff, 0x30, 0x0, 0x0, 0x0, 0x6f, 0xff,
    0x30, 0x0, 0x0, 0x0, 0x6f, 0xff, 0x30, 0x0,
    0x0, 0x0, 0x6f, 0xff, 0xff, 0xff, 0xff, 0xf6,
    0x6f, 0xff, 0xff, 0xff, 0xff, 0xf6, 0x6f, 0xff,
    0xff, 0xff, 0xff, 0xf6, 0x6f, 0xff, 0xa9, 0x9a,
    0xff, 0xf6, 0x6f, 0xff, 0x30, 0x3, 0xff, 0xf6,
    0x6f, 0xff, 0x30, 0x3, 0xff, 0xf6, 0x6f, 0xff,
    0x30, 0x3, 0xff, 0xf6, 0x6f, 0xff, 0xa9, 0x9a,
    0xff, 0xf6, 0x6f, 0xff, 0xff, 0xff, 0xff, 0xf6,
    0x6f, 0xff, 0xff, 0xff, 0xff, 0xf6, 0x6f, 0xff,
    0xff, 0xff, 0xff, 0xf6,

    /* U+2087 "₇" */
    0x6f, 0xff, 0xff, 0xff, 0xff, 0xf6, 0x6f, 0xff,
    0xff, 0xff, 0xff, 0xf6, 0x6f, 0xff, 0xff, 0xff,
    0xff, 0xf6, 0x6f, 0xff, 0xa9, 0x9a, 0xff, 0xf6,
    0x6f, 0xff, 0x30, 0x3, 0xff, 0xf6, 0x6f, 0xff,
    0x30, 0x3, 0xff, 0xf6, 0x6f, 0xff, 0x30, 0x3,
    0xff, 0xf6, 0x13, 0x33, 0x0, 0x3, 0xff, 0xf6,
    0x0, 0x0, 0x0, 0x3, 0xff, 0xf6, 0x0, 0x0,
    0x0, 0x3, 0xff, 0xf6, 0x0, 0x0, 0x0, 0x3,
    0xff, 0xf6, 0x0, 0x0, 0x0, 0x3, 0xff, 0xf6,
    0x0, 0x0, 0x0, 0x3, 0xff, 0xf6, 0x0, 0x0,
    0x0, 0x3, 0xff, 0xf6, 0x0, 0x0, 0x0, 0x3,
    0xff, 0xf6, 0x0, 0x0, 0x0, 0x3, 0xff, 0xf6,
    0x0, 0x0, 0x0, 0x3, 0xff, 0xf6, 0x0, 0x0,
    0x0, 0x3, 0xff, 0xf6,

    /* U+2088 "₈" */
    0x6f, 0xff, 0xff, 0xff, 0xff, 0xf6, 0x6f, 0xff,
    0xff, 0xff, 0xff, 0xf6, 0x6f, 0xff, 0xff, 0xff,
    0xff, 0xf6, 0x6f, 0xff, 0xa9, 0x9a, 0xff, 0xf6,
    0x6f, 0xff, 0x30, 0x3, 0xff, 0xf6, 0x6f, 0xff,
    0x30, 0x3, 0xff, 0xf6, 0x6f, 0xff, 0x30, 0x3,
    0xff, 0xf6, 0x6f, 0xff, 0xff, 0xff, 0xff, 0xf6,
    0x6f, 0xff, 0xff, 0xff, 0xff, 0xf6, 0x6f, 0xff,
    0xff, 0xff, 0xff, 0xf6, 0x6f, 0xff, 0xa9, 0x9a,
    0xff, 0xf6, 0x6f, 0xff, 0x30, 0x3, 0xff, 0xf6,
    0x6f, 0xff, 0x30, 0x3, 0xff, 0xf6, 0x6f, 0xff,
    0x30, 0x3, 0xff, 0xf6, 0x6f, 0xff, 0xa9, 0x9a,
    0xff, 0xf6, 0x6f, 0xff, 0xff, 0xff, 0xff, 0xf6,
    0x6f, 0xff, 0xff, 0xff, 0xff, 0xf6, 0x6f, 0xff,
    0xff, 0xff, 0xff, 0xf6,

    /* U+2089 "₉" */
    0x6f, 0xff, 0xff, 0xff, 0xff, 0xf6, 0x6f, 0xff,
    0xff, 0xff, 0xff, 0xf6, 0x6f, 0xff, 0xff, 0xff,
    0xff, 0xf6, 0x6f, 0xff, 0xa9, 0x9a, 0xff, 0xf6,
    0x6f, 0xff, 0x30, 0x3, 0xff, 0xf6, 0x6f, 0xff,
    0x30, 0x3, 0xff, 0xf6, 0x6f, 0xff, 0x30, 0x3,
    0xff, 0xf6, 0x6f, 0xff, 0xff, 0xff, 0xff, 0xf6,
    0x6f, 0xff, 0xff, 0xff, 0xff, 0xf6, 0x6f, 0xff,
    0xff, 0xff, 0xff, 0xf6, 0x39, 0x99, 0x99, 0x9a,
    0xff, 0xf6, 0x0, 0x0, 0x0, 0x3, 0xff, 0xf6,
    0x0, 0x0, 0x0, 0x3, 0xff, 0xf6, 0x0, 0x0,
    0x0, 0x3, 0xff, 0xf6, 0x39, 0x99, 0x99, 0x9a,
    0xff, 0xf6, 0x6f, 0xff, 0xff, 0xff, 0xff, 0xf6,
    0x6f, 0xff, 0xff, 0xff, 0xff, 0xf6, 0x6f, 0xff,
    0xff, 0xff, 0xff, 0xf6,

    /* U+208A "₊" */
    0x0, 0x0, 0x0, 0xc, 0xff, 0xc0, 0x0, 0x0,
    0x0, 0x0, 0x0, 0x0, 0xc, 0xff, 0xc0, 0x0,
    0x0, 0x0, 0x0, 0x0, 0x0, 0xc, 0xff, 0xc0,
    0x0, 0x0, 0x0, 0x0, 0x0, 0x0, 0xc, 0xff,
    0xc0, 0x0, 0x0, 0x0, 0x0, 0x0, 0x0, 0xc,
    0xff, 0xc0, 0x0, 0x0, 0x0, 0x0, 0x0, 0x0,
    0xc, 0xff, 0xc0, 0x0, 0x0, 0x0, 0x0, 0x0,
    0x0, 0xc, 0xff, 0xc0, 0x0, 0x0, 0x0, 0xff,
    0xff, 0xff, 0xff, 0xff, 0xff, 0xff, 0xff, 0xff,
    0xff, 0xff, 0xff, 0xff, 0xff, 0xff, 0xff, 0xff,
    0xff, 0xff, 0xff, 0xff, 0xff, 0xff, 0xff, 0xff,
    0xff, 0xff, 0x99, 0x99, 0x99, 0x9e, 0xff, 0xe9,
    0x99, 0x99, 0x99, 0x0, 0x0, 0x0, 0xc, 0xff,
    0xc0, 0x0, 0x0, 0x0, 0x0, 0x0, 0x0, 0xc,
    0xff, 0xc0, 0x0, 0x0, 0x0, 0x0, 0x0, 0x0,
    0xc, 0xff, 0xc0, 0x0, 0x0, 0x0, 0x0, 0x0,
    0x0, 0xc, 0xff, 0xc0, 0x0, 0x0, 0x0, 0x0,
    0x0, 0x0, 0xc, 0xff, 0xc0, 0x0, 0x0, 0x0,
    0x0, 0x0, 0x0, 0xc, 0xff, 0xc0, 0x0, 0x0,
    0x0, 0x0, 0x0, 0x0, 0xc, 0xff, 0xc0, 0x0,
    0x0, 0x0,

    /* U+208B "₋" */
    0x99, 0x99, 0x99, 0x99, 0x99, 0x99, 0x99, 0x99,
    0x99, 0xff, 0xff, 0xff, 0xff, 0xff, 0xff, 0xff,
    0xff, 0xff, 0xff, 0xff, 0xff, 0xff, 0xff, 0xff,
    0xff, 0xff, 0xff, 0xff, 0xff, 0xff, 0xff, 0xff,
    0xff, 0xff, 0xff, 0xff,

    /* U+212F "ℯ" */
    0x0, 0x0, 0x0, 0x7, 0x99, 0x99, 0x99, 0x30,
    0x0, 0x0, 0x0, 0x0, 0xc, 0xff, 0xff, 0xff,
    0x60, 0x0, 0x0, 0x0, 0x0, 0xc, 0xff, 0xff,
    0xff, 0x60, 0x0, 0x0, 0x0, 0x0, 0xc, 0xff,
    0xff, 0xff, 0x60, 0x0, 0x0, 0x6, 0xff, 0xf3,
    0x0, 0x0, 0x0, 0x9f, 0xff, 0x0, 0x6, 0xff,
    0xf3, 0x0, 0x0, 0x0, 0x9f, 0xff, 0x0, 0x6,
    0xff, 0xf3, 0x0, 0x0, 0x0, 0x9f, 0xff, 0x99,
    0x9b, 0xff, 0xfa, 0x99, 0x99, 0x99, 0x77, 0x77,
    0xff, 0xff, 0xff, 0xff, 0xff, 0xff, 0xff, 0x60,
    0x0, 0xff, 0xff, 0xff, 0xff, 0xff, 0xff, 0xff,
    0x60, 0x0, 0xff, 0xff, 0xff, 0xff, 0xff, 0xff,
    0xff, 0x60, 0x0, 0xff, 0xff, 0xff, 0xf3, 0x0,
    0x0, 0x0, 0x0, 0x0, 0xff, 0xff, 0xff, 0xf3,
    0x0, 0x0, 0x0, 0x0, 0x0, 0xff, 0xff, 0xff,
    0xf3, 0x0, 0x0, 0x0, 0x0, 0x0, 0xff, 0xff,
    0xff, 0xf3, 0x0, 0x0, 0x0, 0x24, 0x44, 0xff,
    0xff, 0xff, 0xf3, 0x0, 0x0, 0x0, 0x9f, 0xff,
    0xff, 0xff, 0xff, 0xf3, 0x0, 0x0, 0x0, 0x9f,
    0xff, 0xff, 0xff, 0xff, 0xf3, 0x0, 0x0, 0x0,
    0x9f, 0xff, 0x66, 0x6a, 0xff, 0xfa, 0x99, 0x99,
    0x99, 0x76, 0x66, 0x0, 0x6, 0xff, 0xff, 0xff,
    0xff, 0xff, 0x60, 0x0, 0x0, 0x6, 0xff, 0xff,
    0xff, 0xff, 0xff, 0x60, 0x0, 0x0, 0x6, 0xff,
    0xff, 0xff, 0xff, 0xff, 0x60, 0x0,

    /* U+2139 "ℹ" */
    0x0, 0x0, 0x0, 0x0, 0x0, 0x0, 0x0, 0x0,
    0x0, 0x6f, 0xff, 0xff, 0xfd, 0x0, 0x0, 0x0,
    0x6, 0xff, 0xff, 0xff, 0xd0, 0x0, 0x0, 0x0,
    0x6f, 0xff, 0xff, 0xfd, 0x0, 0x0, 0x0, 0x3,
    0x99, 0x99, 0x99, 0x70, 0x0, 0x0, 0x0, 0x0,
    0x0, 0x0, 0x0, 0x0, 0x0, 0x0, 0x0, 0x0,
    0x0, 0x0, 0x0, 0x0, 0x0, 0x0, 0x0, 0x0,
    0x0, 0x0, 0x0, 0x0, 0xff, 0xff, 0xff, 0xff,
    0xff, 0xd0, 0x0, 0xf, 0xff, 0xff, 0xff, 0xff,
    0xfd, 0x0, 0x0, 0xff, 0xff, 0xff, 0xff, 0xff,
    0xd0, 0x0, 0x9, 0x99, 0xcf, 0xff, 0xff, 0xfd,
    0x0, 0x0, 0x0, 0x6, 0xff, 0xff, 0xff, 0xd0,
    0x0, 0x0, 0x0, 0x6f, 0xff, 0xff, 0xfd, 0x0,
    0x0, 0x0, 0x6, 0xff, 0xff, 0xff, 0xd0, 0x0,
    0x0, 0x0, 0x6f, 0xff, 0xff, 0xfd, 0x0, 0x0,
    0x0, 0x6, 0xff, 0xff, 0xff, 0xd0, 0x0, 0x0,
    0x0, 0x6f, 0xff, 0xff, 0xfd, 0x0, 0x0, 0x0,
    0x6, 0xff, 0xff, 0xff, 0xd0, 0x0, 0x0, 0x0,
    0x6f, 0xff, 0xff, 0xfd, 0x0, 0x0, 0x0, 0x6,
    0xff, 0xff, 0xff, 0xd0, 0x0, 0x0, 0x0, 0x6f,
    0xff, 0xff, 0xfd, 0x0, 0x0, 0x99, 0x9c, 0xff,
    0xff, 0xff, 0xe9, 0x99, 0x3f, 0xff, 0xff, 0xff,
    0xff, 0xff, 0xff, 0xf6, 0xff, 0xff, 0xff, 0xff,
    0xff, 0xff, 0xff, 0x6f, 0xff, 0xff, 0xff, 0xff,
    0xff, 0xff, 0xf6,

    /* U+2190 "←" */
    0x0, 0x0, 0x0, 0x7, 0x99, 0x70, 0x0, 0x0,
    0x0, 0x0, 0x0, 0x0, 0xc, 0xff, 0xc0, 0x0,
    0x0, 0x0, 0x0, 0x0, 0x0, 0xc, 0xff, 0xc0,
    0x0, 0x0, 0x0, 0x0, 0x0, 0x0, 0xc, 0xff,
    0xc0, 0x0, 0x0, 0x0, 0x0, 0x6, 0xff, 0xf3,
    0x0, 0x0, 0x0, 0x0, 0x0, 0x0, 0x6, 0xff,
    0xf3, 0x0, 0x0, 0x0, 0x0, 0x0, 0x0, 0x6,
    0xff, 0xf3, 0x0, 0x0, 0x0, 0x0, 0x0, 0x99,
    0x9b, 0xff, 0xfa, 0x99, 0x99, 0x99, 0x99, 0x99,
    0xff, 0xff, 0xff, 0xff, 0xff, 0xff, 0xff, 0xff,
    0xff, 0xff, 0xff, 0xff, 0xff, 0xff, 0xff, 0xff,
    0xff, 0xff, 0xff, 0xff, 0xff, 0xff, 0xff, 0xff,
    0xff, 0xff, 0xff, 0x0, 0x6, 0xff, 0xf3, 0x0,
    0x0, 0x0, 0x0, 0x0, 0x0, 0x6, 0xff, 0xf3,
    0x0, 0x0, 0x0, 0x0, 0x0, 0x0, 0x6, 0xff,
    0xf3, 0x0, 0x0, 0x0, 0x0, 0x0, 0x0, 0x6,
    0xff, 0xf3, 0x0, 0x0, 0x0, 0x0, 0x0, 0x0,
    0x0, 0x0, 0xc, 0xff, 0xc0, 0x0, 0x0, 0x0,
    0x0, 0x0, 0x0, 0xc, 0xff, 0xc0, 0x0, 0x0,
    0x0, 0x0, 0x0, 0x0, 0xc, 0xff, 0xc0, 0x0,
    0x0, 0x0, 0x0, 0x0, 0x0, 0x7, 0x99, 0x70,
    0x0, 0x0, 0x0,

    /* U+2191 "↑" */
    0x0, 0x0, 0x0, 0x2, 0x33, 0x20, 0x0, 0x0,
    0x0, 0x0, 0x0, 0x0, 0xe, 0xff, 0xa0, 0x0,
    0x0, 0x0, 0x0, 0x0, 0x0, 0xe, 0xff, 0xa0,
    0x0, 0x0, 0x0, 0x0, 0x0, 0x0, 0xe, 0xff,
    0xa0, 0x0, 0x0, 0x0, 0x0, 0x3, 0x99, 0x9f,
    0xff, 0xd9, 0x99, 0x30, 0x0, 0x0, 0x6, 0xff,
    0xff, 0xff, 0xff, 0xff, 0x60, 0x0, 0x0, 0x6,
    0xff, 0xff, 0xff, 0xff, 0xff, 0x60, 0x0, 0x0,
    0x6, 0xff, 0xff, 0xff, 0xff, 0xff, 0x60, 0x0,
    0xff, 0xf9, 0x0, 0xe, 0xff, 0xa0, 0x0, 0x9f,
    0xff, 0xff, 0xf9, 0x0, 0xe, 0xff, 0xa0, 0x0,
    0x9f, 0xff, 0xff, 0xf9, 0x0, 0xe, 0xff, 0xa0,
    0x0, 0x9f, 0xff, 0x99, 0x95, 0x0, 0xe, 0xff,
    0xa0, 0x0, 0x59, 0x99, 0x0, 0x0, 0x0, 0xe,
    0xff, 0xa0, 0x0, 0x0, 0x0, 0x0, 0x0, 0x0,
    0xe, 0xff, 0xa0, 0x0, 0x0, 0x0, 0x0, 0x0,
    0x0, 0xe, 0xff, 0xa0, 0x0, 0x0, 0x0, 0x0,
    0x0, 0x0, 0xe, 0xff, 0xa0, 0x0, 0x0, 0x0,
    0x0, 0x0, 0x0, 0xe, 0xff, 0xa0, 0x0, 0x0,
    0x0, 0x0, 0x0, 0x0, 0xe, 0xff, 0xa0, 0x0,
    0x0, 0x0, 0x0, 0x0, 0x0, 0xe, 0xff, 0xa0,
    0x0, 0x0, 0x0, 0x0, 0x0, 0x0, 0xe, 0xff,
    0xa0, 0x0, 0x0, 0x0, 0x0, 0x0, 0x0, 0xe,
    0xff, 0xa0, 0x0, 0x0, 0x0, 0x0, 0x0, 0x0,
    0xe, 0xff, 0xa0, 0x0, 0x0, 0x0, 0x0, 0x0,
    0x0, 0xe, 0xff, 0xa0, 0x0, 0x0, 0x0, 0x0,
    0x0, 0x0, 0xe, 0xff, 0xa0, 0x0, 0x0, 0x0,
    0x0, 0x0, 0x0, 0xe, 0xff, 0xa0, 0x0, 0x0,
    0x0, 0x0, 0x0, 0x0, 0xe, 0xff, 0xa0, 0x0,
    0x0, 0x0,

    /* U+2192 "→" */
    0x0, 0x0, 0x0, 0x7, 0x99, 0x70, 0x0, 0x0,
    0x0, 0x0, 0x0, 0x0, 0xc, 0xff, 0xc0, 0x0,
    0x0, 0x0, 0x0, 0x0, 0x0, 0xc, 0xff, 0xc0,
    0x0, 0x0, 0x0, 0x0, 0x0, 0x0, 0xc, 0xff,
    0xc0, 0x0, 0x0, 0x0, 0x0, 0x0, 0x0, 0x0,
    0x0, 0x3f, 0xff, 0x60, 0x0, 0x0, 0x0, 0x0,
    0x0, 0x0, 0x3f, 0xff, 0x60, 0x0, 0x0, 0x0,
    0x0, 0x0, 0x0, 0x3f, 0xff, 0x60, 0x0, 0x99,
    0x99, 0x99, 0x99, 0x99, 0xaf, 0xff, 0xb9, 0x99,
    0xff, 0xff, 0xff, 0xff, 0xff, 0xff, 0xff, 0xff,
    0xff, 0xff, 0xff, 0xff, 0xff, 0xff, 0xff, 0xff,
    0xff, 0xff, 0xff, 0xff, 0xff, 0xff, 0xff, 0xff,
    0xff, 0xff, 0xff, 0x0, 0x0, 0x0, 0x0, 0x0,
    0x3f, 0xff, 0x60, 0x0, 0x0, 0x0, 0x0, 0x0,
    0x0, 0x3f, 0xff, 0x60, 0x0, 0x0, 0x0, 0x0,
    0x0, 0x0, 0x3f, 0xff, 0x60, 0x0, 0x0, 0x0,
    0x0, 0x0, 0x0, 0x3f, 0xff, 0x60, 0x0, 0x0,
    0x0, 0x0, 0xc, 0xff, 0xc0, 0x0, 0x0, 0x0,
    0x0, 0x0, 0x0, 0xc, 0xff, 0xc0, 0x0, 0x0,
    0x0, 0x0, 0x0, 0x0, 0xc, 0xff, 0xc0, 0x0,
    0x0, 0x0, 0x0, 0x0, 0x0, 0x7, 0x99, 0x70,
    0x0, 0x0, 0x0,

    /* U+2193 "↓" */
    0x0, 0x0, 0x0, 0x2, 0x33, 0x20, 0x0, 0x0,
    0x0, 0x0, 0x0, 0x0, 0xe, 0xff, 0xa0, 0x0,
    0x0, 0x0, 0x0, 0x0, 0x0, 0xe, 0xff, 0xa0,
    0x0, 0x0, 0x0, 0x0, 0x0, 0x0, 0xe, 0xff,
    0xa0, 0x0, 0x0, 0x0, 0x0, 0x0, 0x0, 0xe,
    0xff, 0xa0, 0x0, 0x0, 0x0, 0x0, 0x0, 0x0,
    0xe, 0xff, 0xa0, 0x0, 0x0, 0x0, 0x0, 0x0,
    0x0, 0xe, 0xff, 0xa0, 0x0, 0x0, 0x0, 0x0,
    0x0, 0x0, 0xe, 0xff, 0xa0, 0x0, 0x0, 0x0,
    0x0, 0x0, 0x0, 0xe, 0xff, 0xa0, 0x0, 0x0,
    0x0, 0x0, 0x0, 0x0, 0xe, 0xff, 0xa0, 0x0,
    0x0, 0x0, 0x0, 0x0, 0x0, 0xe, 0xff, 0xa0,
    0x0, 0x0, 0x0, 0x0, 0x0, 0x0, 0xe, 0xff,
    0xa0, 0x0, 0x0, 0x0, 0x0, 0x0, 0x0, 0xe,
    0xff, 0xa0, 0x0, 0x0, 0x0, 0x0, 0x0, 0x0,
    0xe, 0xff, 0xa0, 0x0, 0x0, 0x0, 0x0, 0x0,
    0x0, 0xe, 0xff, 0xa0, 0x0, 0x0, 0x0, 0xcc,
    0xc7, 0x0, 0xe, 0xff, 0xa0, 0x0, 0x7c, 0xcc,
    0xff, 0xf9, 0x0, 0xe, 0xff, 0xa0, 0x0, 0x9f,
    0xff, 0xff, 0xf9, 0x0, 0xe, 0xff, 0xa0, 0x0,
    0x9f, 0xff, 0xcc, 0xc8, 0x33, 0x3f, 0xff, 0xb3,
    0x33, 0x8c, 0xcc, 0x0, 0x6, 0xff, 0xff, 0xff,
    0xff, 0xff, 0x60, 0x0, 0x0, 0x6, 0xff, 0xff,
    0xff, 0xff, 0xff, 0x60, 0x0, 0x0, 0x6, 0xff,
    0xff, 0xff, 0xff, 0xff, 0x60, 0x0, 0x0, 0x2,
    0x66, 0x6f, 0xff, 0xc6, 0x66, 0x20, 0x0, 0x0,
    0x0, 0x0, 0xe, 0xff, 0xa0, 0x0, 0x0, 0x0,
    0x0, 0x0, 0x0, 0xe, 0xff, 0xa0, 0x0, 0x0,
    0x0, 0x0, 0x0, 0x0, 0xe, 0xff, 0xa0, 0x0,
    0x0, 0x0,

    /* U+2196 "↖" */
    0x0, 0x0, 0x0, 0x0, 0x0, 0x0, 0x0, 0x0,
    0x0, 0xff, 0xff, 0xff, 0xff, 0xff, 0xff, 0xff,
    0x60, 0x0, 0xff, 0xff, 0xff, 0xff, 0xff, 0xff,
    0xff, 0x60, 0x0, 0xff, 0xff, 0xff, 0xff, 0xff,
    0xff, 0xff, 0x60, 0x0, 0xff, 0xff, 0xff, 0xfa,
    0x99, 0x99, 0x99, 0x30, 0x0, 0xff, 0xff, 0xff,
    0xf3, 0x0, 0x0, 0x0, 0x0, 0x0, 0xff, 0xff,
    0xff, 0xf3, 0x0, 0x0, 0x0, 0x0, 0x0, 0xff,
    0xff, 0xff, 0xf3, 0x0, 0x0, 0x0, 0x0, 0x0,
    0xff, 0xfa, 0x22, 0x2f, 0xff, 0xa0, 0x0, 0x0,
    0x0, 0xff, 0xf9, 0x0, 0xe, 0xff, 0xa0, 0x0,
    0x0, 0x0, 0xff, 0xf9, 0x0, 0xe, 0xff, 0xa0,
    0x0, 0x0, 0x0, 0xff, 0xf9, 0x0, 0x8, 0x99,
    0x86, 0x66, 0x20, 0x0, 0xff, 0xf9, 0x0, 0x0,
    0x0, 0x5f, 0xff, 0x60, 0x0, 0xff, 0xf9, 0x0,
    0x0, 0x0, 0x5f, 0xff, 0x60, 0x0, 0xff, 0xf9,
    0x0, 0x0, 0x0, 0x5f, 0xff, 0x60, 0x0, 0x55,
    0x53, 0x0, 0x0, 0x0, 0x15, 0x55, 0x8a, 0xaa,
    0x0, 0x0, 0x0, 0x0, 0x0, 0x0, 0x0, 0x9f,
    0xff, 0x0, 0x0, 0x0, 0x0, 0x0, 0x0, 0x0,
    0x9f, 0xff, 0x0, 0x0, 0x0, 0x0, 0x0, 0x0,
    0x0, 0x9f, 0xff,

    /* U+2197 "↗" */
    0x0, 0x0, 0x0, 0x0, 0x0, 0x0, 0x0, 0x0,
    0x0, 0x0, 0x6, 0xff, 0xff, 0xff, 0xff, 0xff,
    0xff, 0xff, 0x0, 0x6, 0xff, 0xff, 0xff, 0xff,
    0xff, 0xff, 0xff, 0x0, 0x6, 0xff, 0xff, 0xff,
    0xff, 0xff, 0xff, 0xff, 0x0, 0x3, 0x99, 0x99,
    0x99, 0xaf, 0xff, 0xff, 0xff, 0x0, 0x0, 0x0,
    0x0, 0x0, 0x3f, 0xff, 0xff, 0xff, 0x0, 0x0,
    0x0, 0x0, 0x0, 0x3f, 0xff, 0xff, 0xff, 0x0,
    0x0, 0x0, 0x0, 0x0, 0x3f, 0xff, 0xff, 0xff,
    0x0, 0x0, 0x0, 0xe, 0xff, 0xb2, 0x22, 0xaf,
    0xff, 0x0, 0x0, 0x0, 0xe, 0xff, 0xa0, 0x0,
    0x9f, 0xff, 0x0, 0x0, 0x0, 0xe, 0xff, 0xa0,
    0x0, 0x9f, 0xff, 0x0, 0x2, 0x66, 0x69, 0x99,
    0x60, 0x0, 0x9f, 0xff, 0x0, 0x6, 0xff, 0xf1,
    0x0, 0x0, 0x0, 0x9f, 0xff, 0x0, 0x6, 0xff,
    0xf1, 0x0, 0x0, 0x0, 0x9f, 0xff, 0x0, 0x6,
    0xff, 0xf1, 0x0, 0x0, 0x0, 0x9f, 0xff, 0xaa,
    0xa8, 0x55, 0x50, 0x0, 0x0, 0x0, 0x35, 0x55,
    0xff, 0xf9, 0x0, 0x0, 0x0, 0x0, 0x0, 0x0,
    0x0, 0xff, 0xf9, 0x0, 0x0, 0x0, 0x0, 0x0,
    0x0, 0x0, 0xff, 0xf9, 0x0, 0x0, 0x0, 0x0,
    0x0, 0x0, 0x0,

    /* U+2198 "↘" */
    0xff, 0xf9, 0x0, 0x0, 0x0, 0x0, 0x0, 0x0,
    0x0, 0xff, 0xf9, 0x0, 0x0, 0x0, 0x0, 0x0,
    0x0, 0x0, 0xff, 0xf9, 0x0, 0x0, 0x0, 0x0,
    0x0, 0x0, 0x0, 0x99, 0x98, 0x66, 0x60, 0x0,
    0x0, 0x0, 0x36, 0x66, 0x0, 0x6, 0xff, 0xf1,
    0x0, 0x0, 0x0, 0x9f, 0xff, 0x0, 0x6, 0xff,
    0xf1, 0x0, 0x0, 0x0, 0x9f, 0xff, 0x0, 0x6,
    0xff, 0xf1, 0x0, 0x0, 0x0, 0x9f, 0xff, 0x0,
    0x2, 0x55, 0x59, 0xaa, 0x60, 0x0, 0x9f, 0xff,
    0x0, 0x0, 0x0, 0xe, 0xff, 0xa0, 0x0, 0x9f,
    0xff, 0x0, 0x0, 0x0, 0xe, 0xff, 0xa0, 0x0,
    0x9f, 0xff, 0x0, 0x0, 0x0, 0xe, 0xff, 0xa3,
    0x33, 0xaf, 0xff, 0x0, 0x0, 0x0, 0x0, 0x0,
    0x3f, 0xff, 0xff, 0xff, 0x0, 0x0, 0x0, 0x0,
    0x0, 0x3f, 0xff, 0xff, 0xff, 0x0, 0x0, 0x0,
    0x0, 0x0, 0x3f, 0xff, 0xff, 0xff, 0x0, 0x3,
    0x99, 0x99, 0x99, 0xaf, 0xff, 0xff, 0xff, 0x0,
    0x6, 0xff, 0xff, 0xff, 0xff, 0xff, 0xff, 0xff,
    0x0, 0x6, 0xff, 0xff, 0xff, 0xff, 0xff, 0xff,
    0xff, 0x0, 0x6, 0xff, 0xff, 0xff, 0xff, 0xff,
    0xff, 0xff,

    /* U+2199 "↙" */
    0x0, 0x0, 0x0, 0x0, 0x0, 0x0, 0x0, 0x9f,
    0xff, 0x0, 0x0, 0x0, 0x0, 0x0, 0x0, 0x0,
    0x9f, 0xff, 0x0, 0x0, 0x0, 0x0, 0x0, 0x0,
    0x0, 0x9f, 0xff, 0x66, 0x63, 0x0, 0x0, 0x0,
    0x26, 0x66, 0x89, 0x99, 0xff, 0xf9, 0x0, 0x0,
    0x0, 0x5f, 0xff, 0x60, 0x0, 0xff, 0xf9, 0x0,
    0x0, 0x0, 0x5f, 0xff, 0x60, 0x0, 0xff, 0xf9,
    0x0, 0x0, 0x0, 0x5f, 0xff, 0x60, 0x0, 0xff,
    0xf9, 0x0, 0x9, 0xaa, 0x85, 0x55, 0x20, 0x0,
    0xff, 0xf9, 0x0, 0xe, 0xff, 0xa0, 0x0, 0x0,
    0x0, 0xff, 0xf9, 0x0, 0xe, 0xff, 0xa0, 0x0,
    0x0, 0x0, 0xff, 0xfa, 0x33, 0x3e, 0xff, 0xa0,
    0x0, 0x0, 0x0, 0xff, 0xff, 0xff, 0xf3, 0x0,
    0x0, 0x0, 0x0, 0x0, 0xff, 0xff, 0xff, 0xf3,
    0x0, 0x0, 0x0, 0x0, 0x0, 0xff, 0xff, 0xff,
    0xf3, 0x0, 0x0, 0x0, 0x0, 0x0, 0xff, 0xff,
    0xff, 0xfa, 0x99, 0x99, 0x99, 0x30, 0x0, 0xff,
    0xff, 0xff, 0xff, 0xff, 0xff, 0xff, 0x60, 0x0,
    0xff, 0xff, 0xff, 0xff, 0xff, 0xff, 0xff, 0x60,
    0x0, 0xff, 0xff, 0xff, 0xff, 0xff, 0xff, 0xff,
    0x60, 0x0,

    /* U+21D2 "⇒" */
    0x0, 0x0, 0x0, 0x0, 0x0, 0x0, 0x0, 0x0,
    0x0, 0x0, 0x6, 0xff, 0xf3, 0x0, 0x0, 0x0,
    0x0, 0x0, 0x0, 0x6, 0xff, 0xf3, 0x0, 0x0,
    0x0, 0x0, 0x0, 0x0, 0x6, 0xff, 0xf3, 0x0,
    0x0, 0x0, 0x0, 0x0, 0x0, 0x3, 0x99, 0x99,
    0x99, 0x70, 0x0, 0x0, 0x0, 0x0, 0x0, 0x0,
    0xc, 0xff, 0xd0, 0x0, 0x0, 0x0, 0x0, 0x0,
    0x0, 0xc, 0xff, 0xd0, 0x0, 0x0, 0x0, 0x0,
    0x0, 0x0, 0xc, 0xff, 0xd0, 0x0, 0x0, 0x0,
    0xff, 0xff, 0xff, 0xff, 0xff, 0xff, 0xff, 0x60,
    0x0, 0xff, 0xff, 0xff, 0xff, 0xff, 0xff, 0xff,
    0x60, 0x0, 0xff, 0xff, 0xff, 0xff, 0xff, 0xff,
    0xff, 0x60, 0x0, 0x99, 0x99, 0x99, 0x99, 0x99,
    0x99, 0x99, 0x76, 0x66, 0x0, 0x0, 0x0, 0x0,
    0x0, 0x0, 0x0, 0x9f, 0xff, 0x0, 0x0, 0x0,
    0x0, 0x0, 0x0, 0x0, 0x9f, 0xff, 0x0, 0x0,
    0x0, 0x0, 0x0, 0x0, 0x0, 0x9f, 0xff, 0xaa,
    0xaa, 0xaa, 0xaa, 0xaa, 0xaa, 0xaa, 0x75, 0x55,
    0xff, 0xff, 0xff, 0xff, 0xff, 0xff, 0xff, 0x60,
    0x0, 0xff, 0xff, 0xff, 0xff, 0xff, 0xff, 0xff,
    0x60, 0x0, 0xff, 0xff, 0xff, 0xff, 0xff, 0xff,
    0xff, 0x60, 0x0, 0x0, 0x0, 0x0, 0xc, 0xff,
    0xd0, 0x0, 0x0, 0x0, 0x0, 0x0, 0x0, 0xc,
    0xff, 0xd0, 0x0, 0x0, 0x0, 0x0, 0x0, 0x0,
    0xc, 0xff, 0xd0, 0x0, 0x0, 0x0, 0x0, 0x3,
    0x99, 0x99, 0x99, 0x70, 0x0, 0x0, 0x0, 0x0,
    0x6, 0xff, 0xf3, 0x0, 0x0, 0x0, 0x0, 0x0,
    0x0, 0x6, 0xff, 0xf3, 0x0, 0x0, 0x0, 0x0,
    0x0, 0x0, 0x6, 0xff, 0xf3, 0x0, 0x0, 0x0,
    0x0, 0x0,

    /* U+21D4 "⇔" */
    0x0, 0x3, 0x99, 0x92, 0x0, 0x9, 0x99, 0x50,
    0x0, 0x0, 0x0, 0x6f, 0xff, 0x40, 0x1, 0xff,
    0xf8, 0x0, 0x0, 0x0, 0x6, 0xff, 0xf4, 0x0,
    0x1f, 0xff, 0x80, 0x0, 0x0, 0x0, 0x6f, 0xff,
    0x40, 0x1, 0xff, 0xf8, 0x0, 0x0, 0x0, 0x6,
    0xff, 0xff, 0xff, 0xff, 0xff, 0x80, 0x0, 0x0,
    0x0, 0x6f, 0xff, 0xff, 0xff, 0xff, 0xf8, 0x0,
    0x0, 0x0, 0x6, 0xff, 0xff, 0xff, 0xff, 0xff,
    0x80, 0x0, 0x6, 0x66, 0x79, 0x99, 0x99, 0x99,
    0x99, 0x98, 0x66, 0x60, 0xff, 0xf9, 0x0, 0x0,
    0x0, 0x0, 0x0, 0x7f, 0xff, 0x2f, 0xff, 0x90,
    0x0, 0x0, 0x0, 0x0, 0x7, 0xff, 0xf2, 0xff,
    0xf9, 0x0, 0x0, 0x0, 0x0, 0x0, 0x7f, 0xff,
    0x25, 0x55, 0x7a, 0xaa, 0xaa, 0xaa, 0xaa, 0xa8,
    0x55, 0x50, 0x0, 0x6, 0xff, 0xff, 0xff, 0xff,
    0xff, 0x80, 0x0, 0x0, 0x0, 0x6f, 0xff, 0xff,
    0xff, 0xff, 0xf8, 0x0, 0x0, 0x0, 0x6, 0xff,
    0xff, 0xff, 0xff, 0xff, 0x80, 0x0, 0x0, 0x0,
    0x6f, 0xff, 0x40, 0x1, 0xff, 0xf8, 0x0, 0x0,
    0x0, 0x6, 0xff, 0xf4, 0x0, 0x1f, 0xff, 0x80,
    0x0, 0x0, 0x0, 0x6f, 0xff, 0x40, 0x1, 0xff,
    0xf8, 0x0, 0x0, 0x0, 0x3, 0x99, 0x92, 0x0,
    0x9, 0x99, 0x40, 0x0, 0x0,

    /* U+2200 "∀" */
    0xcc, 0xc7, 0x0, 0x0, 0x0, 0x0, 0x0, 0x7c,
    0xcc, 0xff, 0xf9, 0x0, 0x0, 0x0, 0x0, 0x0,
    0x9f, 0xff, 0xff, 0xf9, 0x0, 0x0, 0x0, 0x0,
    0x0, 0x9f, 0xff, 0xff, 0xfa, 0x22, 0x22, 0x22,
    0x22, 0x22, 0xaf, 0xff, 0xff, 0xff, 0xff, 0xff,
    0xff, 0xff, 0xff, 0xff, 0xff, 0xff, 0xff, 0xff,
    0xff, 0xff, 0xff, 0xff, 0xff, 0xff, 0xff, 0xff,
    0xff, 0xff, 0xff, 0xff, 0xff, 0xff, 0xff, 0xff,
    0xfc, 0x77, 0x77, 0x77, 0x77, 0x77, 0xcf, 0xff,
    0xff, 0xf9, 0x0, 0x0, 0x0, 0x0, 0x0, 0x9f,
    0xff, 0xff, 0xf9, 0x0, 0x0, 0x0, 0x0, 0x0,
    0x9f, 0xff, 0xff, 0xf9, 0x0, 0x0, 0x0, 0x0,
    0x0, 0x9f, 0xff, 0x0, 0x6, 0xff, 0xf1, 0x0,
    0x5f, 0xff, 0x60, 0x0, 0x0, 0x6, 0xff, 0xf1,
    0x0, 0x5f, 0xff, 0x60, 0x0, 0x0, 0x6, 0xff,
    0xf1, 0x0, 0x5f, 0xff, 0x60, 0x0, 0x0, 0x6,
    0xff, 0xf1, 0x0, 0x5f, 0xff, 0x60, 0x0, 0x0,
    0x0, 0x0, 0xe, 0xff, 0xa0, 0x0, 0x0, 0x0,
    0x0, 0x0, 0x0, 0xe, 0xff, 0xa0, 0x0, 0x0,
    0x0, 0x0, 0x0, 0x0, 0xe, 0xff, 0xa0, 0x0,
    0x0, 0x0, 0x0, 0x0, 0x0, 0x8, 0x99, 0x60,
    0x0, 0x0, 0x0,

    /* U+2202 "∂" */
    0x0, 0x0, 0x0, 0x0, 0x0, 0x0, 0x0, 0x0,
    0x0, 0x0, 0x0, 0x0, 0xe, 0xff, 0xff, 0xff,
    0x40, 0x0, 0x0, 0x0, 0x0, 0xe, 0xff, 0xff,
    0xff, 0x40, 0x0, 0x0, 0x0, 0x0, 0xe, 0xff,
    0xff, 0xff, 0x40, 0x0, 0x0, 0x2, 0x77, 0x78,
    0x99, 0x99, 0x99, 0x77, 0x76, 0x0, 0x6, 0xff,
    0xf1, 0x0, 0x0, 0x0, 0xbf, 0xfe, 0x0, 0x6,
    0xff, 0xf1, 0x0, 0x0, 0x0, 0xbf, 0xfe, 0x0,
    0x6, 0xff, 0xf1, 0x0, 0x0, 0x0, 0xbf, 0xfe,
    0x0, 0x1, 0x22, 0x20, 0x0, 0x0, 0x0, 0xbf,
    0xfe, 0x0, 0x0, 0x0, 0x0, 0x0, 0x0, 0x0,
    0xbf, 0xfe, 0x0, 0x0, 0x0, 0x0, 0x0, 0x0,
    0x0, 0xbf, 0xfe, 0x0, 0x1, 0x44, 0x44, 0x44,
    0x44, 0x44, 0xcf, 0xfe, 0x0, 0x6, 0xff, 0xff,
    0xff, 0xff, 0xff, 0xff, 0xfe, 0x0, 0x6, 0xff,
    0xff, 0xff, 0xff, 0xff, 0xff, 0xfe, 0x0, 0x6,
    0xff, 0xff, 0xff, 0xff, 0xff, 0xff, 0xfe, 0xaa,
    0xa8, 0x55, 0x55, 0x55, 0x55, 0x55, 0xdf, 0xfe,
    0xff, 0xf9, 0x0, 0x0, 0x0, 0x0, 0x0, 0xbf,
    0xfe, 0xff, 0xf9, 0x0, 0x0, 0x0, 0x0, 0x0,
    0xbf, 0xfe, 0xff, 0xf9, 0x0, 0x0, 0x0, 0x0,
    0x0, 0xbf, 0xfd, 0xff, 0xf9, 0x0, 0x0, 0x0,
    0x5f, 0xff, 0x40, 0x0, 0xff, 0xf9, 0x0, 0x0,
    0x0, 0x5f, 0xff, 0x40, 0x0, 0xff, 0xf9, 0x0,
    0x0, 0x0, 0x5f, 0xff, 0x40, 0x0, 0x66, 0x67,
    0x99, 0x99, 0x99, 0x86, 0x66, 0x10, 0x0, 0x0,
    0x6, 0xff, 0xff, 0xff, 0xb0, 0x0, 0x0, 0x0,
    0x0, 0x6, 0xff, 0xff, 0xff, 0xb0, 0x0, 0x0,
    0x0, 0x0, 0x6, 0xff, 0xff, 0xff, 0xb0, 0x0,
    0x0, 0x0,

    /* U+2203 "∃" */
    0x0, 0x0, 0x0, 0x0, 0x0, 0x0, 0x0, 0x0,
    0x0, 0xff, 0xff, 0xff, 0xff, 0xff, 0xff, 0xff,
    0xff, 0xff, 0xff, 0xff, 0xff, 0xff, 0xff, 0xff,
    0xff, 0xff, 0xff, 0xff, 0xff, 0xff, 0xff, 0xff,
    0xff, 0xff, 0xff, 0xff, 0x99, 0x99, 0x99, 0x99,
    0x99, 0x99, 0x99, 0xdf, 0xff, 0x0, 0x0, 0x0,
    0x0, 0x0, 0x0, 0x0, 0x9f, 0xff, 0x0, 0x0,
    0x0, 0x0, 0x0, 0x0, 0x0, 0x9f, 0xff, 0x0,
    0x0, 0x0, 0x0, 0x0, 0x0, 0x0, 0x9f, 0xff,
    0x0, 0x0, 0x0, 0x0, 0x0, 0x0, 0x0, 0x9f,
    0xff, 0x0, 0x0, 0x0, 0x0, 0x0, 0x0, 0x0,
    0x9f, 0xff, 0x0, 0x0, 0x0, 0x0, 0x0, 0x0,
    0x0, 0x9f, 0xff, 0x99, 0x99, 0x99, 0x99, 0x99,
    0x99, 0x99, 0xdf, 0xff, 0xff, 0xff, 0xff, 0xff,
    0xff, 0xff, 0xff, 0xff, 0xff, 0xff, 0xff, 0xff,
    0xff, 0xff, 0xff, 0xff, 0xff, 0xff, 0xff, 0xff,
    0xff, 0xff, 0xff, 0xff, 0xff, 0xff, 0xff, 0x0,
    0x0, 0x0, 0x0, 0x0, 0x0, 0x0, 0x9f, 0xff,
    0x0, 0x0, 0x0, 0x0, 0x0, 0x0, 0x0, 0x9f,
    0xff, 0x0, 0x0, 0x0, 0x0, 0x0, 0x0, 0x0,
    0x9f, 0xff, 0x0, 0x0, 0x0, 0x0, 0x0, 0x0,
    0x0, 0x9f, 0xff, 0x0, 0x0, 0x0, 0x0, 0x0,
    0x0, 0x0, 0x9f, 0xff, 0x0, 0x0, 0x0, 0x0,
    0x0, 0x0, 0x0, 0x9f, 0xff, 0x0, 0x0, 0x0,
    0x0, 0x0, 0x0, 0x0, 0x9f, 0xff, 0x99, 0x99,
    0x99, 0x99, 0x99, 0x99, 0x99, 0xdf, 0xff, 0xff,
    0xff, 0xff, 0xff, 0xff, 0xff, 0xff, 0xff, 0xff,
    0xff, 0xff, 0xff, 0xff, 0xff, 0xff, 0xff, 0xff,
    0xff, 0xff, 0xff, 0xff, 0xff, 0xff, 0xff, 0xff,
    0xff, 0xff,

    /* U+2205 "∅" */
    0x0, 0x0, 0x0, 0x0, 0x0, 0x0, 0x0, 0x0,
    0x0, 0x0, 0x0, 0x0, 0x0, 0x0, 0x0, 0x0,
    0x9f, 0xff, 0x0, 0x0, 0x0, 0x0, 0x0, 0x0,
    0x0, 0x9f, 0xff, 0x0, 0x0, 0x0, 0x0, 0x0,
    0x0, 0x0, 0x9f, 0xff, 0x0, 0x2, 0x77, 0x77,
    0x77, 0x77, 0x77, 0x89, 0x99, 0x0, 0x6, 0xff,
    0xff, 0xff, 0xff, 0xff, 0x60, 0x0, 0x0, 0x6,
    0xff, 0xff, 0xff, 0xff, 0xff, 0x60, 0x0, 0x0,
    0x6, 0xff, 0xff, 0xff, 0xff, 0xff, 0x60, 0x0,
    0xff, 0xf9, 0x0, 0x0, 0x0, 0x3f, 0xff, 0xff,
    0xff, 0xff, 0xf9, 0x0, 0x0, 0x0, 0x3f, 0xff,
    0xff, 0xff, 0xff, 0xf9, 0x0, 0x0, 0x0, 0x3f,
    0xff, 0xff, 0xff, 0xff, 0xf9, 0x0, 0x5, 0x66,
    0x69, 0x99, 0xdf, 0xff, 0xff, 0xf9, 0x0, 0xe,
    0xff, 0xa0, 0x0, 0x9f, 0xff, 0xff, 0xf9, 0x0,
    0xe, 0xff, 0xa0, 0x0, 0x9f, 0xff, 0xff, 0xf9,
    0x0, 0xe, 0xff, 0xa0, 0x0, 0x9f, 0xff, 0xff,
    0xfe, 0xcc, 0xc5, 0x33, 0x20, 0x0, 0x9f, 0xff,
    0xff, 0xff, 0xff, 0xf3, 0x0, 0x0, 0x0, 0x9f,
    0xff, 0xff, 0xff, 0xff, 0xf3, 0x0, 0x0, 0x0,
    0x9f, 0xff, 0xcc, 0xce, 0xff, 0xf5, 0x33, 0x33,
    0x33, 0x8c, 0xcc, 0x0, 0x6, 0xff, 0xff, 0xff,
    0xff, 0xff, 0x60, 0x0, 0x0, 0x6, 0xff, 0xff,
    0xff, 0xff, 0xff, 0x60, 0x0, 0x0, 0x6, 0xff,
    0xff, 0xff, 0xff, 0xff, 0x60, 0x0, 0x99, 0x98,
    0x66, 0x66, 0x66, 0x66, 0x66, 0x20, 0x0, 0xff,
    0xf9, 0x0, 0x0, 0x0, 0x0, 0x0, 0x0, 0x0,
    0xff, 0xf9, 0x0, 0x0, 0x0, 0x0, 0x0, 0x0,
    0x0, 0xff, 0xf9, 0x0, 0x0, 0x0, 0x0, 0x0,
    0x0, 0x0,

    /* U+2208 "∈" */
    0x0, 0x3, 0x99, 0x99, 0x99, 0x99, 0x99, 0x99,
    0x99, 0x0, 0x6, 0xff, 0xff, 0xff, 0xff, 0xff,
    0xff, 0xff, 0x0, 0x6, 0xff, 0xff, 0xff, 0xff,
    0xff, 0xff, 0xff, 0x0, 0x6, 0xff, 0xff, 0xff,
    0xff, 0xff, 0xff, 0xff, 0xff, 0xf9, 0x0, 0x0,
    0x0, 0x0, 0x0, 0x0, 0x0, 0xff, 0xf9, 0x0,
    0x0, 0x0, 0x0, 0x0, 0x0, 0x0, 0xff, 0xf9,
    0x0, 0x0, 0x0, 0x0, 0x0, 0x0, 0x0, 0xff,
    0xfd, 0x99, 0x99, 0x99, 0x99, 0x99, 0x99, 0x99,
    0xff, 0xff, 0xff, 0xff, 0xff, 0xff, 0xff, 0xff,
    0xff, 0xff, 0xff, 0xff, 0xff, 0xff, 0xff, 0xff,
    0xff, 0xff, 0xff, 0xff, 0xff, 0xff, 0xff, 0xff,
    0xff, 0xff, 0xff, 0xff, 0xf9, 0x0, 0x0, 0x0,
    0x0, 0x0, 0x0, 0x0, 0xff, 0xf9, 0x0, 0x0,
    0x0, 0x0, 0x0, 0x0, 0x0, 0xff, 0xf9, 0x0,
    0x0, 0x0, 0x0, 0x0, 0x0, 0x0, 0xff, 0xf9,
    0x0, 0x0, 0x0, 0x0, 0x0, 0x0, 0x0, 0x0,
    0x6, 0xff, 0xff, 0xff, 0xff, 0xff, 0xff, 0xff,
    0x0, 0x6, 0xff, 0xff, 0xff, 0xff, 0xff, 0xff,
    0xff, 0x0, 0x6, 0xff, 0xff, 0xff, 0xff, 0xff,
    0xff, 0xff, 0x0, 0x3, 0x99, 0x99, 0x99, 0x99,
    0x99, 0x99, 0x99,

    /* U+2209 "∉" */
    0x0, 0x0, 0x0, 0x0, 0x0, 0x13, 0x33, 0x0,
    0x0, 0x0, 0x0, 0x0, 0x0, 0x0, 0x5f, 0xff,
    0x40, 0x0, 0x0, 0x0, 0x0, 0x0, 0x0, 0x5f,
    0xff, 0x40, 0x0, 0x0, 0x0, 0x0, 0x0, 0x0,
    0x5f, 0xff, 0x40, 0x0, 0x0, 0x3, 0x99, 0x99,
    0x99, 0xbf, 0xff, 0xb9, 0x98, 0x0, 0x6, 0xff,
    0xff, 0xff, 0xff, 0xff, 0xff, 0xfe, 0x0, 0x6,
    0xff, 0xff, 0xff, 0xff, 0xff, 0xff, 0xfe, 0x0,
    0x6, 0xff, 0xff, 0xff, 0xff, 0xff, 0xff, 0xfe,
    0xff, 0xf9, 0x0, 0xe, 0xff, 0xa0, 0x0, 0x0,
    0x0, 0xff, 0xf9, 0x0, 0xe, 0xff, 0xa0, 0x0,
    0x0, 0x0, 0xff, 0xf9, 0x0, 0xe, 0xff, 0xa0,
    0x0, 0x0, 0x0, 0xff, 0xfd, 0x99, 0x9f, 0xff,
    0xd9, 0x99, 0x99, 0x97, 0xff, 0xff, 0xff, 0xff,
    0xff, 0xff, 0xff, 0xff, 0xfe, 0xff, 0xff, 0xff,
    0xff, 0xff, 0xff, 0xff, 0xff, 0xfe, 0xff, 0xff,
    0xff, 0xff, 0xff, 0xff, 0xff, 0xff, 0xfe, 0xff,
    0xf9, 0x0, 0xe, 0xff, 0xa0, 0x0, 0x0, 0x0,
    0xff, 0xf9, 0x0, 0xe, 0xff, 0xa0, 0x0, 0x0,
    0x0, 0xff, 0xf9, 0x0, 0xe, 0xff, 0xa0, 0x0,
    0x0, 0x0, 0xcc, 0xc8, 0x33, 0x3f, 0xff, 0xb3,
    0x33, 0x33, 0x32, 0x0, 0x6, 0xff, 0xff, 0xff,
    0xff, 0xff, 0xff, 0xfe, 0x0, 0x6, 0xff, 0xff,
    0xff, 0xff, 0xff, 0xff, 0xfe, 0x0, 0x6, 0xff,
    0xff, 0xff, 0xff, 0xff, 0xff, 0xfe, 0x0, 0x6,
    0xff, 0xf7, 0x66, 0x66, 0x66, 0x66, 0x65, 0x0,
    0x6, 0xff, 0xf1, 0x0, 0x0, 0x0, 0x0, 0x0,
    0x0, 0x6, 0xff, 0xf1, 0x0, 0x0, 0x0, 0x0,
    0x0, 0x0, 0x6, 0xff, 0xf1, 0x0, 0x0, 0x0,
    0x0, 0x0,

    /* U+220B "∋" */
    0x99, 0x99, 0x99, 0x99, 0x99, 0x99, 0x99, 0x30,
    0x0, 0xff, 0xff, 0xff, 0xff, 0xff, 0xff, 0xff,
    0x60, 0x0, 0xff, 0xff, 0xff, 0xff, 0xff, 0xff,
    0xff, 0x60, 0x0, 0xff, 0xff, 0xff, 0xff, 0xff,
    0xff, 0xff, 0x60, 0x0, 0x0, 0x0, 0x0, 0x0,
    0x0, 0x0, 0x0, 0x9f, 0xff, 0x0, 0x0, 0x0,
    0x0, 0x0, 0x0, 0x0, 0x9f, 0xff, 0x0, 0x0,
    0x0, 0x0, 0x0, 0x0, 0x0, 0x9f, 0xff, 0x99,
    0x99, 0x99, 0x99, 0x99, 0x99, 0x99, 0xdf, 0xff,
    0xff, 0xff, 0xff, 0xff, 0xff, 0xff, 0xff, 0xff,
    0xff, 0xff, 0xff, 0xff, 0xff, 0xff, 0xff, 0xff,
    0xff, 0xff, 0xff, 0xff, 0xff, 0xff, 0xff, 0xff,
    0xff, 0xff, 0xff, 0x0, 0x0, 0x0, 0x0, 0x0,
    0x0, 0x0, 0x9f, 0xff, 0x0, 0x0, 0x0, 0x0,
    0x0, 0x0, 0x0, 0x9f, 0xff, 0x0, 0x0, 0x0,
    0x0, 0x0, 0x0, 0x0, 0x9f, 0xff, 0x0, 0x0,
    0x0, 0x0, 0x0, 0x0, 0x0, 0x9f, 0xff, 0xff,
    0xff, 0xff, 0xff, 0xff, 0xff, 0xff, 0x60, 0x0,
    0xff, 0xff, 0xff, 0xff, 0xff, 0xff, 0xff, 0x60,
    0x0, 0xff, 0xff, 0xff, 0xff, 0xff, 0xff, 0xff,
    0x60, 0x0, 0x99, 0x99, 0x99, 0x99, 0x99, 0x99,
    0x99, 0x30, 0x0,

    /* U+220C "∌" */
    0x0, 0x0, 0x0, 0x0, 0x0, 0x3, 0x33, 0x10,
    0x0, 0x0, 0x0, 0x0, 0x0, 0x0, 0x3f, 0xff,
    0x60, 0x0, 0x0, 0x0, 0x0, 0x0, 0x0, 0x3f,
    0xff, 0x60, 0x0, 0x0, 0x0, 0x0, 0x0, 0x0,
    0x3f, 0xff, 0x60, 0x0, 0x99, 0x99, 0x99, 0x99,
    0x99, 0xaf, 0xff, 0x60, 0x0, 0xff, 0xff, 0xff,
    0xff, 0xff, 0xff, 0xff, 0x60, 0x0, 0xff, 0xff,
    0xff, 0xff, 0xff, 0xff, 0xff, 0x60, 0x0, 0xff,
    0xff, 0xff, 0xff, 0xff, 0xff, 0xff, 0x60, 0x0,
    0x0, 0x0, 0x0, 0xc, 0xff, 0xd0, 0x0, 0x9f,
    0xff, 0x0, 0x0, 0x0, 0xc, 0xff, 0xd0, 0x0,
    0x9f, 0xff, 0x0, 0x0, 0x0, 0xc, 0xff, 0xd0,
    0x0, 0x9f, 0xff, 0x99, 0x99, 0x99, 0x9e, 0xff,
    0xe9, 0x99, 0xdf, 0xff, 0xff, 0xff, 0xff, 0xff,
    0xff, 0xff, 0xff, 0xff, 0xff, 0xff, 0xff, 0xff,
    0xff, 0xff, 0xff, 0xff, 0xff, 0xff, 0xff, 0xff,
    0xff, 0xff, 0xff, 0xff, 0xff, 0xff, 0xff, 0x0,
    0x0, 0x0, 0xc, 0xff, 0xd0, 0x0, 0x9f, 0xff,
    0x0, 0x0, 0x0, 0xc, 0xff, 0xd0, 0x0, 0x9f,
    0xff, 0x0, 0x0, 0x0, 0xc, 0xff, 0xd0, 0x0,
    0x9f, 0xff, 0x0, 0x0, 0x0, 0xc, 0xff, 0xd0,
    0x0, 0x9f, 0xff, 0xff, 0xff, 0xff, 0xff, 0xff,
    0xff, 0xff, 0x60, 0x0, 0xff, 0xff, 0xff, 0xff,
    0xff, 0xff, 0xff, 0x60, 0x0, 0xff, 0xff, 0xff,
    0xff, 0xff, 0xff, 0xff, 0x60, 0x0, 0x99, 0x9b,
    0xff, 0xfa, 0x99, 0x99, 0x99, 0x30, 0x0, 0x0,
    0x6, 0xff, 0xf3, 0x0, 0x0, 0x0, 0x0, 0x0,
    0x0, 0x6, 0xff, 0xf3, 0x0, 0x0, 0x0, 0x0,
    0x0, 0x0, 0x6, 0xff, 0xf3, 0x0, 0x0, 0x0,
    0x0, 0x0, 0x0, 0x0, 0x22, 0x20, 0x0, 0x0,
    0x0, 0x0, 0x0,

    /* U+2211 "∑" */
    0x0, 0x0, 0x0, 0x0, 0x0, 0x0, 0x0, 0x0,
    0x0, 0xff, 0xff, 0xff, 0xff, 0xff, 0xff, 0xff,
    0xff, 0xff, 0xff, 0xff, 0xff, 0xff, 0xff, 0xff,
    0xff, 0xff, 0xff, 0xff, 0xff, 0xff, 0xff, 0xff,
    0xff, 0xff, 0xff, 0xff, 0xff, 0xfd, 0x99, 0x99,
    0x99, 0x99, 0x99, 0xdf, 0xff, 0xff, 0xf9, 0x0,
    0x0, 0x0, 0x0, 0x0, 0x9f, 0xff, 0xff, 0xf9,
    0x0, 0x0, 0x0, 0x0, 0x0, 0x9f, 0xff, 0xff,
    0xf9, 0x0, 0x0, 0x0, 0x0, 0x0, 0x9f, 0xff,
    0x22, 0x27, 0xff, 0xf1, 0x0, 0x0, 0x0, 0x12,
    0x22, 0x0, 0x6, 0xff, 0xf1, 0x0, 0x0, 0x0,
    0x0, 0x0, 0x0, 0x6, 0xff, 0xf1, 0x0, 0x0,
    0x0, 0x0, 0x0, 0x0, 0x3, 0x99, 0x96, 0x66,
    0x40, 0x0, 0x0, 0x0, 0x0, 0x0, 0x0, 0xe,
    0xff, 0xa0, 0x0, 0x0, 0x0, 0x0, 0x0, 0x0,
    0xe, 0xff, 0xa0, 0x0, 0x0, 0x0, 0x0, 0x0,
    0x0, 0xe, 0xff, 0xa0, 0x0, 0x0, 0x0, 0x0,
    0x4, 0xaa, 0xa6, 0x55, 0x30, 0x0, 0x0, 0x0,
    0x0, 0x6, 0xff, 0xf1, 0x0, 0x0, 0x0, 0x0,
    0x0, 0x0, 0x6, 0xff, 0xf1, 0x0, 0x0, 0x0,
    0x0, 0x0, 0x33, 0x38, 0xff, 0xf1, 0x0, 0x0,
    0x0, 0x13, 0x33, 0xff, 0xf9, 0x0, 0x0, 0x0,
    0x0, 0x0, 0x9f, 0xff, 0xff, 0xf9, 0x0, 0x0,
    0x0, 0x0, 0x0, 0x9f, 0xff, 0xff, 0xf9, 0x0,
    0x0, 0x0, 0x0, 0x0, 0x9f, 0xff, 0xff, 0xfd,
    0x99, 0x99, 0x99, 0x99, 0x99, 0xdf, 0xff, 0xff,
    0xff, 0xff, 0xff, 0xff, 0xff, 0xff, 0xff, 0xff,
    0xff, 0xff, 0xff, 0xff, 0xff, 0xff, 0xff, 0xff,
    0xff, 0xff, 0xff, 0xff, 0xff, 0xff, 0xff, 0xff,
    0xff, 0xff,

    /* U+2212 "−" */
    0x99, 0x99, 0x99, 0x99, 0x99, 0x99, 0x99, 0x99,
    0x99, 0xff, 0xff, 0xff, 0xff, 0xff, 0xff, 0xff,
    0xff, 0xff, 0xff, 0xff, 0xff, 0xff, 0xff, 0xff,
    0xff, 0xff, 0xff, 0xff, 0xff, 0xff, 0xff, 0xff,
    0xff, 0xff, 0xff, 0xff, 0x0, 0x0, 0x0, 0x0,
    0x0, 0x0, 0x0, 0x0, 0x0,

    /* U+2213 "∓" */
    0x0, 0x0, 0x0, 0x0, 0x0, 0x0, 0x0, 0x0,
    0x0, 0xff, 0xff, 0xff, 0xff, 0xff, 0xff, 0xff,
    0xff, 0xff, 0xff, 0xff, 0xff, 0xff, 0xff, 0xff,
    0xff, 0xff, 0xff, 0xff, 0xff, 0xff, 0xff, 0xff,
    0xff, 0xff, 0xff, 0xff, 0x99, 0x99, 0x99, 0x99,
    0x99, 0x99, 0x99, 0x99, 0x99, 0x0, 0x0, 0x0,
    0x0, 0x0, 0x0, 0x0, 0x0, 0x0, 0x0, 0x0,
    0x0, 0x0, 0x0, 0x0, 0x0, 0x0, 0x0, 0x0,
    0x0, 0x0, 0x0, 0x0, 0x0, 0x0, 0x0, 0x0,
    0x0, 0x0, 0x0, 0xc, 0xff, 0xc0, 0x0, 0x0,
    0x0, 0x0, 0x0, 0x0, 0xc, 0xff, 0xc0, 0x0,
    0x0, 0x0, 0x0, 0x0, 0x0, 0xc, 0xff, 0xc0,
    0x0, 0x0, 0x0, 0x0, 0x0, 0x0, 0xc, 0xff,
    0xc0, 0x0, 0x0, 0x0, 0x0, 0x0, 0x0, 0xc,
    0xff, 0xc0, 0x0, 0x0, 0x0, 0x0, 0x0, 0x0,
    0xc, 0xff, 0xc0, 0x0, 0x0, 0x0, 0x0, 0x0,
    0x0, 0xc, 0xff, 0xc0, 0x0, 0x0, 0x0, 0xcc,
    0xcc, 0xcc, 0xcf, 0xff, 0xfc, 0xcc, 0xcc, 0xcc,
    0xff, 0xff, 0xff, 0xff, 0xff, 0xff, 0xff, 0xff,
    0xff, 0xff, 0xff, 0xff, 0xff, 0xff, 0xff, 0xff,
    0xff, 0xff, 0xcc, 0xcc, 0xcc, 0xcf, 0xff, 0xfc,
    0xcc, 0xcc, 0xcc, 0x0, 0x0, 0x0, 0xc, 0xff,
    0xc0, 0x0, 0x0, 0x0, 0x0, 0x0, 0x0, 0xc,
    0xff, 0xc0, 0x0, 0x0, 0x0, 0x0, 0x0, 0x0,
    0xc, 0xff, 0xc0, 0x0, 0x0, 0x0, 0x0, 0x0,
    0x0, 0xc, 0xff, 0xc0, 0x0, 0x0, 0x0, 0x0,
    0x0, 0x0, 0xc, 0xff, 0xc0, 0x0, 0x0, 0x0,
    0x0, 0x0, 0x0, 0xc, 0xff, 0xc0, 0x0, 0x0,
    0x0, 0x0, 0x0, 0x0, 0xc, 0xff, 0xc0, 0x0,
    0x0, 0x0,

    /* U+2215 "∕" */
    0x0, 0x0, 0x0, 0x0, 0x0, 0x0, 0x0, 0x59,
    0x99, 0x0, 0x0, 0x0, 0x0, 0x0, 0x0, 0x0,
    0x9f, 0xff, 0x0, 0x0, 0x0, 0x0, 0x0, 0x0,
    0x0, 0x9f, 0xff, 0x0, 0x0, 0x0, 0x0, 0x0,
    0x0, 0x0, 0x9f, 0xff, 0x0, 0x0, 0x0, 0x0,
    0x0, 0x5f, 0xff, 0x60, 0x0, 0x0, 0x0, 0x0,
    0x0, 0x0, 0x5f, 0xff, 0x60, 0x0, 0x0, 0x0,
    0x0, 0x0, 0x0, 0x5f, 0xff, 0x60, 0x0, 0x0,
    0x0, 0x0, 0x8, 0x99, 0x87, 0x77, 0x20, 0x0,
    0x0, 0x0, 0x0, 0xe, 0xff, 0xa0, 0x0, 0x0,
    0x0, 0x0, 0x0, 0x0, 0xe, 0xff, 0xa0, 0x0,
    0x0, 0x0, 0x0, 0x0, 0x0, 0xe, 0xff, 0xa0,
    0x0, 0x0, 0x0, 0x0, 0x6, 0xff, 0xf1, 0x0,
    0x0, 0x0, 0x0, 0x0, 0x0, 0x6, 0xff, 0xf1,
    0x0, 0x0, 0x0, 0x0, 0x0, 0x0, 0x6, 0xff,
    0xf1, 0x0, 0x0, 0x0, 0x0, 0x0, 0x0, 0x6,
    0xff, 0xf1, 0x0, 0x0, 0x0, 0x0, 0x0, 0xff,
    0xf9, 0x0, 0x0, 0x0, 0x0, 0x0, 0x0, 0x0,
    0xff, 0xf9, 0x0, 0x0, 0x0, 0x0, 0x0, 0x0,
    0x0, 0xff, 0xf9, 0x0, 0x0, 0x0, 0x0, 0x0,
    0x0, 0x0, 0x99, 0x95, 0x0, 0x0, 0x0, 0x0,
    0x0, 0x0, 0x0,

    /* U+2217 "∗" */
    0x8f, 0xff, 0x10, 0x1, 0xff, 0xf8, 0x8f, 0xff,
    0x10, 0x1, 0xff, 0xf8, 0x8f, 0xff, 0x10, 0x1,
    0xff, 0xf8, 0x59, 0x99, 0x66, 0x66, 0x99, 0x95,
    0x0, 0x0, 0xef, 0xff, 0x0, 0x0, 0x0, 0x0,
    0xef, 0xff, 0x0, 0x0, 0x0, 0x0, 0xef, 0xff,
    0x0, 0x0, 0x5a, 0xaa, 0x65, 0x56, 0xaa, 0xa5,
    0x8f, 0xff, 0x10, 0x1, 0xff, 0xf8, 0x8f, 0xff,
    0x10, 0x1, 0xff, 0xf8, 0x8f, 0xff, 0x10, 0x0,
    0xff, 0xf8,

    /* U+221A "√" */
    0x0, 0x0, 0x0, 0x0, 0x0, 0x0, 0x0, 0x0,
    0x0, 0x0, 0x0, 0x0, 0xe, 0xff, 0xff, 0xff,
    0xff, 0xfe, 0x0, 0x0, 0x0, 0xe, 0xff, 0xff,
    0xff, 0xff, 0xfe, 0x0, 0x0, 0x0, 0xe, 0xff,
    0xff, 0xff, 0xff, 0xfe, 0x0, 0x0, 0x0, 0xe,
    0xff, 0xd9, 0x99, 0x99, 0x97, 0x0, 0x0, 0x0,
    0xe, 0xff, 0xa0, 0x0, 0x0, 0x0, 0x0, 0x0,
    0x0, 0xe, 0xff, 0xa0, 0x0, 0x0, 0x0, 0x0,
    0x0, 0x0, 0xe, 0xff, 0xa0, 0x0, 0x0, 0x0,
    0x0, 0x0, 0x0, 0xe, 0xff, 0xa0, 0x0, 0x0,
    0x0, 0x0, 0x0, 0x0, 0xe, 0xff, 0xa0, 0x0,
    0x0, 0x0, 0x0, 0x0, 0x0, 0xe, 0xff, 0xa0,
    0x0, 0x0, 0x0, 0x0, 0x0, 0x0, 0xe, 0xff,
    0xa0, 0x0, 0x0, 0x0, 0x0, 0x0, 0x0, 0xe,
    0xff, 0xa0, 0x0, 0x0, 0x0, 0x0, 0x0, 0x0,
    0xe, 0xff, 0xa0, 0x0, 0x0, 0x0, 0x0, 0x0,
    0x0, 0xe, 0xff, 0xa0, 0x0, 0x0, 0x0, 0xaa,
    0xa6, 0x0, 0xe, 0xff, 0xa0, 0x0, 0x0, 0x0,
    0xff, 0xf9, 0x0, 0xe, 0xff, 0xa0, 0x0, 0x0,
    0x0, 0xff, 0xf9, 0x0, 0xe, 0xff, 0xa0, 0x0,
    0x0, 0x0, 0xff, 0xf9, 0x0, 0xe, 0xff, 0xa0,
    0x0, 0x0, 0x0, 0x0, 0x8, 0xff, 0xff, 0xff,
    0xa0, 0x0, 0x0, 0x0, 0x0, 0x8, 0xff, 0xff,
    0xff, 0xa0, 0x0, 0x0, 0x0, 0x0, 0x8, 0xff,
    0xff, 0xff, 0xa0, 0x0, 0x0, 0x0, 0x0, 0x4,
    0x99, 0x9f, 0xff, 0xa0, 0x0, 0x0, 0x0, 0x0,
    0x0, 0x0, 0xe, 0xff, 0xa0, 0x0, 0x0, 0x0,
    0x0, 0x0, 0x0, 0xe, 0xff, 0xa0, 0x0, 0x0,
    0x0, 0x0, 0x0, 0x0, 0xe, 0xff, 0xa0, 0x0,
    0x0, 0x0, 0x0, 0x0, 0x0, 0x2, 0x22, 0x10,
    0x0, 0x0, 0x0,

    /* U+221D "∝" */
    0x0, 0x3, 0x99, 0x90, 0x0, 0x39, 0x99, 0x99,
    0x98, 0x0, 0x6, 0xff, 0xf1, 0x0, 0x5f, 0xff,
    0xff, 0xfe, 0x0, 0x6, 0xff, 0xf1, 0x0, 0x5f,
    0xff, 0xff, 0xfe, 0x0, 0x6, 0xff, 0xf1, 0x0,
    0x5f, 0xff, 0xff, 0xfe, 0xff, 0xf9, 0x0, 0xe,
    0xff, 0xa0, 0x0, 0x0, 0x0, 0xff, 0xf9, 0x0,
    0xe, 0xff, 0xa0, 0x0, 0x0, 0x0, 0xff, 0xf9,
    0x0, 0xe, 0xff, 0xa0, 0x0, 0x0, 0x0, 0xff,
    0xf9, 0x0, 0xe, 0xff, 0xa0, 0x0, 0x0, 0x0,
    0xff, 0xf9, 0x0, 0xe, 0xff, 0xa0, 0x0, 0x0,
    0x0, 0xff, 0xf9, 0x0, 0xe, 0xff, 0xa0, 0x0,
    0x0, 0x0, 0xff, 0xf9, 0x0, 0xe, 0xff, 0xa0,
    0x0, 0x0, 0x0, 0xff, 0xf9, 0x0, 0xe, 0xff,
    0xa0, 0x0, 0x0, 0x0, 0xff, 0xf9, 0x0, 0xe,
    0xff, 0xa0, 0x0, 0x0, 0x0, 0xff, 0xf9, 0x0,
    0xe, 0xff, 0xa0, 0x0, 0x0, 0x0, 0xff, 0xf9,
    0x0, 0xe, 0xff, 0xa0, 0x0, 0x0, 0x0, 0x0,
    0x6, 0xff, 0xf1, 0x0, 0x5f, 0xff, 0xff, 0xfe,
    0x0, 0x6, 0xff, 0xf1, 0x0, 0x5f, 0xff, 0xff,
    0xfe, 0x0, 0x6, 0xff, 0xf1, 0x0, 0x5f, 0xff,
    0xff, 0xfe, 0x0, 0x3, 0x99, 0x90, 0x0, 0x29,
    0x99, 0x99, 0x97,

    /* U+221E "∞" */
    0x0, 0x3, 0x99, 0x90, 0x0, 0x39, 0x99, 0x30,
    0x0, 0x0, 0x6, 0xff, 0xf1, 0x0, 0x5f, 0xff,
    0x60, 0x0, 0x0, 0x6, 0xff, 0xf1, 0x0, 0x5f,
    0xff, 0x60, 0x0, 0x0, 0x6, 0xff, 0xf1, 0x0,
    0x5f, 0xff, 0x60, 0x0, 0xff, 0xf9, 0x0, 0xe,
    0xff, 0xa0, 0x0, 0x9f, 0xff, 0xff, 0xf9, 0x0,
    0xe, 0xff, 0xa0, 0x0, 0x9f, 0xff, 0xff, 0xf9,
    0x0, 0xe, 0xff, 0xa0, 0x0, 0x9f, 0xff, 0xff,
    0xf9, 0x0, 0xe, 0xff, 0xa0, 0x0, 0x9f, 0xff,
    0xff, 0xf9, 0x0, 0xe, 0xff, 0xa0, 0x0, 0x9f,
    0xff, 0xff, 0xf9, 0x0, 0xe, 0xff, 0xa0, 0x0,
    0x9f, 0xff, 0xff, 0xf9, 0x0, 0xe, 0xff, 0xa0,
    0x0, 0x9f, 0xff, 0xff, 0xf9, 0x0, 0xe, 0xff,
    0xa0, 0x0, 0x9f, 0xff, 0xff, 0xf9, 0x0, 0xe,
    0xff, 0xa0, 0x0, 0x9f, 0xff, 0xff, 0xf9, 0x0,
    0xe, 0xff, 0xa0, 0x0, 0x9f, 0xff, 0xff, 0xf9,
    0x0, 0xe, 0xff, 0xa0, 0x0, 0x9f, 0xff, 0x0,
    0x6, 0xff, 0xf1, 0x0, 0x5f, 0xff, 0x60, 0x0,
    0x0, 0x6, 0xff, 0xf1, 0x0, 0x5f, 0xff, 0x60,
    0x0, 0x0, 0x6, 0xff, 0xf1, 0x0, 0x5f, 0xff,
    0x60, 0x0, 0x0, 0x3, 0x99, 0x90, 0x0, 0x29,
    0x99, 0x30, 0x0,

    /* U+221F "∟" */
    0x77, 0x74, 0x0, 0x0, 0x0, 0x0, 0x0, 0x0,
    0x0, 0xff, 0xf9, 0x0, 0x0, 0x0, 0x0, 0x0,
    0x0, 0x0, 0xff, 0xf9, 0x0, 0x0, 0x0, 0x0,
    0x0, 0x0, 0x0, 0xff, 0xf9, 0x0, 0x0, 0x0,
    0x0, 0x0, 0x0, 0x0, 0xff, 0xf9, 0x0, 0x0,
    0x0, 0x0, 0x0, 0x0, 0x0, 0xff, 0xf9, 0x0,
    0x0, 0x0, 0x0, 0x0, 0x0, 0x0, 0xff, 0xf9,
    0x0, 0x0, 0x0, 0x0, 0x0, 0x0, 0x0, 0xff,
    0xf9, 0x0, 0x0, 0x0, 0x0, 0x0, 0x0, 0x0,
    0xff, 0xf9, 0x0, 0x0, 0x0, 0x0, 0x0, 0x0,
    0x0, 0xff, 0xf9, 0x0, 0x0, 0x0, 0x0, 0x0,
    0x0, 0x0, 0xff, 0xf9, 0x0, 0x0, 0x0, 0x0,
    0x0, 0x0, 0x0, 0xff, 0xf9, 0x0, 0x0, 0x0,
    0x0, 0x0, 0x0, 0x0, 0xff, 0xf9, 0x0, 0x0,
    0x0, 0x0, 0x0, 0x0, 0x0, 0xff, 0xf9, 0x0,
    0x0, 0x0, 0x0, 0x0, 0x0, 0x0, 0xff, 0xf9,
    0x0, 0x0, 0x0, 0x0, 0x0, 0x0, 0x0, 0xff,
    0xff, 0xff, 0xff, 0xff, 0xff, 0xff, 0xff, 0xff,
    0xff, 0xff, 0xff, 0xff, 0xff, 0xff, 0xff, 0xff,
    0xff, 0xff, 0xff, 0xff, 0xff, 0xff, 0xff, 0xff,
    0xff, 0xff, 0x99, 0x99, 0x99, 0x99, 0x99, 0x99,
    0x99, 0x99, 0x99,

    /* U+2220 "∠" */
    0x0, 0x0, 0x0, 0x0, 0x0, 0x0, 0x0, 0x59,
    0x99, 0x0, 0x0, 0x0, 0x0, 0x0, 0x0, 0x0,
    0x9f, 0xff, 0x0, 0x0, 0x0, 0x0, 0x0, 0x0,
    0x0, 0x9f, 0xff, 0x0, 0x0, 0x0, 0x0, 0x0,
    0x0, 0x0, 0x9f, 0xff, 0x0, 0x0, 0x0, 0x0,
    0x0, 0x3f, 0xff, 0x60, 0x0, 0x0, 0x0, 0x0,
    0x0, 0x0, 0x3f, 0xff, 0x60, 0x0, 0x0, 0x0,
    0x0, 0x0, 0x0, 0x3f, 0xff, 0x60, 0x0, 0x0,
    0x0, 0x0, 0x7, 0x99, 0x87, 0x77, 0x20, 0x0,
    0x0, 0x0, 0x0, 0xc, 0xff, 0xc0, 0x0, 0x0,
    0x0, 0x0, 0x0, 0x0, 0xc, 0xff, 0xc0, 0x0,
    0x0, 0x0, 0x0, 0x0, 0x0, 0xc, 0xff, 0xc0,
    0x0, 0x0, 0x0, 0x0, 0x4, 0xaa, 0xa2, 0x0,
    0x0, 0x0, 0x0, 0x0, 0x0, 0x6, 0xff, 0xf3,
    0x0, 0x0, 0x0, 0x0, 0x0, 0x0, 0x6, 0xff,
    0xf3, 0x0, 0x0, 0x0, 0x0, 0x0, 0x0, 0x6,
    0xff, 0xf3, 0x0, 0x0, 0x0, 0x0, 0x0, 0xff,
    0xff, 0xff, 0xff, 0xff, 0xff, 0xff, 0xff, 0xff,
    0xff, 0xff, 0xff, 0xff, 0xff, 0xff, 0xff, 0xff,
    0xff, 0xff, 0xff, 0xff, 0xff, 0xff, 0xff, 0xff,
    0xff, 0xff, 0x99, 0x99, 0x99, 0x99, 0x99, 0x99,
    0x99, 0x99, 0x99,

    /* U+2221 "∡" */
    0x0, 0x3, 0x99, 0x91, 0x0, 0x0, 0x0, 0x59,
    0x99, 0x0, 0x6, 0xff, 0xf3, 0x0, 0x0, 0x0,
    0x9f, 0xff, 0x0, 0x6, 0xff, 0xf3, 0x0, 0x0,
    0x0, 0x9f, 0xff, 0x0, 0x6, 0xff, 0xf3, 0x0,
    0x0, 0x0, 0x9f, 0xff, 0x0, 0x0, 0x0, 0xc,
    0xff, 0xff, 0xff, 0x60, 0x0, 0x0, 0x0, 0x0,
    0xc, 0xff, 0xff, 0xff, 0x60, 0x0, 0x0, 0x0,
    0x0, 0xc, 0xff, 0xff, 0xff, 0x60, 0x0, 0x0,
    0x0, 0x0, 0xc, 0xff, 0xff, 0xff, 0x60, 0x0,
    0x0, 0x0, 0x0, 0xc, 0xff, 0xff, 0xff, 0x60,
    0x0, 0x0, 0x0, 0x0, 0xc, 0xff, 0xff, 0xff,
    0x60, 0x0, 0x0, 0x0, 0x0, 0xc, 0xff, 0xff,
    0xff, 0x60, 0x0, 0x0, 0x4, 0xaa, 0xa4, 0x33,
    0x5f, 0xff, 0x60, 0x0, 0x0, 0x6, 0xff, 0xf3,
    0x0, 0x3f, 0xff, 0x60, 0x0, 0x0, 0x6, 0xff,
    0xf3, 0x0, 0x3f, 0xff, 0x60, 0x0, 0x0, 0x6,
    0xff, 0xf3, 0x0, 0x3f, 0xff, 0x60, 0x0, 0xff,
    0xff, 0xff, 0xff, 0xff, 0xff, 0xff, 0xff, 0xff,
    0xff, 0xff, 0xff, 0xff, 0xff, 0xff, 0xff, 0xff,
    0xff, 0xff, 0xff, 0xff, 0xff, 0xff, 0xff, 0xff,
    0xff, 0xff, 0x99, 0x99, 0x99, 0x99, 0x99, 0x99,
    0x99, 0x99, 0x99,

    /* U+2225 "∥" */
    0x13, 0x33, 0x0, 0x1, 0x33, 0x30, 0x8f, 0xff,
    0x10, 0x8, 0xff, 0xf1, 0x8f, 0xff, 0x10, 0x8,
    0xff, 0xf1, 0x8f, 0xff, 0x10, 0x8, 0xff, 0xf1,
    0x8f, 0xff, 0x10, 0x8, 0xff, 0xf1, 0x8f, 0xff,
    0x10, 0x8, 0xff, 0xf1, 0x8f, 0xff, 0x10, 0x8,
    0xff, 0xf1, 0x8f, 0xff, 0x10, 0x8, 0xff, 0xf1,
    0x8f, 0xff, 0x10, 0x8, 0xff, 0xf1, 0x8f, 0xff,
    0x10, 0x8, 0xff, 0xf1, 0x8f, 0xff, 0x10, 0x8,
    0xff, 0xf1, 0x8f, 0xff, 0x10, 0x8, 0xff, 0xf1,
    0x8f, 0xff, 0x10, 0x8, 0xff, 0xf1, 0x8f, 0xff,
    0x10, 0x8, 0xff, 0xf1, 0x8f, 0xff, 0x10, 0x8,
    0xff, 0xf1, 0x8f, 0xff, 0x10, 0x8, 0xff, 0xf1,
    0x8f, 0xff, 0x10, 0x8, 0xff, 0xf1, 0x8f, 0xff,
    0x10, 0x8, 0xff, 0xf1, 0x8f, 0xff, 0x10, 0x8,
    0xff, 0xf1, 0x8f, 0xff, 0x10, 0x8, 0xff, 0xf1,
    0x8f, 0xff, 0x10, 0x8, 0xff, 0xf1, 0x8f, 0xff,
    0x10, 0x8, 0xff, 0xf1, 0x8f, 0xff, 0x10, 0x8,
    0xff, 0xf1, 0x8f, 0xff, 0x10, 0x8, 0xff, 0xf1,
    0x8f, 0xff, 0x10, 0x8, 0xff, 0xf1, 0x8f, 0xff,
    0x10, 0x8, 0xff, 0xf1,

    /* U+2226 "∦" */
    0x0, 0x0, 0x13, 0x33, 0x0, 0x1, 0x33, 0x30,
    0x0, 0x0, 0x0, 0x8, 0xff, 0xf1, 0x0, 0x8f,
    0xff, 0x10, 0x0, 0x0, 0x0, 0x8f, 0xff, 0x10,
    0x8, 0xff, 0xf1, 0x0, 0x0, 0x0, 0x8, 0xff,
    0xf1, 0x0, 0x8f, 0xff, 0x10, 0x0, 0x0, 0x0,
    0x8f, 0xff, 0x10, 0x8, 0xff, 0xfa, 0x99, 0x60,
    0x0, 0x8, 0xff, 0xf1, 0x0, 0x8f, 0xff, 0xff,
    0xfa, 0x0, 0x0, 0x8f, 0xff, 0x10, 0x8, 0xff,
    0xff, 0xff, 0xa0, 0x0, 0x8, 0xff, 0xf1, 0x0,
    0x8f, 0xff, 0xff, 0xfa, 0x0, 0x0, 0x8f, 0xff,
    0x10, 0x8, 0xff, 0xf1, 0x0, 0x0, 0x0, 0x8,
    0xff, 0xf1, 0x0, 0x8f, 0xff, 0x10, 0x0, 0x0,
    0x0, 0x8f, 0xff, 0x10, 0x8, 0xff, 0xf1, 0x0,
    0x0, 0x0, 0x8, 0xff, 0xf7, 0x66, 0xbf, 0xff,
    0x10, 0x0, 0x0, 0x0, 0x8f, 0xff, 0xff, 0xff,
    0xff, 0xf1, 0x0, 0x0, 0x0, 0x8, 0xff, 0xff,
    0xff, 0xff, 0xff, 0x10, 0x0, 0x0, 0x0, 0x8f,
    0xff, 0xff, 0xff, 0xff, 0xf1, 0x0, 0x0, 0x0,
    0x8, 0xff, 0xf4, 0x33, 0xaf, 0xff, 0x10, 0x0,
    0x0, 0x0, 0x8f, 0xff, 0x10, 0x8, 0xff, 0xf1,
    0x0, 0x0, 0x0, 0x8, 0xff, 0xf1, 0x0, 0x8f,
    0xff, 0x10, 0x0, 0x3, 0x33, 0xaf, 0xff, 0x10,
    0x8, 0xff, 0xf1, 0x0, 0x2, 0xff, 0xff, 0xff,
    0xf1, 0x0, 0x8f, 0xff, 0x10, 0x0, 0x2f, 0xff,
    0xff, 0xff, 0x10, 0x8, 0xff, 0xf1, 0x0, 0x2,
    0xff, 0xff, 0xff, 0xf1, 0x0, 0x8f, 0xff, 0x10,
    0x0, 0x6, 0x66, 0xbf, 0xff, 0x10, 0x8, 0xff,
    0xf1, 0x0, 0x0, 0x0, 0x8, 0xff, 0xf1, 0x0,
    0x8f, 0xff, 0x10, 0x0, 0x0, 0x0, 0x8f, 0xff,
    0x10, 0x8, 0xff, 0xf1, 0x0, 0x0, 0x0, 0x8,
    0xff, 0xf1, 0x0, 0x8f, 0xff, 0x10, 0x0,

    /* U+2227 "∧" */
    0x0, 0x0, 0x0, 0x8, 0x99, 0x60, 0x0, 0x0,
    0x0, 0x0, 0x0, 0x0, 0xe, 0xff, 0xa0, 0x0,
    0x0, 0x0, 0x0, 0x0, 0x0, 0xe, 0xff, 0xa0,
    0x0, 0x0, 0x0, 0x0, 0x0, 0x0, 0xe, 0xff,
    0xa0, 0x0, 0x0, 0x0, 0x0, 0x6, 0xff, 0xf1,
    0x0, 0x5f, 0xff, 0x60, 0x0, 0x0, 0x6, 0xff,
    0xf1, 0x0, 0x5f, 0xff, 0x60, 0x0, 0x0, 0x6,
    0xff, 0xf1, 0x0, 0x5f, 0xff, 0x60, 0x0, 0x0,
    0x6, 0xff, 0xf1, 0x0, 0x5f, 0xff, 0x60, 0x0,
    0x0, 0x6, 0xff, 0xf1, 0x0, 0x5f, 0xff, 0x60,
    0x0, 0x0, 0x6, 0xff, 0xf1, 0x0, 0x5f, 0xff,
    0x60, 0x0, 0x0, 0x6, 0xff, 0xf1, 0x0, 0x5f,
    0xff, 0x60, 0x0, 0xff, 0xf9, 0x0, 0x0, 0x0,
    0x0, 0x0, 0x9f, 0xff, 0xff, 0xf9, 0x0, 0x0,
    0x0, 0x0, 0x0, 0x9f, 0xff, 0xff, 0xf9, 0x0,
    0x0, 0x0, 0x0, 0x0, 0x9f, 0xff, 0xff, 0xf9,
    0x0, 0x0, 0x0, 0x0, 0x0, 0x9f, 0xff, 0xff,
    0xf9, 0x0, 0x0, 0x0, 0x0, 0x0, 0x9f, 0xff,
    0xff, 0xf9, 0x0, 0x0, 0x0, 0x0, 0x0, 0x9f,
    0xff, 0xff, 0xf9, 0x0, 0x0, 0x0, 0x0, 0x0,
    0x9f, 0xff, 0x44, 0x42, 0x0, 0x0, 0x0, 0x0,
    0x0, 0x24, 0x44,

    /* U+2228 "∨" */
    0x66, 0x63, 0x0, 0x0, 0x0, 0x0, 0x0, 0x36,
    0x66, 0xff, 0xf9, 0x0, 0x0, 0x0, 0x0, 0x0,
    0x9f, 0xff, 0xff, 0xf9, 0x0, 0x0, 0x0, 0x0,
    0x0, 0x9f, 0xff, 0xff, 0xf9, 0x0, 0x0, 0x0,
    0x0, 0x0, 0x9f, 0xff, 0xff, 0xf9, 0x0, 0x0,
    0x0, 0x0, 0x0, 0x9f, 0xff, 0xff, 0xf9, 0x0,
    0x0, 0x0, 0x0, 0x0, 0x9f, 0xff, 0xff, 0xf9,
    0x0, 0x0, 0x0, 0x0, 0x0, 0x9f, 0xff, 0xdd,
    0xd8, 0x33, 0x30, 0x0, 0x3, 0x33, 0x8d, 0xdd,
    0x0, 0x6, 0xff, 0xf1, 0x0, 0x5f, 0xff, 0x60,
    0x0, 0x0, 0x6, 0xff, 0xf1, 0x0, 0x5f, 0xff,
    0x60, 0x0, 0x0, 0x6, 0xff, 0xf1, 0x0, 0x5f,
    0xff, 0x60, 0x0, 0x0, 0x6, 0xff, 0xf1, 0x0,
    0x5f, 0xff, 0x60, 0x0, 0x0, 0x6, 0xff, 0xf1,
    0x0, 0x5f, 0xff, 0x60, 0x0, 0x0, 0x6, 0xff,
    0xf1, 0x0, 0x5f, 0xff, 0x60, 0x0, 0x0, 0x6,
    0xff, 0xf1, 0x0, 0x5f, 0xff, 0x60, 0x0, 0x0,
    0x0, 0x0, 0xe, 0xff, 0xa0, 0x0, 0x0, 0x0,
    0x0, 0x0, 0x0, 0xe, 0xff, 0xa0, 0x0, 0x0,
    0x0, 0x0, 0x0, 0x0, 0xe, 0xff, 0xa0, 0x0,
    0x0, 0x0, 0x0, 0x0, 0x0, 0x8, 0x99, 0x60,
    0x0, 0x0, 0x0,

    /* U+222B "∫" */
    0x0, 0x0, 0x0, 0x0, 0x0, 0x13, 0x33, 0x10,
    0x0, 0x0, 0x0, 0x0, 0x0, 0x0, 0x5f, 0xff,
    0x60, 0x0, 0x0, 0x0, 0x0, 0x0, 0x0, 0x5f,
    0xff, 0x60, 0x0, 0x0, 0x0, 0x0, 0x0, 0x0,
    0x5f, 0xff, 0x60, 0x0, 0x0, 0x0, 0x0, 0x8,
    0x99, 0x86, 0x66, 0x89, 0x99, 0x0, 0x0, 0x0,
    0xe, 0xff, 0xa0, 0x0, 0x9f, 0xff, 0x0, 0x0,
    0x0, 0xe, 0xff, 0xa0, 0x0, 0x9f, 0xff, 0x0,
    0x0, 0x0, 0xe, 0xff, 0xa0, 0x0, 0x9f, 0xff,
    0x0, 0x0, 0x0, 0xe, 0xff, 0xa0, 0x0, 0x0,
    0x0, 0x0, 0x0, 0x0, 0xe, 0xff, 0xa0, 0x0,
    0x0, 0x0, 0x0, 0x0, 0x0, 0xe, 0xff, 0xa0,
    0x0, 0x0, 0x0, 0x0, 0x0, 0x0, 0xe, 0xff,
    0xa0, 0x0, 0x0, 0x0, 0x0, 0x0, 0x0, 0xe,
    0xff, 0xa0, 0x0, 0x0, 0x0, 0x0, 0x0, 0x0,
    0xe, 0xff, 0xa0, 0x0, 0x0, 0x0, 0x0, 0x0,
    0x0, 0xe, 0xff, 0xa0, 0x0, 0x0, 0x0, 0x0,
    0x0, 0x0, 0xe, 0xff, 0xa0, 0x0, 0x0, 0x0,
    0x0, 0x0, 0x0, 0xe, 0xff, 0xa0, 0x0, 0x0,
    0x0, 0x0, 0x0, 0x0, 0xe, 0xff, 0xa0, 0x0,
    0x0, 0x0, 0x33, 0x31, 0x0, 0xe, 0xff, 0xa0,
    0x0, 0x0, 0x0, 0xff, 0xf9, 0x0, 0xe, 0xff,
    0xa0, 0x0, 0x0, 0x0, 0xff, 0xf9, 0x0, 0xe,
    0xff, 0xa0, 0x0, 0x0, 0x0, 0xff, 0xf9, 0x0,
    0xe, 0xff, 0xa0, 0x0, 0x0, 0x0, 0x66, 0x67,
    0x99, 0x96, 0x66, 0x40, 0x0, 0x0, 0x0, 0x0,
    0x6, 0xff, 0xf1, 0x0, 0x0, 0x0, 0x0, 0x0,
    0x0, 0x6, 0xff, 0xf1, 0x0, 0x0, 0x0, 0x0,
    0x0, 0x0, 0x6, 0xff, 0xf1, 0x0, 0x0, 0x0,
    0x0, 0x0,

    /* U+222C "∬" */
    0x0, 0x0, 0x0, 0x0, 0x0, 0x0, 0x0, 0x0,
    0x0, 0x0, 0x0, 0x0, 0xe, 0xff, 0xa0, 0x0,
    0x9f, 0xff, 0x0, 0x0, 0x0, 0xe, 0xff, 0xa0,
    0x0, 0x9f, 0xff, 0x0, 0x0, 0x0, 0xe, 0xff,
    0xa0, 0x0, 0x9f, 0xff, 0x0, 0x2, 0x77, 0x78,
    0x99, 0x87, 0x77, 0x89, 0x99, 0x0, 0x6, 0xff,
    0xf1, 0x0, 0x5f, 0xff, 0x60, 0x0, 0x0, 0x6,
    0xff, 0xf1, 0x0, 0x5f, 0xff, 0x60, 0x0, 0x0,
    0x6, 0xff, 0xf1, 0x0, 0x5f, 0xff, 0x60, 0x0,
    0x0, 0x6, 0xff, 0xf1, 0x0, 0x5f, 0xff, 0x60,
    0x0, 0x0, 0x6, 0xff, 0xf1, 0x0, 0x5f, 0xff,
    0x60, 0x0, 0x0, 0x6, 0xff, 0xf1, 0x0, 0x5f,
    0xff, 0x60, 0x0, 0x0, 0x6, 0xff, 0xf1, 0x0,
    0x5f, 0xff, 0x60, 0x0, 0x0, 0x6, 0xff, 0xf1,
    0x0, 0x5f, 0xff, 0x60, 0x0, 0x0, 0x6, 0xff,
    0xf1, 0x0, 0x5f, 0xff, 0x60, 0x0, 0x0, 0x6,
    0xff, 0xf1, 0x0, 0x5f, 0xff, 0x60, 0x0, 0x0,
    0x6, 0xff, 0xf1, 0x0, 0x5f, 0xff, 0x60, 0x0,
    0x0, 0x6, 0xff, 0xf1, 0x0, 0x5f, 0xff, 0x60,
    0x0, 0x0, 0x6, 0xff, 0xf1, 0x0, 0x5f, 0xff,
    0x60, 0x0, 0x0, 0x6, 0xff, 0xf1, 0x0, 0x5f,
    0xff, 0x60, 0x0, 0x0, 0x6, 0xff, 0xf1, 0x0,
    0x5f, 0xff, 0x60, 0x0, 0x0, 0x6, 0xff, 0xf1,
    0x0, 0x5f, 0xff, 0x60, 0x0, 0x0, 0x6, 0xff,
    0xf1, 0x0, 0x5f, 0xff, 0x60, 0x0, 0x99, 0x98,
    0x66, 0x69, 0x99, 0x86, 0x66, 0x20, 0x0, 0xff,
    0xf9, 0x0, 0xe, 0xff, 0xa0, 0x0, 0x0, 0x0,
    0xff, 0xf9, 0x0, 0xe, 0xff, 0xa0, 0x0, 0x0,
    0x0, 0xff, 0xf9, 0x0, 0xe, 0xff, 0xa0, 0x0,
    0x0, 0x0,

    /* U+222E "∮" */
    0x0, 0x0, 0x0, 0x0, 0x0, 0x0, 0x0, 0x0,
    0x0, 0x0, 0x0, 0x0, 0x0, 0x0, 0x5f, 0xff,
    0x60, 0x0, 0x0, 0x0, 0x0, 0x0, 0x0, 0x5f,
    0xff, 0x60, 0x0, 0x0, 0x0, 0x0, 0x0, 0x0,
    0x5f, 0xff, 0x60, 0x0, 0x0, 0x0, 0x0, 0x6,
    0x77, 0x79, 0x99, 0x30, 0x0, 0x0, 0x0, 0x0,
    0xe, 0xff, 0xa0, 0x0, 0x0, 0x0, 0x0, 0x0,
    0x0, 0xe, 0xff, 0xa0, 0x0, 0x0, 0x0, 0x0,
    0x0, 0x0, 0xe, 0xff, 0xa0, 0x0, 0x0, 0x0,
    0x0, 0x6, 0xff, 0xff, 0xff, 0xff, 0xff, 0x60,
    0x0, 0x0, 0x6, 0xff, 0xff, 0xff, 0xff, 0xff,
    0x60, 0x0, 0x0, 0x6, 0xff, 0xff, 0xff, 0xff,
    0xff, 0x60, 0x0, 0x66, 0x67, 0x99, 0x9f, 0xff,
    0xd9, 0x99, 0x76, 0x66, 0xff, 0xf9, 0x0, 0xe,
    0xff, 0xa0, 0x0, 0x9f, 0xff, 0xff, 0xf9, 0x0,
    0xe, 0xff, 0xa0, 0x0, 0x9f, 0xff, 0xff, 0xf9,
    0x0, 0xe, 0xff, 0xa0, 0x0, 0x9f, 0xff, 0x55,
    0x57, 0xaa, 0xaf, 0xff, 0xea, 0xaa, 0x75, 0x55,
    0x0, 0x6, 0xff, 0xff, 0xff, 0xff, 0xff, 0x60,
    0x0, 0x0, 0x6, 0xff, 0xff, 0xff, 0xff, 0xff,
    0x60, 0x0, 0x0, 0x6, 0xff, 0xff, 0xff, 0xff,
    0xff, 0x60, 0x0, 0x0, 0x0, 0x0, 0xe, 0xff,
    0xa0, 0x0, 0x0, 0x0, 0x0, 0x0, 0x0, 0xe,
    0xff, 0xa0, 0x0, 0x0, 0x0, 0x0, 0x0, 0x0,
    0xe, 0xff, 0xa0, 0x0, 0x0, 0x0, 0x0, 0x3,
    0x99, 0x96, 0x66, 0x40, 0x0, 0x0, 0x0, 0x0,
    0x6, 0xff, 0xf1, 0x0, 0x0, 0x0, 0x0, 0x0,
    0x0, 0x6, 0xff, 0xf1, 0x0, 0x0, 0x0, 0x0,
    0x0, 0x0, 0x6, 0xff, 0xf1, 0x0, 0x0, 0x0,
    0x0, 0x0,

    /* U+2234 "∴" */
    0x0, 0x0, 0x0, 0xe, 0xff, 0xa0, 0x0, 0x0,
    0x0, 0x0, 0x0, 0x0, 0xe, 0xff, 0xa0, 0x0,
    0x0, 0x0, 0x0, 0x0, 0x0, 0xe, 0xff, 0xa0,
    0x0, 0x0, 0x0, 0x0, 0x0, 0x0, 0x8, 0x99,
    0x60, 0x0, 0x0, 0x0, 0x0, 0x0, 0x0, 0x0,
    0x0, 0x0, 0x0, 0x0, 0x0, 0x0, 0x0, 0x0,
    0x0, 0x0, 0x0, 0x0, 0x0, 0x0, 0x0, 0x0,
    0x0, 0x0, 0x0, 0x0, 0x0, 0x0, 0x0, 0x0,
    0x0, 0x0, 0x0, 0x0, 0x0, 0x0, 0x0, 0x0,
    0x0, 0x0, 0x0, 0x0, 0x0, 0x0, 0x0, 0x0,
    0x0, 0x0, 0x0, 0x0, 0x0, 0x0, 0x0, 0x0,
    0x0, 0x0, 0x0, 0x0, 0x0, 0x0, 0x0, 0x0,
    0x0, 0x0, 0x0, 0xff, 0xf9, 0x0, 0x0, 0x0,
    0x0, 0x0, 0xdf, 0xfc, 0xff, 0xf9, 0x0, 0x0,
    0x0, 0x0, 0x0, 0xdf, 0xfc, 0xff, 0xf9, 0x0,
    0x0, 0x0, 0x0, 0x0, 0xdf, 0xfc, 0x99, 0x95,
    0x0, 0x0, 0x0, 0x0, 0x0, 0x79, 0x96,

    /* U+2235 "∵" */
    0xff, 0xf9, 0x0, 0x0, 0x0, 0x0, 0x0, 0xdf,
    0xfc, 0xff, 0xf9, 0x0, 0x0, 0x0, 0x0, 0x0,
    0xdf, 0xfc, 0xff, 0xf9, 0x0, 0x0, 0x0, 0x0,
    0x0, 0xdf, 0xfc, 0x99, 0x95, 0x0, 0x0, 0x0,
    0x0, 0x0, 0x89, 0x97, 0x0, 0x0, 0x0, 0x0,
    0x0, 0x0, 0x0, 0x0, 0x0, 0x0, 0x0, 0x0,
    0x0, 0x0, 0x0, 0x0, 0x0, 0x0, 0x0, 0x0,
    0x0, 0x0, 0x0, 0x0, 0x0, 0x0, 0x0, 0x0,
    0x0, 0x0, 0x0, 0x0, 0x0, 0x0, 0x0, 0x0,
    0x0, 0x0, 0x0, 0x0, 0x0, 0x0, 0x0, 0x0,
    0x0, 0x0, 0x0, 0x0, 0x0, 0x0, 0x0, 0x0,
    0x0, 0x0, 0x0, 0x0, 0x0, 0x0, 0x0, 0x0,
    0x0, 0x0, 0x0, 0x0, 0x0, 0x0, 0xe, 0xff,
    0xa0, 0x0, 0x0, 0x0, 0x0, 0x0, 0x0, 0xe,
    0xff, 0xa0, 0x0, 0x0, 0x0, 0x0, 0x0, 0x0,
    0xe, 0xff, 0xa0, 0x0, 0x0, 0x0, 0x0, 0x0,
    0x0, 0x8, 0x99, 0x60, 0x0, 0x0, 0x0,

    /* U+2236 "∶" */
    0x16, 0x66, 0x66, 0x65, 0x4f, 0xff, 0xff, 0xfe,
    0x4f, 0xff, 0xff, 0xfe, 0x4f, 0xff, 0xff, 0xfe,
    0x4f, 0xff, 0xff, 0xfe, 0x4f, 0xff, 0xff, 0xfe,
    0x4f, 0xff, 0xff, 0xfe, 0x3d, 0xdd, 0xdd, 0xdb,
    0x0, 0x0, 0x0, 0x0, 0x0, 0x0, 0x0, 0x0,
    0x0, 0x0, 0x0, 0x0, 0x4f, 0xff, 0xff, 0xfe,
    0x4f, 0xff, 0xff, 0xfe, 0x4f, 0xff, 0xff, 0xfe,
    0x4f, 0xff, 0xff, 0xfe, 0x4f, 0xff, 0xff, 0xfe,
    0x4f, 0xff, 0xff, 0xfe, 0x4f, 0xff, 0xff, 0xfe,
    0x14, 0x44, 0x44, 0x43,

    /* U+223D "∽" */
    0x0, 0x0, 0x0, 0x0, 0x0, 0x39, 0x99, 0x30,
    0x0, 0x0, 0x0, 0x0, 0x0, 0x0, 0x5f, 0xff,
    0x60, 0x0, 0x0, 0x0, 0x0, 0x0, 0x0, 0x5f,
    0xff, 0x60, 0x0, 0x0, 0x0, 0x0, 0x0, 0x0,
    0x5f, 0xff, 0x60, 0x0, 0xff, 0xf9, 0x0, 0xe,
    0xff, 0xa0, 0x0, 0x9f, 0xff, 0xff, 0xf9, 0x0,
    0xe, 0xff, 0xa0, 0x0, 0x9f, 0xff, 0xff, 0xf9,
    0x0, 0xe, 0xff, 0xa0, 0x0, 0x9f, 0xff, 0xff,
    0xf9, 0x0, 0xe, 0xff, 0xa0, 0x0, 0x9f, 0xff,
    0xff, 0xf9, 0x0, 0xe, 0xff, 0xa0, 0x0, 0x9f,
    0xff, 0xff, 0xf9, 0x0, 0xe, 0xff, 0xa0, 0x0,
    0x9f, 0xff, 0xff, 0xf9, 0x0, 0xe, 0xff, 0xa0,
    0x0, 0x9f, 0xff, 0xff, 0xf9, 0x0, 0xe, 0xff,
    0xa0, 0x0, 0x9f, 0xff, 0xff, 0xf9, 0x0, 0xe,
    0xff, 0xa0, 0x0, 0x9f, 0xff, 0xff, 0xf9, 0x0,
    0xe, 0xff, 0xa0, 0x0, 0x9f, 0xff, 0xff, 0xf9,
    0x0, 0xe, 0xff, 0xa0, 0x0, 0x9f, 0xff, 0x0,
    0x6, 0xff, 0xf1, 0x0, 0x0, 0x0, 0x0, 0x0,
    0x0, 0x6, 0xff, 0xf1, 0x0, 0x0, 0x0, 0x0,
    0x0, 0x0, 0x6, 0xff, 0xf1, 0x0, 0x0, 0x0,
    0x0, 0x0, 0x0, 0x3, 0x99, 0x90, 0x0, 0x0,
    0x0, 0x0, 0x0,

    /* U+2245 "≅" */
    0x0, 0x0, 0x0, 0x0, 0x0, 0x0, 0x0, 0x0,
    0x0, 0x0, 0x6, 0xff, 0xf3, 0x0, 0x0, 0x0,
    0x9f, 0xff, 0x0, 0x6, 0xff, 0xf3, 0x0, 0x0,
    0x0, 0x9f, 0xff, 0x0, 0x6, 0xff, 0xf3, 0x0,
    0x0, 0x0, 0x9f, 0xff, 0x77, 0x77, 0x99, 0x97,
    0x77, 0x50, 0x0, 0x9f, 0xff, 0xff, 0xf9, 0x0,
    0xc, 0xff, 0xd0, 0x0, 0x9f, 0xff, 0xff, 0xf9,
    0x0, 0xc, 0xff, 0xd0, 0x0, 0x9f, 0xff, 0xff,
    0xf9, 0x0, 0xc, 0xff, 0xd0, 0x0, 0x9f, 0xff,
    0xff, 0xf9, 0x0, 0x0, 0x0, 0x3f, 0xff, 0x60,
    0x0, 0xff, 0xf9, 0x0, 0x0, 0x0, 0x3f, 0xff,
    0x60, 0x0, 0xff, 0xf9, 0x0, 0x0, 0x0, 0x3f,
    0xff, 0x60, 0x0, 0x99, 0x95, 0x0, 0x0, 0x0,
    0x19, 0x99, 0x30, 0x0, 0x0, 0x0, 0x0, 0x0,
    0x0, 0x0, 0x0, 0x0, 0x0, 0x0, 0x0, 0x0,
    0x0, 0x0, 0x0, 0x0, 0x0, 0x0, 0x0, 0x0,
    0x0, 0x0, 0x0, 0x0, 0x0, 0x0, 0x0, 0xaa,
    0xaa, 0xaa, 0xaa, 0xaa, 0xaa, 0xaa, 0xaa, 0xaa,
    0xff, 0xff, 0xff, 0xff, 0xff, 0xff, 0xff, 0xff,
    0xff, 0xff, 0xff, 0xff, 0xff, 0xff, 0xff, 0xff,
    0xff, 0xff, 0xff, 0xff, 0xff, 0xff, 0xff, 0xff,
    0xff, 0xff, 0xff, 0x0, 0x0, 0x0, 0x0, 0x0,
    0x0, 0x0, 0x0, 0x0, 0x0, 0x0, 0x0, 0x0,
    0x0, 0x0, 0x0, 0x0, 0x0, 0x0, 0x0, 0x0,
    0x0, 0x0, 0x0, 0x0, 0x0, 0x0, 0x99, 0x99,
    0x99, 0x99, 0x99, 0x99, 0x99, 0x99, 0x99, 0xff,
    0xff, 0xff, 0xff, 0xff, 0xff, 0xff, 0xff, 0xff,
    0xff, 0xff, 0xff, 0xff, 0xff, 0xff, 0xff, 0xff,
    0xff, 0xff, 0xff, 0xff, 0xff, 0xff, 0xff, 0xff,
    0xff, 0xff,

    /* U+2248 "≈" */
    0x0, 0x3, 0x99, 0x90, 0x0, 0x0, 0x0, 0x59,
    0x99, 0x0, 0x6, 0xff, 0xf1, 0x0, 0x0, 0x0,
    0x9f, 0xff, 0x0, 0x6, 0xff, 0xf1, 0x0, 0x0,
    0x0, 0x9f, 0xff, 0x0, 0x6, 0xff, 0xf1, 0x0,
    0x0, 0x0, 0x9f, 0xff, 0xff, 0xf9, 0x0, 0xe,
    0xff, 0xa0, 0x0, 0x9f, 0xff, 0xff, 0xf9, 0x0,
    0xe, 0xff, 0xa0, 0x0, 0x9f, 0xff, 0xff, 0xf9,
    0x0, 0xe, 0xff, 0xa0, 0x0, 0x9f, 0xff, 0xff,
    0xf9, 0x0, 0x8, 0x99, 0x86, 0x66, 0x89, 0x99,
    0xff, 0xf9, 0x0, 0x0, 0x0, 0x5f, 0xff, 0x60,
    0x0, 0xff, 0xf9, 0x0, 0x0, 0x0, 0x5f, 0xff,
    0x60, 0x0, 0xff, 0xf9, 0x0, 0x0, 0x0, 0x5f,
    0xff, 0x60, 0x0, 0x55, 0x57, 0xaa, 0xa0, 0x0,
    0x15, 0x55, 0x8a, 0xaa, 0x0, 0x6, 0xff, 0xf1,
    0x0, 0x0, 0x0, 0x9f, 0xff, 0x0, 0x6, 0xff,
    0xf1, 0x0, 0x0, 0x0, 0x9f, 0xff, 0x0, 0x6,
    0xff, 0xf1, 0x0, 0x0, 0x0, 0x9f, 0xff, 0xff,
    0xf9, 0x0, 0xe, 0xff, 0xa0, 0x0, 0x9f, 0xff,
    0xff, 0xf9, 0x0, 0xe, 0xff, 0xa0, 0x0, 0x9f,
    0xff, 0xff, 0xf9, 0x0, 0xe, 0xff, 0xa0, 0x0,
    0x9f, 0xff, 0xff, 0xf9, 0x0, 0x5, 0x66, 0x79,
    0x99, 0x76, 0x66, 0xff, 0xf9, 0x0, 0x0, 0x0,
    0x5f, 0xff, 0x60, 0x0, 0xff, 0xf9, 0x0, 0x0,
    0x0, 0x5f, 0xff, 0x60, 0x0, 0xff, 0xf9, 0x0,
    0x0, 0x0, 0x5f, 0xff, 0x60, 0x0,

    /* U+2252 "≒" */
    0x0, 0x0, 0x0, 0x0, 0x0, 0x0, 0x0, 0x0,
    0x0, 0x0, 0x6, 0xff, 0xf3, 0x0, 0x0, 0x0,
    0x0, 0x0, 0x0, 0x6, 0xff, 0xf3, 0x0, 0x0,
    0x0, 0x0, 0x0, 0x0, 0x6, 0xff, 0xf3, 0x0,
    0x0, 0x0, 0x0, 0x0, 0x0, 0x3, 0x99, 0x91,
    0x0, 0x0, 0x0, 0x0, 0x0, 0x0, 0x0, 0x0,
    0x0, 0x0, 0x0, 0x0, 0x0, 0x0, 0x0, 0x0,
    0x0, 0x0, 0x0, 0x0, 0x0, 0x0, 0x0, 0x0,
    0x0, 0x0, 0x0, 0x0, 0x0, 0x0, 0x0, 0x0,
    0xff, 0xff, 0xff, 0xff, 0xff, 0xff, 0xff, 0xff,
    0xff, 0xff, 0xff, 0xff, 0xff, 0xff, 0xff, 0xff,
    0xff, 0xff, 0xff, 0xff, 0xff, 0xff, 0xff, 0xff,
    0xff, 0xff, 0xff, 0x99, 0x99, 0x99, 0x99, 0x99,
    0x99, 0x99, 0x99, 0x99, 0x0, 0x0, 0x0, 0x0,
    0x0, 0x0, 0x0, 0x0, 0x0, 0x0, 0x0, 0x0,
    0x0, 0x0, 0x0, 0x0, 0x0, 0x0, 0x0, 0x0,
    0x0, 0x0, 0x0, 0x0, 0x0, 0x0, 0x0, 0xaa,
    0xaa, 0xaa, 0xaa, 0xaa, 0xaa, 0xaa, 0xaa, 0xaa,
    0xff, 0xff, 0xff, 0xff, 0xff, 0xff, 0xff, 0xff,
    0xff, 0xff, 0xff, 0xff, 0xff, 0xff, 0xff, 0xff,
    0xff, 0xff, 0xff, 0xff, 0xff, 0xff, 0xff, 0xff,
    0xff, 0xff, 0xff, 0x0, 0x0, 0x0, 0x0, 0x0,
    0x0, 0x0, 0x0, 0x0, 0x0, 0x0, 0x0, 0x0,
    0x0, 0x0, 0x0, 0x0, 0x0, 0x0, 0x0, 0x0,
    0x0, 0x0, 0x0, 0x0, 0x0, 0x0, 0x0, 0x0,
    0x0, 0x0, 0x0, 0x19, 0x99, 0x30, 0x0, 0x0,
    0x0, 0x0, 0x0, 0x0, 0x3f, 0xff, 0x60, 0x0,
    0x0, 0x0, 0x0, 0x0, 0x0, 0x3f, 0xff, 0x60,
    0x0, 0x0, 0x0, 0x0, 0x0, 0x0, 0x3f, 0xff,
    0x60, 0x0,

    /* U+2260 "≠" */
    0x0, 0x0, 0x0, 0x0, 0x0, 0x19, 0x99, 0x30,
    0x0, 0x0, 0x0, 0x0, 0x0, 0x0, 0x3f, 0xff,
    0x60, 0x0, 0x0, 0x0, 0x0, 0x0, 0x0, 0x3f,
    0xff, 0x60, 0x0, 0x0, 0x0, 0x0, 0x0, 0x0,
    0x3f, 0xff, 0x60, 0x0, 0xff, 0xff, 0xff, 0xff,
    0xff, 0xff, 0xff, 0xff, 0xff, 0xff, 0xff, 0xff,
    0xff, 0xff, 0xff, 0xff, 0xff, 0xff, 0xff, 0xff,
    0xff, 0xff, 0xff, 0xff, 0xff, 0xff, 0xff, 0x99,
    0x99, 0x99, 0x9e, 0xff, 0xe9, 0x99, 0x99, 0x99,
    0x0, 0x0, 0x0, 0xc, 0xff, 0xc0, 0x0, 0x0,
    0x0, 0x0, 0x0, 0x0, 0xc, 0xff, 0xc0, 0x0,
    0x0, 0x0, 0x0, 0x0, 0x0, 0xc, 0xff, 0xc0,
    0x0, 0x0, 0x0, 0xaa, 0xaa, 0xaa, 0xae, 0xff,
    0xea, 0xaa, 0xaa, 0xaa, 0xff, 0xff, 0xff, 0xff,
    0xff, 0xff, 0xff, 0xff, 0xff, 0xff, 0xff, 0xff,
    0xff, 0xff, 0xff, 0xff, 0xff, 0xff, 0xff, 0xff,
    0xff, 0xff, 0xff, 0xff, 0xff, 0xff, 0xff, 0x0,
    0x6, 0xff, 0xf3, 0x0, 0x0, 0x0, 0x0, 0x0,
    0x0, 0x6, 0xff, 0xf3, 0x0, 0x0, 0x0, 0x0,
    0x0, 0x0, 0x6, 0xff, 0xf3, 0x0, 0x0, 0x0,
    0x0, 0x0, 0x0, 0x3, 0x99, 0x91, 0x0, 0x0,
    0x0, 0x0, 0x0,

    /* U+2261 "≡" */
    0x99, 0x99, 0x99, 0x99, 0x99, 0x99, 0x99, 0x99,
    0x99, 0xff, 0xff, 0xff, 0xff, 0xff, 0xff, 0xff,
    0xff, 0xff, 0xff, 0xff, 0xff, 0xff, 0xff, 0xff,
    0xff, 0xff, 0xff, 0xff, 0xff, 0xff, 0xff, 0xff,
    0xff, 0xff, 0xff, 0xff, 0x0, 0x0, 0x0, 0x0,
    0x0, 0x0, 0x0, 0x0, 0x0, 0x0, 0x0, 0x0,
    0x0, 0x0, 0x0, 0x0, 0x0, 0x0, 0x0, 0x0,
    0x0, 0x0, 0x0, 0x0, 0x0, 0x0, 0x0, 0x99,
    0x99, 0x99, 0x99, 0x99, 0x99, 0x99, 0x99, 0x99,
    0xff, 0xff, 0xff, 0xff, 0xff, 0xff, 0xff, 0xff,
    0xff, 0xff, 0xff, 0xff, 0xff, 0xff, 0xff, 0xff,
    0xff, 0xff, 0xff, 0xff, 0xff, 0xff, 0xff, 0xff,
    0xff, 0xff, 0xff, 0x0, 0x0, 0x0, 0x0, 0x0,
    0x0, 0x0, 0x0, 0x0, 0x0, 0x0, 0x0, 0x0,
    0x0, 0x0, 0x0, 0x0, 0x0, 0x0, 0x0, 0x0,
    0x0, 0x0, 0x0, 0x0, 0x0, 0x0, 0x0, 0x0,
    0x0, 0x0, 0x0, 0x0, 0x0, 0x0, 0x0, 0xff,
    0xff, 0xff, 0xff, 0xff, 0xff, 0xff, 0xff, 0xff,
    0xff, 0xff, 0xff, 0xff, 0xff, 0xff, 0xff, 0xff,
    0xff, 0xff, 0xff, 0xff, 0xff, 0xff, 0xff, 0xff,
    0xff, 0xff, 0x99, 0x99, 0x99, 0x99, 0x99, 0x99,
    0x99, 0x99, 0x99,

    /* U+2262 "≢" */
    0x0, 0x0, 0x0, 0x0, 0x0, 0x3, 0x33, 0x10,
    0x0, 0x0, 0x0, 0x0, 0x0, 0x0, 0x3f, 0xff,
    0x60, 0x0, 0x0, 0x0, 0x0, 0x0, 0x0, 0x3f,
    0xff, 0x60, 0x0, 0x0, 0x0, 0x0, 0x0, 0x0,
    0x3f, 0xff, 0x60, 0x0, 0x99, 0x99, 0x99, 0x99,
    0x99, 0xaf, 0xff, 0xc9, 0x99, 0xff, 0xff, 0xff,
    0xff, 0xff, 0xff, 0xff, 0xff, 0xff, 0xff, 0xff,
    0xff, 0xff, 0xff, 0xff, 0xff, 0xff, 0xff, 0xff,
    0xff, 0xff, 0xff, 0xff, 0xff, 0xff, 0xff, 0xff,
    0x0, 0x0, 0x0, 0xc, 0xff, 0xc0, 0x0, 0x0,
    0x0, 0x0, 0x0, 0x0, 0xc, 0xff, 0xc0, 0x0,
    0x0, 0x0, 0x0, 0x0, 0x0, 0xc, 0xff, 0xc0,
    0x0, 0x0, 0x0, 0x99, 0x99, 0x99, 0x9e, 0xff,
    0xe9, 0x99, 0x99, 0x99, 0xff, 0xff, 0xff, 0xff,
    0xff, 0xff, 0xff, 0xff, 0xff, 0xff, 0xff, 0xff,
    0xff, 0xff, 0xff, 0xff, 0xff, 0xff, 0xff, 0xff,
    0xff, 0xff, 0xff, 0xff, 0xff, 0xff, 0xff, 0x0,
    0x0, 0x0, 0xc, 0xff, 0xc0, 0x0, 0x0, 0x0,
    0x0, 0x0, 0x0, 0xc, 0xff, 0xc0, 0x0, 0x0,
    0x0, 0x0, 0x0, 0x0, 0xc, 0xff, 0xc0, 0x0,
    0x0, 0x0, 0x0, 0x0, 0x0, 0xc, 0xff, 0xc0,
    0x0, 0x0, 0x0, 0xff, 0xff, 0xff, 0xff, 0xff,
    0xff, 0xff, 0xff, 0xff, 0xff, 0xff, 0xff, 0xff,
    0xff, 0xff, 0xff, 0xff, 0xff, 0xff, 0xff, 0xff,
    0xff, 0xff, 0xff, 0xff, 0xff, 0xff, 0x99, 0x9b,
    0xff, 0xfa, 0x99, 0x99, 0x99, 0x99, 0x99, 0x0,
    0x6, 0xff, 0xf3, 0x0, 0x0, 0x0, 0x0, 0x0,
    0x0, 0x6, 0xff, 0xf3, 0x0, 0x0, 0x0, 0x0,
    0x0, 0x0, 0x6, 0xff, 0xf3, 0x0, 0x0, 0x0,
    0x0, 0x0, 0x0, 0x1, 0x22, 0x20, 0x0, 0x0,
    0x0, 0x0, 0x0,

    /* U+2264 "≤" */
    0x0, 0x0, 0x0, 0x0, 0x0, 0x19, 0x99, 0x30,
    0x0, 0x0, 0x0, 0x0, 0x0, 0x0, 0x3f, 0xff,
    0x60, 0x0, 0x0, 0x0, 0x0, 0x0, 0x0, 0x3f,
    0xff, 0x60, 0x0, 0x0, 0x0, 0x0, 0x0, 0x0,
    0x3f, 0xff, 0x60, 0x0, 0x0, 0x0, 0x0, 0xc,
    0xff, 0xc0, 0x0, 0x0, 0x0, 0x0, 0x0, 0x0,
    0xc, 0xff, 0xc0, 0x0, 0x0, 0x0, 0x0, 0x0,
    0x0, 0xc, 0xff, 0xc0, 0x0, 0x0, 0x0, 0x0,
    0x1, 0x44, 0x48, 0x99, 0x70, 0x0, 0x0, 0x0,
    0x0, 0x6, 0xff, 0xf3, 0x0, 0x0, 0x0, 0x0,
    0x0, 0x0, 0x6, 0xff, 0xf3, 0x0, 0x0, 0x0,
    0x0, 0x0, 0x0, 0x6, 0xff, 0xf3, 0x0, 0x0,
    0x0, 0x0, 0x0, 0xaa, 0xac, 0xff, 0xfb, 0xaa,
    0xaa, 0xaa, 0xaa, 0xaa, 0xff, 0xff, 0xff, 0xff,
    0xff, 0xff, 0xff, 0xff, 0xff, 0xff, 0xff, 0xff,
    0xff, 0xff, 0xff, 0xff, 0xff, 0xff, 0xff, 0xff,
    0xff, 0xff, 0xff, 0xff, 0xff, 0xff, 0xff, 0x0,
    0x0, 0x0, 0x0, 0x0, 0x0, 0x0, 0x0, 0x0,
    0x0, 0x0, 0x0, 0x0, 0x0, 0x0, 0x0, 0x0,
    0x0, 0x0, 0x0, 0x0, 0x0, 0x0, 0x0, 0x0,
    0x0, 0x0, 0x99, 0x99, 0x99, 0x99, 0x99, 0x99,
    0x99, 0x99, 0x99, 0xff, 0xff, 0xff, 0xff, 0xff,
    0xff, 0xff, 0xff, 0xff, 0xff, 0xff, 0xff, 0xff,
    0xff, 0xff, 0xff, 0xff, 0xff, 0xff, 0xff, 0xff,
    0xff, 0xff, 0xff, 0xff, 0xff, 0xff,

    /* U+2265 "≥" */
    0x0, 0x3, 0x99, 0x91, 0x0, 0x0, 0x0, 0x0,
    0x0, 0x0, 0x6, 0xff, 0xf3, 0x0, 0x0, 0x0,
    0x0, 0x0, 0x0, 0x6, 0xff, 0xf3, 0x0, 0x0,
    0x0, 0x0, 0x0, 0x0, 0x6, 0xff, 0xf3, 0x0,
    0x0, 0x0, 0x0, 0x0, 0x0, 0x0, 0x0, 0xc,
    0xff, 0xc0, 0x0, 0x0, 0x0, 0x0, 0x0, 0x0,
    0xc, 0xff, 0xc0, 0x0, 0x0, 0x0, 0x0, 0x0,
    0x0, 0xc, 0xff, 0xc0, 0x0, 0x0, 0x0, 0x0,
    0x0, 0x0, 0x7, 0x99, 0x84, 0x44, 0x10, 0x0,
    0x0, 0x0, 0x0, 0x0, 0x0, 0x3f, 0xff, 0x60,
    0x0, 0x0, 0x0, 0x0, 0x0, 0x0, 0x3f, 0xff,
    0x60, 0x0, 0x0, 0x0, 0x0, 0x0, 0x0, 0x3f,
    0xff, 0x60, 0x0, 0xaa, 0xaa, 0xaa, 0xaa, 0xaa,
    0xbf, 0xff, 0xca, 0xaa, 0xff, 0xff, 0xff, 0xff,
    0xff, 0xff, 0xff, 0xff, 0xff, 0xff, 0xff, 0xff,
    0xff, 0xff, 0xff, 0xff, 0xff, 0xff, 0xff, 0xff,
    0xff, 0xff, 0xff, 0xff, 0xff, 0xff, 0xff, 0x0,
    0x0, 0x0, 0x0, 0x0, 0x0, 0x0, 0x0, 0x0,
    0x0, 0x0, 0x0, 0x0, 0x0, 0x0, 0x0, 0x0,
    0x0, 0x0, 0x0, 0x0, 0x0, 0x0, 0x0, 0x0,
    0x0, 0x0, 0x99, 0x99, 0x99, 0x99, 0x99, 0x99,
    0x99, 0x99, 0x99, 0xff, 0xff, 0xff, 0xff, 0xff,
    0xff, 0xff, 0xff, 0xff, 0xff, 0xff, 0xff, 0xff,
    0xff, 0xff, 0xff, 0xff, 0xff, 0xff, 0xff, 0xff,
    0xff, 0xff, 0xff, 0xff, 0xff, 0xff,

    /* U+226A "≪" */
    0x0, 0x0, 0x0, 0x0, 0x0, 0x0, 0x0, 0x0,
    0x0, 0x0, 0x0, 0x0, 0xe, 0xff, 0xa0, 0x0,
    0x9f, 0xff, 0x0, 0x0, 0x0, 0xe, 0xff, 0xa0,
    0x0, 0x9f, 0xff, 0x0, 0x0, 0x0, 0xe, 0xff,
    0xa0, 0x0, 0x9f, 0xff, 0x0, 0x2, 0x77, 0x78,
    0x99, 0x87, 0x77, 0x89, 0x99, 0x0, 0x6, 0xff,
    0xf1, 0x0, 0x5f, 0xff, 0x60, 0x0, 0x0, 0x6,
    0xff, 0xf1, 0x0, 0x5f, 0xff, 0x60, 0x0, 0x0,
    0x6, 0xff, 0xf1, 0x0, 0x5f, 0xff, 0x60, 0x0,
    0xff, 0xf9, 0x0, 0xe, 0xff, 0xa0, 0x0, 0x0,
    0x0, 0xff, 0xf9, 0x0, 0xe, 0xff, 0xa0, 0x0,
    0x0, 0x0, 0xff, 0xf9, 0x0, 0xe, 0xff, 0xa0,
    0x0, 0x0, 0x0, 0xff, 0xf9, 0x0, 0xe, 0xff,
    0xa0, 0x0, 0x0, 0x0, 0xff, 0xf9, 0x0, 0xe,
    0xff, 0xa0, 0x0, 0x0, 0x0, 0xff, 0xf9, 0x0,
    0xe, 0xff, 0xa0, 0x0, 0x0, 0x0, 0xff, 0xf9,
    0x0, 0xe, 0xff, 0xa0, 0x0, 0x0, 0x0, 0x33,
    0x37, 0xcc, 0xc3, 0x33, 0x6c, 0xcc, 0x50, 0x0,
    0x0, 0x6, 0xff, 0xf1, 0x0, 0x5f, 0xff, 0x60,
    0x0, 0x0, 0x6, 0xff, 0xf1, 0x0, 0x5f, 0xff,
    0x60, 0x0, 0x0, 0x6, 0xff, 0xf1, 0x0, 0x5f,
    0xff, 0x60, 0x0, 0x0, 0x0, 0x0, 0xe, 0xff,
    0xa0, 0x0, 0x9f, 0xff, 0x0, 0x0, 0x0, 0xe,
    0xff, 0xa0, 0x0, 0x9f, 0xff, 0x0, 0x0, 0x0,
    0xe, 0xff, 0xa0, 0x0, 0x9f, 0xff, 0x0, 0x0,
    0x0, 0x8, 0x99, 0x60, 0x0, 0x59, 0x99,

    /* U+226B "≫" */
    0x0, 0x0, 0x0, 0x0, 0x0, 0x0, 0x0, 0x0,
    0x0, 0xff, 0xf9, 0x0, 0xe, 0xff, 0xa0, 0x0,
    0x0, 0x0, 0xff, 0xf9, 0x0, 0xe, 0xff, 0xa0,
    0x0, 0x0, 0x0, 0xff, 0xf9, 0x0, 0xe, 0xff,
    0xa0, 0x0, 0x0, 0x0, 0x99, 0x98, 0x77, 0x78,
    0x99, 0x87, 0x77, 0x20, 0x0, 0x0, 0x6, 0xff,
    0xf1, 0x0, 0x5f, 0xff, 0x60, 0x0, 0x0, 0x6,
    0xff, 0xf1, 0x0, 0x5f, 0xff, 0x60, 0x0, 0x0,
    0x6, 0xff, 0xf1, 0x0, 0x5f, 0xff, 0x60, 0x0,
    0x0, 0x0, 0x0, 0xe, 0xff, 0xa0, 0x0, 0x9f,
    0xff, 0x0, 0x0, 0x0, 0xe, 0xff, 0xa0, 0x0,
    0x9f, 0xff, 0x0, 0x0, 0x0, 0xe, 0xff, 0xa0,
    0x0, 0x9f, 0xff, 0x0, 0x0, 0x0, 0xe, 0xff,
    0xa0, 0x0, 0x9f, 0xff, 0x0, 0x0, 0x0, 0xe,
    0xff, 0xa0, 0x0, 0x9f, 0xff, 0x0, 0x0, 0x0,
    0xe, 0xff, 0xa0, 0x0, 0x9f, 0xff, 0x0, 0x0,
    0x0, 0xe, 0xff, 0xa0, 0x0, 0x9f, 0xff, 0x0,
    0x5, 0xcc, 0xc3, 0x33, 0x6c, 0xcc, 0x73, 0x33,
    0x0, 0x6, 0xff, 0xf1, 0x0, 0x5f, 0xff, 0x60,
    0x0, 0x0, 0x6, 0xff, 0xf1, 0x0, 0x5f, 0xff,
    0x60, 0x0, 0x0, 0x6, 0xff, 0xf1, 0x0, 0x5f,
    0xff, 0x60, 0x0, 0xff, 0xf9, 0x0, 0xe, 0xff,
    0xa0, 0x0, 0x0, 0x0, 0xff, 0xf9, 0x0, 0xe,
    0xff, 0xa0, 0x0, 0x0, 0x0, 0xff, 0xf9, 0x0,
    0xe, 0xff, 0xa0, 0x0, 0x0, 0x0, 0x99, 0x95,
    0x0, 0x8, 0x99, 0x60, 0x0, 0x0, 0x0,

    /* U+2282 "⊂" */
    0x0, 0x3, 0x99, 0x99, 0x99, 0x99, 0x99, 0x99,
    0x99, 0x0, 0x6, 0xff, 0xff, 0xff, 0xff, 0xff,
    0xff, 0xff, 0x0, 0x6, 0xff, 0xff, 0xff, 0xff,
    0xff, 0xff, 0xff, 0x0, 0x6, 0xff, 0xff, 0xff,
    0xff, 0xff, 0xff, 0xff, 0xff, 0xf9, 0x0, 0x0,
    0x0, 0x0, 0x0, 0x0, 0x0, 0xff, 0xf9, 0x0,
    0x0, 0x0, 0x0, 0x0, 0x0, 0x0, 0xff, 0xf9,
    0x0, 0x0, 0x0, 0x0, 0x0, 0x0, 0x0, 0xff,
    0xf9, 0x0, 0x0, 0x0, 0x0, 0x0, 0x0, 0x0,
    0xff, 0xf9, 0x0, 0x0, 0x0, 0x0, 0x0, 0x0,
    0x0, 0xff, 0xf9, 0x0, 0x0, 0x0, 0x0, 0x0,
    0x0, 0x0, 0xff, 0xf9, 0x0, 0x0, 0x0, 0x0,
    0x0, 0x0, 0x0, 0xff, 0xf9, 0x0, 0x0, 0x0,
    0x0, 0x0, 0x0, 0x0, 0xff, 0xf9, 0x0, 0x0,
    0x0, 0x0, 0x0, 0x0, 0x0, 0xff, 0xf9, 0x0,
    0x0, 0x0, 0x0, 0x0, 0x0, 0x0, 0xff, 0xf9,
    0x0, 0x0, 0x0, 0x0, 0x0, 0x0, 0x0, 0x0,
    0x6, 0xff, 0xff, 0xff, 0xff, 0xff, 0xff, 0xff,
    0x0, 0x6, 0xff, 0xff, 0xff, 0xff, 0xff, 0xff,
    0xff, 0x0, 0x6, 0xff, 0xff, 0xff, 0xff, 0xff,
    0xff, 0xff, 0x0, 0x3, 0x99, 0x99, 0x99, 0x99,
    0x99, 0x99, 0x99,

    /* U+2283 "⊃" */
    0x99, 0x99, 0x99, 0x99, 0x99, 0x99, 0x99, 0x30,
    0x0, 0xff, 0xff, 0xff, 0xff, 0xff, 0xff, 0xff,
    0x60, 0x0, 0xff, 0xff, 0xff, 0xff, 0xff, 0xff,
    0xff, 0x60, 0x0, 0xff, 0xff, 0xff, 0xff, 0xff,
    0xff, 0xff, 0x60, 0x0, 0x0, 0x0, 0x0, 0x0,
    0x0, 0x0, 0x0, 0x9f, 0xff, 0x0, 0x0, 0x0,
    0x0, 0x0, 0x0, 0x0, 0x9f, 0xff, 0x0, 0x0,
    0x0, 0x0, 0x0, 0x0, 0x0, 0x9f, 0xff, 0x0,
    0x0, 0x0, 0x0, 0x0, 0x0, 0x0, 0x9f, 0xff,
    0x0, 0x0, 0x0, 0x0, 0x0, 0x0, 0x0, 0x9f,
    0xff, 0x0, 0x0, 0x0, 0x0, 0x0, 0x0, 0x0,
    0x9f, 0xff, 0x0, 0x0, 0x0, 0x0, 0x0, 0x0,
    0x0, 0x9f, 0xff, 0x0, 0x0, 0x0, 0x0, 0x0,
    0x0, 0x0, 0x9f, 0xff, 0x0, 0x0, 0x0, 0x0,
    0x0, 0x0, 0x0, 0x9f, 0xff, 0x0, 0x0, 0x0,
    0x0, 0x0, 0x0, 0x0, 0x9f, 0xff, 0x0, 0x0,
    0x0, 0x0, 0x0, 0x0, 0x0, 0x9f, 0xff, 0xff,
    0xff, 0xff, 0xff, 0xff, 0xff, 0xff, 0x60, 0x0,
    0xff, 0xff, 0xff, 0xff, 0xff, 0xff, 0xff, 0x60,
    0x0, 0xff, 0xff, 0xff, 0xff, 0xff, 0xff, 0xff,
    0x60, 0x0, 0x99, 0x99, 0x99, 0x99, 0x99, 0x99,
    0x99, 0x30, 0x0,

    /* U+2284 "⊄" */
    0x0, 0x0, 0x0, 0x0, 0x0, 0x0, 0x0, 0x13,
    0x33, 0x0, 0x0, 0x0, 0x0, 0x0, 0x0, 0x0,
    0x9f, 0xff, 0x0, 0x0, 0x0, 0x0, 0x0, 0x0,
    0x0, 0x9f, 0xff, 0x0, 0x0, 0x0, 0x0, 0x0,
    0x0, 0x0, 0x9f, 0xff, 0x0, 0x3, 0x99, 0x99,
    0x99, 0x99, 0x99, 0xdf, 0xff, 0x0, 0x6, 0xff,
    0xff, 0xff, 0xff, 0xff, 0xff, 0xff, 0x0, 0x6,
    0xff, 0xff, 0xff, 0xff, 0xff, 0xff, 0xff, 0x0,
    0x6, 0xff, 0xff, 0xff, 0xff, 0xff, 0xff, 0xff,
    0xff, 0xf9, 0x0, 0x0, 0x0, 0x5f, 0xff, 0x60,
    0x0, 0xff, 0xf9, 0x0, 0x0, 0x0, 0x5f, 0xff,
    0x60, 0x0, 0xff, 0xf9, 0x0, 0x0, 0x0, 0x5f,
    0xff, 0x60, 0x0, 0xff, 0xf9, 0x0, 0x5, 0x66,
    0x79, 0x99, 0x30, 0x0, 0xff, 0xf9, 0x0, 0xe,
    0xff, 0xa0, 0x0, 0x0, 0x0, 0xff, 0xf9, 0x0,
    0xe, 0xff, 0xa0, 0x0, 0x0, 0x0, 0xff, 0xf9,
    0x0, 0xe, 0xff, 0xa0, 0x0, 0x0, 0x0, 0xff,
    0xf9, 0x0, 0xe, 0xff, 0xa0, 0x0, 0x0, 0x0,
    0xff, 0xf9, 0x0, 0xe, 0xff, 0xa0, 0x0, 0x0,
    0x0, 0xff, 0xf9, 0x0, 0xe, 0xff, 0xa0, 0x0,
    0x0, 0x0, 0xcc, 0xc8, 0x33, 0x3f, 0xff, 0xb3,
    0x33, 0x33, 0x33, 0x0, 0x6, 0xff, 0xff, 0xff,
    0xff, 0xff, 0xff, 0xff, 0x0, 0x6, 0xff, 0xff,
    0xff, 0xff, 0xff, 0xff, 0xff, 0x0, 0x6, 0xff,
    0xff, 0xff, 0xff, 0xff, 0xff, 0xff, 0x0, 0x6,
    0xff, 0xf7, 0x66, 0x66, 0x66, 0x66, 0x66, 0x0,
    0x6, 0xff, 0xf1, 0x0, 0x0, 0x0, 0x0, 0x0,
    0x0, 0x6, 0xff, 0xf1, 0x0, 0x0, 0x0, 0x0,
    0x0, 0x0, 0x6, 0xff, 0xf1, 0x0, 0x0, 0x0,
    0x0, 0x0,

    /* U+2285 "⊅" */
    0x0, 0x0, 0x0, 0x0, 0x0, 0x13, 0x33, 0x10,
    0x0, 0x0, 0x0, 0x0, 0x0, 0x0, 0x5f, 0xff,
    0x60, 0x0, 0x0, 0x0, 0x0, 0x0, 0x0, 0x5f,
    0xff, 0x60, 0x0, 0x0, 0x0, 0x0, 0x0, 0x0,
    0x5f, 0xff, 0x60, 0x0, 0x99, 0x99, 0x99, 0x99,
    0x99, 0xbf, 0xff, 0x60, 0x0, 0xff, 0xff, 0xff,
    0xff, 0xff, 0xff, 0xff, 0x60, 0x0, 0xff, 0xff,
    0xff, 0xff, 0xff, 0xff, 0xff, 0x60, 0x0, 0xff,
    0xff, 0xff, 0xff, 0xff, 0xff, 0xff, 0x60, 0x0,
    0x0, 0x0, 0x0, 0xe, 0xff, 0xa0, 0x0, 0x9f,
    0xff, 0x0, 0x0, 0x0, 0xe, 0xff, 0xa0, 0x0,
    0x9f, 0xff, 0x0, 0x0, 0x0, 0xe, 0xff, 0xa0,
    0x0, 0x9f, 0xff, 0x0, 0x2, 0x66, 0x69, 0x99,
    0x60, 0x0, 0x9f, 0xff, 0x0, 0x6, 0xff, 0xf1,
    0x0, 0x0, 0x0, 0x9f, 0xff, 0x0, 0x6, 0xff,
    0xf1, 0x0, 0x0, 0x0, 0x9f, 0xff, 0x0, 0x6,
    0xff, 0xf1, 0x0, 0x0, 0x0, 0x9f, 0xff, 0x0,
    0x6, 0xff, 0xf1, 0x0, 0x0, 0x0, 0x9f, 0xff,
    0x0, 0x6, 0xff, 0xf1, 0x0, 0x0, 0x0, 0x9f,
    0xff, 0x0, 0x6, 0xff, 0xf1, 0x0, 0x0, 0x0,
    0x9f, 0xff, 0x33, 0x38, 0xff, 0xf4, 0x33, 0x33,
    0x33, 0x8c, 0xcc, 0xff, 0xff, 0xff, 0xff, 0xff,
    0xff, 0xff, 0x60, 0x0, 0xff, 0xff, 0xff, 0xff,
    0xff, 0xff, 0xff, 0x60, 0x0, 0xff, 0xff, 0xff,
    0xff, 0xff, 0xff, 0xff, 0x60, 0x0, 0xff, 0xfc,
    0x66, 0x66, 0x66, 0x66, 0x66, 0x20, 0x0, 0xff,
    0xf9, 0x0, 0x0, 0x0, 0x0, 0x0, 0x0, 0x0,
    0xff, 0xf9, 0x0, 0x0, 0x0, 0x0, 0x0, 0x0,
    0x0, 0xff, 0xf9, 0x0, 0x0, 0x0, 0x0, 0x0,
    0x0, 0x0,

    /* U+2286 "⊆" */
    0x0, 0x3, 0x99, 0x99, 0x99, 0x99, 0x99, 0x99,
    0x99, 0x0, 0x6, 0xff, 0xff, 0xff, 0xff, 0xff,
    0xff, 0xff, 0x0, 0x6, 0xff, 0xff, 0xff, 0xff,
    0xff, 0xff, 0xff, 0x0, 0x6, 0xff, 0xff, 0xff,
    0xff, 0xff, 0xff, 0xff, 0xff, 0xf9, 0x0, 0x0,
    0x0, 0x0, 0x0, 0x0, 0x0, 0xff, 0xf9, 0x0,
    0x0, 0x0, 0x0, 0x0, 0x0, 0x0, 0xff, 0xf9,
    0x0, 0x0, 0x0, 0x0, 0x0, 0x0, 0x0, 0xff,
    0xf9, 0x0, 0x0, 0x0, 0x0, 0x0, 0x0, 0x0,
    0xff, 0xf9, 0x0, 0x0, 0x0, 0x0, 0x0, 0x0,
    0x0, 0xff, 0xf9, 0x0, 0x0, 0x0, 0x0, 0x0,
    0x0, 0x0, 0xff, 0xf9, 0x0, 0x0, 0x0, 0x0,
    0x0, 0x0, 0x0, 0x55, 0x57, 0xaa, 0xaa, 0xaa,
    0xaa, 0xaa, 0xaa, 0xaa, 0x0, 0x6, 0xff, 0xff,
    0xff, 0xff, 0xff, 0xff, 0xff, 0x0, 0x6, 0xff,
    0xff, 0xff, 0xff, 0xff, 0xff, 0xff, 0x0, 0x6,
    0xff, 0xff, 0xff, 0xff, 0xff, 0xff, 0xff, 0x0,
    0x0, 0x0, 0x0, 0x0, 0x0, 0x0, 0x0, 0x0,
    0x0, 0x0, 0x0, 0x0, 0x0, 0x0, 0x0, 0x0,
    0x0, 0x0, 0x0, 0x0, 0x0, 0x0, 0x0, 0x0,
    0x0, 0x0, 0x99, 0x99, 0x99, 0x99, 0x99, 0x99,
    0x99, 0x99, 0x99, 0xff, 0xff, 0xff, 0xff, 0xff,
    0xff, 0xff, 0xff, 0xff, 0xff, 0xff, 0xff, 0xff,
    0xff, 0xff, 0xff, 0xff, 0xff, 0xff, 0xff, 0xff,
    0xff, 0xff, 0xff, 0xff, 0xff, 0xff,

    /* U+2287 "⊇" */
    0x99, 0x99, 0x99, 0x99, 0x99, 0x99, 0x99, 0x30,
    0x0, 0xff, 0xff, 0xff, 0xff, 0xff, 0xff, 0xff,
    0x60, 0x0, 0xff, 0xff, 0xff, 0xff, 0xff, 0xff,
    0xff, 0x60, 0x0, 0xff, 0xff, 0xff, 0xff, 0xff,
    0xff, 0xff, 0x60, 0x0, 0x0, 0x0, 0x0, 0x0,
    0x0, 0x0, 0x0, 0x9f, 0xff, 0x0, 0x0, 0x0,
    0x0, 0x0, 0x0, 0x0, 0x9f, 0xff, 0x0, 0x0,
    0x0, 0x0, 0x0, 0x0, 0x0, 0x9f, 0xff, 0x0,
    0x0, 0x0, 0x0, 0x0, 0x0, 0x0, 0x9f, 0xff,
    0x0, 0x0, 0x0, 0x0, 0x0, 0x0, 0x0, 0x9f,
    0xff, 0x0, 0x0, 0x0, 0x0, 0x0, 0x0, 0x0,
    0x9f, 0xff, 0x0, 0x0, 0x0, 0x0, 0x0, 0x0,
    0x0, 0x9f, 0xff, 0xaa, 0xaa, 0xaa, 0xaa, 0xaa,
    0xaa, 0xaa, 0x75, 0x55, 0xff, 0xff, 0xff, 0xff,
    0xff, 0xff, 0xff, 0x60, 0x0, 0xff, 0xff, 0xff,
    0xff, 0xff, 0xff, 0xff, 0x60, 0x0, 0xff, 0xff,
    0xff, 0xff, 0xff, 0xff, 0xff, 0x60, 0x0, 0x0,
    0x0, 0x0, 0x0, 0x0, 0x0, 0x0, 0x0, 0x0,
    0x0, 0x0, 0x0, 0x0, 0x0, 0x0, 0x0, 0x0,
    0x0, 0x0, 0x0, 0x0, 0x0, 0x0, 0x0, 0x0,
    0x0, 0x0, 0x99, 0x99, 0x99, 0x99, 0x99, 0x99,
    0x99, 0x99, 0x99, 0xff, 0xff, 0xff, 0xff, 0xff,
    0xff, 0xff, 0xff, 0xff, 0xff, 0xff, 0xff, 0xff,
    0xff, 0xff, 0xff, 0xff, 0xff, 0xff, 0xff, 0xff,
    0xff, 0xff, 0xff, 0xff, 0xff, 0xff,

    /* U+2288 "⊈" */
    0x0, 0x0, 0x0, 0x0, 0x0, 0x0, 0x0, 0x13,
    0x33, 0x0, 0x0, 0x0, 0x0, 0x0, 0x0, 0x0,
    0x9f, 0xff, 0x0, 0x0, 0x0, 0x0, 0x0, 0x0,
    0x0, 0x9f, 0xff, 0x0, 0x0, 0x0, 0x0, 0x0,
    0x0, 0x0, 0x9f, 0xff, 0x0, 0x3, 0x99, 0x99,
    0x99, 0x99, 0x99, 0xdf, 0xff, 0x0, 0x6, 0xff,
    0xff, 0xff, 0xff, 0xff, 0xff, 0xff, 0x0, 0x6,
    0xff, 0xff, 0xff, 0xff, 0xff, 0xff, 0xff, 0x0,
    0x6, 0xff, 0xff, 0xff, 0xff, 0xff, 0xff, 0xff,
    0xff, 0xf9, 0x0, 0x0, 0x0, 0x3f, 0xff, 0x60,
    0x0, 0xff, 0xf9, 0x0, 0x0, 0x0, 0x3f, 0xff,
    0x60, 0x0, 0xff, 0xf9, 0x0, 0x0, 0x0, 0x3f,
    0xff, 0x60, 0x0, 0xff, 0xf9, 0x0, 0x3, 0x44,
    0x59, 0x99, 0x30, 0x0, 0xff, 0xf9, 0x0, 0xc,
    0xff, 0xc0, 0x0, 0x0, 0x0, 0xff, 0xf9, 0x0,
    0xc, 0xff, 0xc0, 0x0, 0x0, 0x0, 0xff, 0xf9,
    0x0, 0xc, 0xff, 0xc0, 0x0, 0x0, 0x0, 0x55,
    0x57, 0xaa, 0xae, 0xff, 0xea, 0xaa, 0xaa, 0xaa,
    0x0, 0x6, 0xff, 0xff, 0xff, 0xff, 0xff, 0xff,
    0xff, 0x0, 0x6, 0xff, 0xff, 0xff, 0xff, 0xff,
    0xff, 0xff, 0x0, 0x6, 0xff, 0xff, 0xff, 0xff,
    0xff, 0xff, 0xff, 0x0, 0x0, 0x0, 0x0, 0x0,
    0x0, 0x0, 0x0, 0x0, 0x0, 0x0, 0x0, 0x0,
    0x0, 0x0, 0x0, 0x0, 0x0, 0x0, 0x0, 0x0,
    0x0, 0x0, 0x0, 0x0, 0x0, 0x0, 0x99, 0x99,
    0x99, 0x99, 0x99, 0x99, 0x99, 0x99, 0x99, 0xff,
    0xff, 0xff, 0xff, 0xff, 0xff, 0xff, 0xff, 0xff,
    0xff, 0xff, 0xff, 0xff, 0xff, 0xff, 0xff, 0xff,
    0xff, 0xff, 0xff, 0xff, 0xff, 0xff, 0xff, 0xff,
    0xff, 0xff,

    /* U+2289 "⊉" */
    0x0, 0x0, 0x0, 0x0, 0x0, 0x3, 0x33, 0x10,
    0x0, 0x0, 0x0, 0x0, 0x0, 0x0, 0x3f, 0xff,
    0x60, 0x0, 0x0, 0x0, 0x0, 0x0, 0x0, 0x3f,
    0xff, 0x60, 0x0, 0x0, 0x0, 0x0, 0x0, 0x0,
    0x3f, 0xff, 0x60, 0x0, 0x99, 0x99, 0x99, 0x99,
    0x99, 0xaf, 0xff, 0x60, 0x0, 0xff, 0xff, 0xff,
    0xff, 0xff, 0xff, 0xff, 0x60, 0x0, 0xff, 0xff,
    0xff, 0xff, 0xff, 0xff, 0xff, 0x60, 0x0, 0xff,
    0xff, 0xff, 0xff, 0xff, 0xff, 0xff, 0x60, 0x0,
    0x0, 0x0, 0x0, 0xc, 0xff, 0xc0, 0x0, 0x9f,
    0xff, 0x0, 0x0, 0x0, 0xc, 0xff, 0xc0, 0x0,
    0x9f, 0xff, 0x0, 0x0, 0x0, 0xc, 0xff, 0xc0,
    0x0, 0x9f, 0xff, 0x0, 0x1, 0x44, 0x48, 0x99,
    0x70, 0x0, 0x9f, 0xff, 0x0, 0x6, 0xff, 0xf3,
    0x0, 0x0, 0x0, 0x9f, 0xff, 0x0, 0x6, 0xff,
    0xf3, 0x0, 0x0, 0x0, 0x9f, 0xff, 0x0, 0x6,
    0xff, 0xf3, 0x0, 0x0, 0x0, 0x9f, 0xff, 0xaa,
    0xac, 0xff, 0xfb, 0xaa, 0xaa, 0xaa, 0x75, 0x55,
    0xff, 0xff, 0xff, 0xff, 0xff, 0xff, 0xff, 0x60,
    0x0, 0xff, 0xff, 0xff, 0xff, 0xff, 0xff, 0xff,
    0x60, 0x0, 0xff, 0xff, 0xff, 0xff, 0xff, 0xff,
    0xff, 0x60, 0x0, 0x0, 0x0, 0x0, 0x0, 0x0,
    0x0, 0x0, 0x0, 0x0, 0x0, 0x0, 0x0, 0x0,
    0x0, 0x0, 0x0, 0x0, 0x0, 0x0, 0x0, 0x0,
    0x0, 0x0, 0x0, 0x0, 0x0, 0x0, 0x99, 0x99,
    0x99, 0x99, 0x99, 0x99, 0x99, 0x99, 0x99, 0xff,
    0xff, 0xff, 0xff, 0xff, 0xff, 0xff, 0xff, 0xff,
    0xff, 0xff, 0xff, 0xff, 0xff, 0xff, 0xff, 0xff,
    0xff, 0xff, 0xff, 0xff, 0xff, 0xff, 0xff, 0xff,
    0xff, 0xff,

    /* U+2295 "⊕" */
    0x0, 0x3, 0x99, 0x99, 0x99, 0x99, 0x99, 0x30,
    0x0, 0x0, 0x6, 0xff, 0xff, 0xff, 0xff, 0xff,
    0x60, 0x0, 0x0, 0x6, 0xff, 0xff, 0xff, 0xff,
    0xff, 0x60, 0x0, 0x0, 0x6, 0xff, 0xff, 0xff,
    0xff, 0xff, 0x60, 0x0, 0xff, 0xf9, 0x0, 0xe,
    0xff, 0xa0, 0x0, 0x9f, 0xff, 0xff, 0xf9, 0x0,
    0xe, 0xff, 0xa0, 0x0, 0x9f, 0xff, 0xff, 0xf9,
    0x0, 0xe, 0xff, 0xa0, 0x0, 0x9f, 0xff, 0xff,
    0xfd, 0x99, 0x9f, 0xff, 0xd9, 0x99, 0xdf, 0xff,
    0xff, 0xff, 0xff, 0xff, 0xff, 0xff, 0xff, 0xff,
    0xff, 0xff, 0xff, 0xff, 0xff, 0xff, 0xff, 0xff,
    0xff, 0xff, 0xff, 0xff, 0xff, 0xff, 0xff, 0xff,
    0xff, 0xff, 0xff, 0xff, 0xf9, 0x0, 0xe, 0xff,
    0xa0, 0x0, 0x9f, 0xff, 0xff, 0xf9, 0x0, 0xe,
    0xff, 0xa0, 0x0, 0x9f, 0xff, 0xff, 0xf9, 0x0,
    0xe, 0xff, 0xa0, 0x0, 0x9f, 0xff, 0xff, 0xf9,
    0x0, 0xe, 0xff, 0xa0, 0x0, 0x9f, 0xff, 0x0,
    0x6, 0xff, 0xff, 0xff, 0xff, 0xff, 0x60, 0x0,
    0x0, 0x6, 0xff, 0xff, 0xff, 0xff, 0xff, 0x60,
    0x0, 0x0, 0x6, 0xff, 0xff, 0xff, 0xff, 0xff,
    0x60, 0x0, 0x0, 0x3, 0x99, 0x99, 0x99, 0x99,
    0x99, 0x30, 0x0,

    /* U+2296 "⊖" */
    0x0, 0x3, 0x99, 0x99, 0x99, 0x99, 0x99, 0x30,
    0x0, 0x0, 0x6, 0xff, 0xff, 0xff, 0xff, 0xff,
    0x60, 0x0, 0x0, 0x6, 0xff, 0xff, 0xff, 0xff,
    0xff, 0x60, 0x0, 0x0, 0x6, 0xff, 0xff, 0xff,
    0xff, 0xff, 0x60, 0x0, 0xff, 0xf9, 0x0, 0x0,
    0x0, 0x0, 0x0, 0x9f, 0xff, 0xff, 0xf9, 0x0,
    0x0, 0x0, 0x0, 0x0, 0x9f, 0xff, 0xff, 0xf9,
    0x0, 0x0, 0x0, 0x0, 0x0, 0x9f, 0xff, 0xff,
    0xfd, 0x99, 0x99, 0x99, 0x99, 0x99, 0xdf, 0xff,
    0xff, 0xff, 0xff, 0xff, 0xff, 0xff, 0xff, 0xff,
    0xff, 0xff, 0xff, 0xff, 0xff, 0xff, 0xff, 0xff,
    0xff, 0xff, 0xff, 0xff, 0xff, 0xff, 0xff, 0xff,
    0xff, 0xff, 0xff, 0xff, 0xf9, 0x0, 0x0, 0x0,
    0x0, 0x0, 0x9f, 0xff, 0xff, 0xf9, 0x0, 0x0,
    0x0, 0x0, 0x0, 0x9f, 0xff, 0xff, 0xf9, 0x0,
    0x0, 0x0, 0x0, 0x0, 0x9f, 0xff, 0xff, 0xf9,
    0x0, 0x0, 0x0, 0x0, 0x0, 0x9f, 0xff, 0x0,
    0x6, 0xff, 0xff, 0xff, 0xff, 0xff, 0x60, 0x0,
    0x0, 0x6, 0xff, 0xff, 0xff, 0xff, 0xff, 0x60,
    0x0, 0x0, 0x6, 0xff, 0xff, 0xff, 0xff, 0xff,
    0x60, 0x0, 0x0, 0x3, 0x99, 0x99, 0x99, 0x99,
    0x99, 0x30, 0x0,

    /* U+2297 "⊗" */
    0x0, 0x3, 0x99, 0x99, 0x99, 0x99, 0x99, 0x30,
    0x0, 0x0, 0x6, 0xff, 0xff, 0xff, 0xff, 0xff,
    0x60, 0x0, 0x0, 0x6, 0xff, 0xff, 0xff, 0xff,
    0xff, 0x60, 0x0, 0x0, 0x6, 0xff, 0xff, 0xff,
    0xff, 0xff, 0x60, 0x0, 0xff, 0xff, 0xff, 0xf3,
    0x0, 0x3f, 0xff, 0xff, 0xff, 0xff, 0xff, 0xff,
    0xf3, 0x0, 0x3f, 0xff, 0xff, 0xff, 0xff, 0xff,
    0xff, 0xf3, 0x0, 0x3f, 0xff, 0xff, 0xff, 0xff,
    0xfd, 0x99, 0x9a, 0x99, 0x79, 0x99, 0xdf, 0xff,
    0xff, 0xf9, 0x0, 0xe, 0xff, 0xa0, 0x0, 0x9f,
    0xff, 0xff, 0xf9, 0x0, 0xe, 0xff, 0xa0, 0x0,
    0x9f, 0xff, 0xff, 0xf9, 0x0, 0xe, 0xff, 0xa0,
    0x0, 0x9f, 0xff, 0xff, 0xfd, 0xaa, 0xa2, 0x0,
    0x2a, 0xaa, 0xdf, 0xff, 0xff, 0xff, 0xff, 0xf3,
    0x0, 0x3f, 0xff, 0xff, 0xff, 0xff, 0xff, 0xff,
    0xf3, 0x0, 0x3f, 0xff, 0xff, 0xff, 0xff, 0xff,
    0xff, 0xf3, 0x0, 0x3f, 0xff, 0xff, 0xff, 0x0,
    0x6, 0xff, 0xff, 0xff, 0xff, 0xff, 0x60, 0x0,
    0x0, 0x6, 0xff, 0xff, 0xff, 0xff, 0xff, 0x60,
    0x0, 0x0, 0x6, 0xff, 0xff, 0xff, 0xff, 0xff,
    0x60, 0x0, 0x0, 0x3, 0x99, 0x99, 0x99, 0x99,
    0x99, 0x30, 0x0,

    /* U+2298 "⊘" */
    0x0, 0x3, 0x99, 0x99, 0x99, 0x99, 0x99, 0x30,
    0x0, 0x0, 0x6, 0xff, 0xff, 0xff, 0xff, 0xff,
    0x60, 0x0, 0x0, 0x6, 0xff, 0xff, 0xff, 0xff,
    0xff, 0x60, 0x0, 0x0, 0x6, 0xff, 0xff, 0xff,
    0xff, 0xff, 0x60, 0x0, 0xff, 0xf9, 0x0, 0x0,
    0x0, 0x3f, 0xff, 0xff, 0xff, 0xff, 0xf9, 0x0,
    0x0, 0x0, 0x3f, 0xff, 0xff, 0xff, 0xff, 0xf9,
    0x0, 0x0, 0x0, 0x3f, 0xff, 0xff, 0xff, 0xff,
    0xf9, 0x0, 0x8, 0x99, 0x79, 0x99, 0xdf, 0xff,
    0xff, 0xf9, 0x0, 0xe, 0xff, 0xa0, 0x0, 0x9f,
    0xff, 0xff, 0xf9, 0x0, 0xe, 0xff, 0xa0, 0x0,
    0x9f, 0xff, 0xff, 0xf9, 0x0, 0xe, 0xff, 0xa0,
    0x0, 0x9f, 0xff, 0xff, 0xfd, 0xaa, 0xa2, 0x0,
    0x0, 0x0, 0x9f, 0xff, 0xff, 0xff, 0xff, 0xf3,
    0x0, 0x0, 0x0, 0x9f, 0xff, 0xff, 0xff, 0xff,
    0xf3, 0x0, 0x0, 0x0, 0x9f, 0xff, 0xff, 0xff,
    0xff, 0xf3, 0x0, 0x0, 0x0, 0x9f, 0xff, 0x0,
    0x6, 0xff, 0xff, 0xff, 0xff, 0xff, 0x60, 0x0,
    0x0, 0x6, 0xff, 0xff, 0xff, 0xff, 0xff, 0x60,
    0x0, 0x0, 0x6, 0xff, 0xff, 0xff, 0xff, 0xff,
    0x60, 0x0, 0x0, 0x3, 0x99, 0x99, 0x99, 0x99,
    0x99, 0x30, 0x0,

    /* U+22A5 "⊥" */
    0x0, 0x0, 0x0, 0x5, 0x77, 0x50, 0x0, 0x0,
    0x0, 0x0, 0x0, 0x0, 0xc, 0xff, 0xc0, 0x0,
    0x0, 0x0, 0x0, 0x0, 0x0, 0xc, 0xff, 0xc0,
    0x0, 0x0, 0x0, 0x0, 0x0, 0x0, 0xc, 0xff,
    0xc0, 0x0, 0x0, 0x0, 0x0, 0x0, 0x0, 0xc,
    0xff, 0xc0, 0x0, 0x0, 0x0, 0x0, 0x0, 0x0,
    0xc, 0xff, 0xc0, 0x0, 0x0, 0x0, 0x0, 0x0,
    0x0, 0xc, 0xff, 0xc0, 0x0, 0x0, 0x0, 0x0,
    0x0, 0x0, 0xc, 0xff, 0xc0, 0x0, 0x0, 0x0,
    0x0, 0x0, 0x0, 0xc, 0xff, 0xc0, 0x0, 0x0,
    0x0, 0x0, 0x0, 0x0, 0xc, 0xff, 0xc0, 0x0,
    0x0, 0x0, 0x0, 0x0, 0x0, 0xc, 0xff, 0xc0,
    0x0, 0x0, 0x0, 0x0, 0x0, 0x0, 0xc, 0xff,
    0xc0, 0x0, 0x0, 0x0, 0x0, 0x0, 0x0, 0xc,
    0xff, 0xc0, 0x0, 0x0, 0x0, 0x0, 0x0, 0x0,
    0xc, 0xff, 0xc0, 0x0, 0x0, 0x0, 0x0, 0x0,
    0x0, 0xc, 0xff, 0xc0, 0x0, 0x0, 0x0, 0xff,
    0xff, 0xff, 0xff, 0xff, 0xff, 0xff, 0xff, 0xff,
    0xff, 0xff, 0xff, 0xff, 0xff, 0xff, 0xff, 0xff,
    0xff, 0xff, 0xff, 0xff, 0xff, 0xff, 0xff, 0xff,
    0xff, 0xff, 0x99, 0x99, 0x99, 0x99, 0x99, 0x99,
    0x99, 0x99, 0x99,

    /* U+22C2 "⋂" */
    0x77, 0x74, 0x0, 0x0, 0x0, 0x0, 0x0, 0x47,
    0x77, 0xff, 0xf9, 0x0, 0x0, 0x0, 0x0, 0x0,
    0x9f, 0xff, 0xff, 0xf9, 0x0, 0x0, 0x0, 0x0,
    0x0, 0x9f, 0xff, 0xff, 0xf9, 0x0, 0x0, 0x0,
    0x0, 0x0, 0x9f, 0xff, 0xff, 0xf9, 0x0, 0x0,
    0x0, 0x0, 0x0, 0x9f, 0xff, 0xff, 0xf9, 0x0,
    0x0, 0x0, 0x0, 0x0, 0x9f, 0xff, 0xff, 0xf9,
    0x0, 0x0, 0x0, 0x0, 0x0, 0x9f, 0xff, 0xff,
    0xf9, 0x0, 0x0, 0x0, 0x0, 0x0, 0x9f, 0xff,
    0xff, 0xf9, 0x0, 0x0, 0x0, 0x0, 0x0, 0x9f,
    0xff, 0xff, 0xf9, 0x0, 0x0, 0x0, 0x0, 0x0,
    0x9f, 0xff, 0xff, 0xf9, 0x0, 0x0, 0x0, 0x0,
    0x0, 0x9f, 0xff, 0xff, 0xf9, 0x0, 0x0, 0x0,
    0x0, 0x0, 0x9f, 0xff, 0xff, 0xf9, 0x0, 0x0,
    0x0, 0x0, 0x0, 0x9f, 0xff, 0xff, 0xf9, 0x0,
    0x0, 0x0, 0x0, 0x0, 0x9f, 0xff, 0xff, 0xf9,
    0x0, 0x0, 0x0, 0x0, 0x0, 0x9f, 0xff, 0x0,
    0x6, 0xff, 0xff, 0xff, 0xff, 0xff, 0x60, 0x0,
    0x0, 0x6, 0xff, 0xff, 0xff, 0xff, 0xff, 0x60,
    0x0, 0x0, 0x6, 0xff, 0xff, 0xff, 0xff, 0xff,
    0x60, 0x0, 0x0, 0x3, 0x99, 0x99, 0x99, 0x99,
    0x99, 0x30, 0x0,

    /* U+22C3 "⋃" */
    0x0, 0x3, 0x99, 0x99, 0x99, 0x99, 0x99, 0x30,
    0x0, 0x0, 0x6, 0xff, 0xff, 0xff, 0xff, 0xff,
    0x60, 0x0, 0x0, 0x6, 0xff, 0xff, 0xff, 0xff,
    0xff, 0x60, 0x0, 0x0, 0x6, 0xff, 0xff, 0xff,
    0xff, 0xff, 0x60, 0x0, 0xff, 0xf9, 0x0, 0x0,
    0x0, 0x0, 0x0, 0x9f, 0xff, 0xff, 0xf9, 0x0,
    0x0, 0x0, 0x0, 0x0, 0x9f, 0xff, 0xff, 0xf9,
    0x0, 0x0, 0x0, 0x0, 0x0, 0x9f, 0xff, 0xff,
    0xf9, 0x0, 0x0, 0x0, 0x0, 0x0, 0x9f, 0xff,
    0xff, 0xf9, 0x0, 0x0, 0x0, 0x0, 0x0, 0x9f,
    0xff, 0xff, 0xf9, 0x0, 0x0, 0x0, 0x0, 0x0,
    0x9f, 0xff, 0xff, 0xf9, 0x0, 0x0, 0x0, 0x0,
    0x0, 0x9f, 0xff, 0xff, 0xf9, 0x0, 0x0, 0x0,
    0x0, 0x0, 0x9f, 0xff, 0xff, 0xf9, 0x0, 0x0,
    0x0, 0x0, 0x0, 0x9f, 0xff, 0xff, 0xf9, 0x0,
    0x0, 0x0, 0x0, 0x0, 0x9f, 0xff, 0xff, 0xf9,
    0x0, 0x0, 0x0, 0x0, 0x0, 0x9f, 0xff, 0xff,
    0xf9, 0x0, 0x0, 0x0, 0x0, 0x0, 0x9f, 0xff,
    0xff, 0xf9, 0x0, 0x0, 0x0, 0x0, 0x0, 0x9f,
    0xff, 0xff, 0xf9, 0x0, 0x0, 0x0, 0x0, 0x0,
    0x9f, 0xff, 0x66, 0x63, 0x0, 0x0, 0x0, 0x0,
    0x0, 0x36, 0x66,

    /* U+22FF "⋿" */
    0xff, 0xff, 0xff, 0xff, 0xff, 0xff, 0xff, 0x6f,
    0xff, 0xff, 0xff, 0xff, 0xff, 0xff, 0xf6, 0xff,
    0xff, 0xff, 0xff, 0xff, 0xff, 0xff, 0x6f, 0xff,
    0xd9, 0x99, 0x99, 0x99, 0x99, 0x93, 0xff, 0xf9,
    0x0, 0x0, 0x0, 0x0, 0x0, 0xf, 0xff, 0x90,
    0x0, 0x0, 0x0, 0x0, 0x0, 0xff, 0xf9, 0x0,
    0x0, 0x0, 0x0, 0x0, 0xf, 0xff, 0xda, 0xaa,
    0xaa, 0xa8, 0x0, 0x0, 0xff, 0xff, 0xff, 0xff,
    0xff, 0xc0, 0x0, 0xf, 0xff, 0xff, 0xff, 0xff,
    0xfc, 0x0, 0x0, 0xff, 0xff, 0xff, 0xff, 0xff,
    0xc0, 0x0, 0xf, 0xff, 0x90, 0x0, 0x0, 0x0,
    0x0, 0x0, 0xff, 0xf9, 0x0, 0x0, 0x0, 0x0,
    0x0, 0xf, 0xff, 0x90, 0x0, 0x0, 0x0, 0x0,
    0x0, 0xff, 0xfd, 0x99, 0x99, 0x99, 0x99, 0x99,
    0x3f, 0xff, 0xff, 0xff, 0xff, 0xff, 0xff, 0xf6,
    0xff, 0xff, 0xff, 0xff, 0xff, 0xff, 0xff, 0x6f,
    0xff, 0xff, 0xff, 0xff, 0xff, 0xff, 0xf6,

    /* U+25A0 "■" */
    0xdd, 0xdd, 0xdd, 0xdd, 0xdd, 0xdd, 0xdd, 0xdd,
    0xdd, 0xff, 0xff, 0xff, 0xff, 0xff, 0xff, 0xff,
    0xff, 0xff, 0xff, 0xff, 0xff, 0xff, 0xff, 0xff,
    0xff, 0xff, 0xff, 0xff, 0xff, 0xff, 0xff, 0xff,
    0xff, 0xff, 0xff, 0xff, 0xff, 0xff, 0xff, 0xff,
    0xff, 0xff, 0xff, 0xff, 0xff, 0xff, 0xff, 0xff,
    0xff, 0xff, 0xff, 0xff, 0xff, 0xff, 0xff, 0xff,
    0xff, 0xff, 0xff, 0xff, 0xff, 0xff, 0xff, 0xff,
    0xff, 0xff, 0xff, 0xff, 0xff, 0xff, 0xff, 0xff,
    0xff, 0xff, 0xff, 0xff, 0xff, 0xff, 0xff, 0xff,
    0xff, 0xff, 0xff, 0xff, 0xff, 0xff, 0xff, 0xff,
    0xff, 0xff, 0xff, 0xff, 0xff, 0xff, 0xff, 0xff,
    0xff, 0xff, 0xff, 0xff, 0xff, 0xff, 0xff, 0xff,
    0xff, 0xff, 0xff, 0xff, 0xff, 0xff, 0xff, 0xff,
    0xff, 0xff, 0xff, 0xff, 0xff, 0xff, 0xff, 0xff,
    0xff, 0xff, 0xff, 0xff, 0xff, 0xff, 0xff, 0xff,
    0xff, 0xff, 0xff, 0xff, 0xff, 0xff, 0xff, 0xff,
    0xff, 0xff, 0xff, 0xff, 0xff, 0xff, 0xff, 0xff,
    0xff, 0xff, 0xff, 0xff, 0xff, 0xff, 0xff, 0xff,
    0xff, 0xff, 0xff, 0xff, 0xff, 0xff, 0xff, 0xff,
    0xff, 0xff, 0x33, 0x33, 0x33, 0x33, 0x33, 0x33,
    0x33, 0x33, 0x33,

    /* U+25A1 "□" */
    0x99, 0x99, 0x99, 0x99, 0x99, 0x99, 0x99, 0x99,
    0x99, 0xff, 0xff, 0xff, 0xff, 0xff, 0xff, 0xff,
    0xff, 0xff, 0xff, 0xff, 0xff, 0xff, 0xff, 0xff,
    0xff, 0xff, 0xff, 0xff, 0xff, 0xff, 0xff, 0xff,
    0xff, 0xff, 0xff, 0xff, 0xff, 0xf9, 0x0, 0x0,
    0x0, 0x0, 0x0, 0x9f, 0xff, 0xff, 0xf9, 0x0,
    0x0, 0x0, 0x0, 0x0, 0x9f, 0xff, 0xff, 0xf9,
    0x0, 0x0, 0x0, 0x0, 0x0, 0x9f, 0xff, 0xff,
    0xf9, 0x0, 0x0, 0x0, 0x0, 0x0, 0x9f, 0xff,
    0xff, 0xf9, 0x0, 0x0, 0x0, 0x0, 0x0, 0x9f,
    0xff, 0xff, 0xf9, 0x0, 0x0, 0x0, 0x0, 0x0,
    0x9f, 0xff, 0xff, 0xf9, 0x0, 0x0, 0x0, 0x0,
    0x0, 0x9f, 0xff, 0xff, 0xf9, 0x0, 0x0, 0x0,
    0x0, 0x0, 0x9f, 0xff, 0xff, 0xf9, 0x0, 0x0,
    0x0, 0x0, 0x0, 0x9f, 0xff, 0xff, 0xf9, 0x0,
    0x0, 0x0, 0x0, 0x0, 0x9f, 0xff, 0xff, 0xf9,
    0x0, 0x0, 0x0, 0x0, 0x0, 0x9f, 0xff, 0xff,
    0xff, 0xff, 0xff, 0xff, 0xff, 0xff, 0xff, 0xff,
    0xff, 0xff, 0xff, 0xff, 0xff, 0xff, 0xff, 0xff,
    0xff, 0xff, 0xff, 0xff, 0xff, 0xff, 0xff, 0xff,
    0xff, 0xff, 0x99, 0x99, 0x99, 0x99, 0x99, 0x99,
    0x99, 0x99, 0x99,

    /* U+25B2 "▲" */
    0x0, 0x0, 0x0, 0xa, 0xdd, 0xa0, 0x0, 0x0,
    0x0, 0x0, 0x0, 0x0, 0xc, 0xff, 0xc0, 0x0,
    0x0, 0x0, 0x0, 0x0, 0x0, 0xc, 0xff, 0xc0,
    0x0, 0x0, 0x0, 0x0, 0x1, 0x33, 0x3d, 0xff,
    0xd3, 0x33, 0x10, 0x0, 0x0, 0x6, 0xff, 0xff,
    0xff, 0xff, 0xff, 0x60, 0x0, 0x0, 0x6, 0xff,
    0xff, 0xff, 0xff, 0xff, 0x60, 0x0, 0x0, 0x6,
    0xff, 0xff, 0xff, 0xff, 0xff, 0x60, 0x0, 0xaa,
    0xac, 0xff, 0xff, 0xff, 0xff, 0xff, 0xca, 0xaa,
    0xff, 0xff, 0xff, 0xff, 0xff, 0xff, 0xff, 0xff,
    0xff, 0xff, 0xff, 0xff, 0xff, 0xff, 0xff, 0xff,
    0xff, 0xff, 0xff, 0xff, 0xff, 0xff, 0xff, 0xff,
    0xff, 0xff, 0xff, 0xff, 0xff, 0xff, 0xff, 0xff,
    0xff, 0xff, 0xff, 0xff, 0xff, 0xff, 0xff, 0xff,
    0xff, 0xff, 0xff, 0xff, 0xff, 0xff, 0xff, 0xff,
    0xff, 0xff, 0xff, 0xff, 0xff, 0xff, 0xff, 0xff,
    0xff, 0xff, 0xff, 0xff, 0xff, 0xff, 0xff, 0xff,
    0xff, 0xff, 0xff, 0xff, 0xff, 0xff, 0xff, 0xff,
    0xff, 0xff, 0xff, 0xff, 0xff, 0xff, 0xff, 0xff,
    0xff, 0xff, 0xff, 0xff, 0xff, 0xff, 0xff, 0xff,
    0xff, 0xff, 0x33, 0x33, 0x33, 0x33, 0x33, 0x33,
    0x33, 0x33, 0x33,

    /* U+25B6 "▶" */
    0x33, 0x33, 0x33, 0x30, 0x0, 0x0, 0x0, 0x0,
    0x0, 0xff, 0xff, 0xff, 0xf3, 0x0, 0x0, 0x0,
    0x0, 0x0, 0xff, 0xff, 0xff, 0xf3, 0x0, 0x0,
    0x0, 0x0, 0x0, 0xff, 0xff, 0xff, 0xf3, 0x0,
    0x0, 0x0, 0x0, 0x0, 0xff, 0xff, 0xff, 0xfb,
    0x99, 0x70, 0x0, 0x0, 0x0, 0xff, 0xff, 0xff,
    0xff, 0xff, 0xc0, 0x0, 0x0, 0x0, 0xff, 0xff,
    0xff, 0xff, 0xff, 0xc0, 0x0, 0x0, 0x0, 0xff,
    0xff, 0xff, 0xff, 0xff, 0xc0, 0x0, 0x0, 0x0,
    0xff, 0xff, 0xff, 0xff, 0xff, 0xff, 0xff, 0x60,
    0x0, 0xff, 0xff, 0xff, 0xff, 0xff, 0xff, 0xff,
    0x60, 0x0, 0xff, 0xff, 0xff, 0xff, 0xff, 0xff,
    0xff, 0x60, 0x0, 0xff, 0xff, 0xff, 0xff, 0xff,
    0xff, 0xff, 0xa6, 0x66, 0xff, 0xff, 0xff, 0xff,
    0xff, 0xff, 0xff, 0xff, 0xff, 0xff, 0xff, 0xff,
    0xff, 0xff, 0xff, 0xff, 0xff, 0xff, 0xff, 0xff,
    0xff, 0xff, 0xff, 0xff, 0xff, 0xff, 0xff, 0xff,
    0xff, 0xff, 0xff, 0xff, 0xff, 0xff, 0x83, 0x33,
    0xff, 0xff, 0xff, 0xff, 0xff, 0xff, 0xff, 0x60,
    0x0, 0xff, 0xff, 0xff, 0xff, 0xff, 0xff, 0xff,
    0x60, 0x0, 0xff, 0xff, 0xff, 0xff, 0xff, 0xfc,
    0xcc, 0x50, 0x0, 0xff, 0xff, 0xff, 0xff, 0xff,
    0xc0, 0x0, 0x0, 0x0, 0xff, 0xff, 0xff, 0xff,
    0xff, 0xc0, 0x0, 0x0, 0x0, 0xff, 0xff, 0xff,
    0xff, 0xff, 0xc0, 0x0, 0x0, 0x0, 0xff, 0xff,
    0xff, 0xf8, 0x66, 0x50, 0x0, 0x0, 0x0, 0xff,
    0xff, 0xff, 0xf3, 0x0, 0x0, 0x0, 0x0, 0x0,
    0xff, 0xff, 0xff, 0xf3, 0x0, 0x0, 0x0, 0x0,
    0x0, 0xff, 0xff, 0xff, 0xf3, 0x0, 0x0, 0x0,
    0x0, 0x0,

    /* U+25B7 "▷" */
    0x33, 0x31, 0x0, 0x0, 0x0, 0x0, 0x0, 0xf,
    0xff, 0x90, 0x0, 0x0, 0x0, 0x0, 0x0, 0xff,
    0xf9, 0x0, 0x0, 0x0, 0x0, 0x0, 0xf, 0xff,
    0x90, 0x0, 0x0, 0x0, 0x0, 0x0, 0xff, 0xfd,
    0x99, 0x91, 0x0, 0x0, 0x0, 0xf, 0xff, 0xff,
    0xff, 0x30, 0x0, 0x0, 0x0, 0xff, 0xff, 0xff,
    0xf3, 0x0, 0x0, 0x0, 0xf, 0xff, 0xff, 0xff,
    0x30, 0x0, 0x0, 0x0, 0xff, 0xf9, 0x0, 0xe,
    0xff, 0xa0, 0x0, 0xf, 0xff, 0x90, 0x0, 0xef,
    0xfa, 0x0, 0x0, 0xff, 0xf9, 0x0, 0xe, 0xff,
    0xa0, 0x0, 0xf, 0xff, 0x90, 0x0, 0x89, 0x98,
    0x66, 0x61, 0xff, 0xf9, 0x0, 0x0, 0x0, 0x5f,
    0xff, 0x4f, 0xff, 0x90, 0x0, 0x0, 0x5, 0xff,
    0xf4, 0xff, 0xf9, 0x0, 0x0, 0x0, 0x5f, 0xff,
    0x4f, 0xff, 0x90, 0x0, 0xbc, 0xc9, 0x33, 0x30,
    0xff, 0xf9, 0x0, 0xe, 0xff, 0xa0, 0x0, 0xf,
    0xff, 0x90, 0x0, 0xef, 0xfa, 0x0, 0x0, 0xff,
    0xfa, 0x33, 0x3c, 0xcc, 0x80, 0x0, 0xf, 0xff,
    0xff, 0xff, 0x30, 0x0, 0x0, 0x0, 0xff, 0xff,
    0xff, 0xf3, 0x0, 0x0, 0x0, 0xf, 0xff, 0xff,
    0xff, 0x30, 0x0, 0x0, 0x0, 0xff, 0xfc, 0x66,
    0x61, 0x0, 0x0, 0x0, 0xf, 0xff, 0x90, 0x0,
    0x0, 0x0, 0x0, 0x0, 0xff, 0xf9, 0x0, 0x0,
    0x0, 0x0, 0x0, 0xf, 0xff, 0x90, 0x0, 0x0,
    0x0, 0x0, 0x0,

    /* U+25B8 "▸" */

    /* U+25BC "▼" */
    0xcc, 0xcc, 0xcc, 0xcc, 0xcc, 0xcc, 0xcc, 0xcc,
    0xcc, 0xff, 0xff, 0xff, 0xff, 0xff, 0xff, 0xff,
    0xff, 0xff, 0xff, 0xff, 0xff, 0xff, 0xff, 0xff,
    0xff, 0xff, 0xff, 0xff, 0xff, 0xff, 0xff, 0xff,
    0xff, 0xff, 0xff, 0xff, 0xff, 0xff, 0xff, 0xff,
    0xff, 0xff, 0xff, 0xff, 0xff, 0xff, 0xff, 0xff,
    0xff, 0xff, 0xff, 0xff, 0xff, 0xff, 0xff, 0xff,
    0xff, 0xff, 0xff, 0xff, 0xff, 0xff, 0xff, 0xff,
    0xff, 0xff, 0xff, 0xff, 0xff, 0xff, 0xff, 0xff,
    0xff, 0xff, 0xff, 0xff, 0xff, 0xff, 0xff, 0xff,
    0xff, 0xff, 0xff, 0xff, 0xff, 0xff, 0xff, 0xff,
    0xff, 0xff, 0xff, 0xff, 0xff, 0xff, 0xff, 0xff,
    0xff, 0xff, 0xff, 0x0, 0x6, 0xff, 0xff, 0xff,
    0xff, 0xff, 0x60, 0x0, 0x0, 0x6, 0xff, 0xff,
    0xff, 0xff, 0xff, 0x60, 0x0, 0x0, 0x6, 0xff,
    0xff, 0xff, 0xff, 0xff, 0x60, 0x0, 0x0, 0x4,
    0xaa, 0xae, 0xff, 0xea, 0xaa, 0x40, 0x0, 0x0,
    0x0, 0x0, 0xc, 0xff, 0xc0, 0x0, 0x0, 0x0,
    0x0, 0x0, 0x0, 0xc, 0xff, 0xc0, 0x0, 0x0,
    0x0, 0x0, 0x0, 0x0, 0xc, 0xff, 0xc0, 0x0,
    0x0, 0x0, 0x0, 0x0, 0x0, 0x3, 0x44, 0x30,
    0x0, 0x0, 0x0,

    /* U+25BD "▽" */
    0x0, 0x0, 0x0, 0x0, 0x0, 0x0, 0x0, 0x0,
    0x0, 0xff, 0xff, 0xff, 0xff, 0xff, 0xff, 0xff,
    0xff, 0xff, 0xff, 0xff, 0xff, 0xff, 0xff, 0xff,
    0xff, 0xff, 0xff, 0xff, 0xff, 0xff, 0xff, 0xff,
    0xff, 0xff, 0xff, 0xff, 0xff, 0xfd, 0x99, 0x99,
    0x99, 0x99, 0x99, 0xdf, 0xff, 0xff, 0xf9, 0x0,
    0x0, 0x0, 0x0, 0x0, 0x9f, 0xff, 0xff, 0xf9,
    0x0, 0x0, 0x0, 0x0, 0x0, 0x9f, 0xff, 0xff,
    0xf9, 0x0, 0x0, 0x0, 0x0, 0x0, 0x9f, 0xff,
    0xff, 0xf9, 0x0, 0x0, 0x0, 0x0, 0x0, 0x9f,
    0xff, 0xff, 0xf9, 0x0, 0x0, 0x0, 0x0, 0x0,
    0x9f, 0xff, 0xff, 0xf9, 0x0, 0x0, 0x0, 0x0,
    0x0, 0x9f, 0xff, 0xff, 0xf9, 0x0, 0x0, 0x0,
    0x0, 0x0, 0x9f, 0xff, 0xff, 0xf9, 0x0, 0x0,
    0x0, 0x0, 0x0, 0x9f, 0xff, 0xff, 0xf9, 0x0,
    0x0, 0x0, 0x0, 0x0, 0x9f, 0xff, 0xff, 0xf9,
    0x0, 0x0, 0x0, 0x0, 0x0, 0x9f, 0xff, 0x44,
    0x47, 0xbb, 0xb0, 0x0, 0x3b, 0xbb, 0x74, 0x44,
    0x0, 0x6, 0xff, 0xf1, 0x0, 0x5f, 0xff, 0x60,
    0x0, 0x0, 0x6, 0xff, 0xf1, 0x0, 0x5f, 0xff,
    0x60, 0x0, 0x0, 0x6, 0xff, 0xf1, 0x0, 0x5f,
    0xff, 0x60, 0x0, 0x0, 0x6, 0xff, 0xf1, 0x0,
    0x5f, 0xff, 0x60, 0x0, 0x0, 0x6, 0xff, 0xf1,
    0x0, 0x5f, 0xff, 0x60, 0x0, 0x0, 0x6, 0xff,
    0xf1, 0x0, 0x5f, 0xff, 0x60, 0x0, 0x0, 0x2,
    0x66, 0x69, 0x99, 0x86, 0x66, 0x20, 0x0, 0x0,
    0x0, 0x0, 0xe, 0xff, 0xa0, 0x0, 0x0, 0x0,
    0x0, 0x0, 0x0, 0xe, 0xff, 0xa0, 0x0, 0x0,
    0x0, 0x0, 0x0, 0x0, 0xe, 0xff, 0xa0, 0x0,
    0x0, 0x0,

    /* U+25C0 "◀" */
    0x0, 0x0, 0x0, 0x0, 0x0, 0x3, 0x33, 0x33,
    0x33, 0x0, 0x0, 0x0, 0x0, 0x0, 0x3f, 0xff,
    0xff, 0xff, 0x0, 0x0, 0x0, 0x0, 0x0, 0x3f,
    0xff, 0xff, 0xff, 0x0, 0x0, 0x0, 0x0, 0x0,
    0x3f, 0xff, 0xff, 0xff, 0x0, 0x0, 0x0, 0x7,
    0x99, 0xbf, 0xff, 0xff, 0xff, 0x0, 0x0, 0x0,
    0xc, 0xff, 0xff, 0xff, 0xff, 0xff, 0x0, 0x0,
    0x0, 0xc, 0xff, 0xff, 0xff, 0xff, 0xff, 0x0,
    0x0, 0x0, 0xc, 0xff, 0xff, 0xff, 0xff, 0xff,
    0x0, 0x6, 0xff, 0xff, 0xff, 0xff, 0xff, 0xff,
    0xff, 0x0, 0x6, 0xff, 0xff, 0xff, 0xff, 0xff,
    0xff, 0xff, 0x0, 0x6, 0xff, 0xff, 0xff, 0xff,
    0xff, 0xff, 0xff, 0x66, 0x6a, 0xff, 0xff, 0xff,
    0xff, 0xff, 0xff, 0xff, 0xff, 0xff, 0xff, 0xff,
    0xff, 0xff, 0xff, 0xff, 0xff, 0xff, 0xff, 0xff,
    0xff, 0xff, 0xff, 0xff, 0xff, 0xff, 0xff, 0xff,
    0xff, 0xff, 0xff, 0xff, 0xff, 0xff, 0xff, 0x33,
    0x38, 0xff, 0xff, 0xff, 0xff, 0xff, 0xff, 0xff,
    0x0, 0x6, 0xff, 0xff, 0xff, 0xff, 0xff, 0xff,
    0xff, 0x0, 0x6, 0xff, 0xff, 0xff, 0xff, 0xff,
    0xff, 0xff, 0x0, 0x5, 0xcc, 0xcf, 0xff, 0xff,
    0xff, 0xff, 0xff, 0x0, 0x0, 0x0, 0xc, 0xff,
    0xff, 0xff, 0xff, 0xff, 0x0, 0x0, 0x0, 0xc,
    0xff, 0xff, 0xff, 0xff, 0xff, 0x0, 0x0, 0x0,
    0xc, 0xff, 0xff, 0xff, 0xff, 0xff, 0x0, 0x0,
    0x0, 0x5, 0x66, 0x8f, 0xff, 0xff, 0xff, 0x0,
    0x0, 0x0, 0x0, 0x0, 0x3f, 0xff, 0xff, 0xff,
    0x0, 0x0, 0x0, 0x0, 0x0, 0x3f, 0xff, 0xff,
    0xff, 0x0, 0x0, 0x0, 0x0, 0x0, 0x3f, 0xff,
    0xff, 0xff,

    /* U+25C6 "◆" */
    0x0, 0x0, 0x0, 0x7, 0x99, 0x70, 0x0, 0x0,
    0x0, 0x0, 0x0, 0x0, 0xc, 0xff, 0xc0, 0x0,
    0x0, 0x0, 0x0, 0x0, 0x0, 0xc, 0xff, 0xc0,
    0x0, 0x0, 0x0, 0x0, 0x0, 0x0, 0xc, 0xff,
    0xc0, 0x0, 0x0, 0x0, 0x0, 0x6, 0xff, 0xff,
    0xff, 0xff, 0xff, 0x60, 0x0, 0x0, 0x6, 0xff,
    0xff, 0xff, 0xff, 0xff, 0x60, 0x0, 0x0, 0x6,
    0xff, 0xff, 0xff, 0xff, 0xff, 0x60, 0x0, 0x66,
    0x6a, 0xff, 0xff, 0xff, 0xff, 0xff, 0xa6, 0x66,
    0xff, 0xff, 0xff, 0xff, 0xff, 0xff, 0xff, 0xff,
    0xff, 0xff, 0xff, 0xff, 0xff, 0xff, 0xff, 0xff,
    0xff, 0xff, 0xff, 0xff, 0xff, 0xff, 0xff, 0xff,
    0xff, 0xff, 0xff, 0xff, 0xff, 0xff, 0xff, 0xff,
    0xff, 0xff, 0xff, 0xff, 0xff, 0xff, 0xff, 0xff,
    0xff, 0xff, 0xff, 0xff, 0xff, 0xff, 0xff, 0xff,
    0xff, 0xff, 0xff, 0xff, 0xff, 0xff, 0xcc, 0xce,
    0xff, 0xff, 0xff, 0xff, 0xff, 0xec, 0xcc, 0x0,
    0x6, 0xff, 0xff, 0xff, 0xff, 0xff, 0x60, 0x0,
    0x0, 0x6, 0xff, 0xff, 0xff, 0xff, 0xff, 0x60,
    0x0, 0x0, 0x6, 0xff, 0xff, 0xff, 0xff, 0xff,
    0x60, 0x0, 0x0, 0x2, 0x66, 0x6e, 0xff, 0xe6,
    0x66, 0x20, 0x0, 0x0, 0x0, 0x0, 0xc, 0xff,
    0xc0, 0x0, 0x0, 0x0, 0x0, 0x0, 0x0, 0xc,
    0xff, 0xc0, 0x0, 0x0, 0x0, 0x0, 0x0, 0x0,
    0xc, 0xff, 0xc0, 0x0, 0x0, 0x0,

    /* U+25C7 "◇" */
    0x0, 0x0, 0x0, 0x8, 0x99, 0x60, 0x0, 0x0,
    0x0, 0x0, 0x0, 0x0, 0xe, 0xff, 0xa0, 0x0,
    0x0, 0x0, 0x0, 0x0, 0x0, 0xe, 0xff, 0xa0,
    0x0, 0x0, 0x0, 0x0, 0x0, 0x0, 0xe, 0xff,
    0xa0, 0x0, 0x0, 0x0, 0x0, 0x6, 0xff, 0xf1,
    0x0, 0x5f, 0xff, 0x60, 0x0, 0x0, 0x6, 0xff,
    0xf1, 0x0, 0x5f, 0xff, 0x60, 0x0, 0x0, 0x6,
    0xff, 0xf1, 0x0, 0x5f, 0xff, 0x60, 0x0, 0x44,
    0x47, 0xcc, 0xc0, 0x0, 0x3c, 0xcc, 0x74, 0x44,
    0xff, 0xf9, 0x0, 0x0, 0x0, 0x0, 0x0, 0x9f,
    0xff, 0xff, 0xf9, 0x0, 0x0, 0x0, 0x0, 0x0,
    0x9f, 0xff, 0xff, 0xf9, 0x0, 0x0, 0x0, 0x0,
    0x0, 0x9f, 0xff, 0xff, 0xf9, 0x0, 0x0, 0x0,
    0x0, 0x0, 0x9f, 0xff, 0xff, 0xf9, 0x0, 0x0,
    0x0, 0x0, 0x0, 0x9f, 0xff, 0xff, 0xf9, 0x0,
    0x0, 0x0, 0x0, 0x0, 0x9f, 0xff, 0xff, 0xf9,
    0x0, 0x0, 0x0, 0x0, 0x0, 0x9f, 0xff, 0x0,
    0x6, 0xff, 0xf1, 0x0, 0x5f, 0xff, 0x60, 0x0,
    0x0, 0x6, 0xff, 0xf1, 0x0, 0x5f, 0xff, 0x60,
    0x0, 0x0, 0x6, 0xff, 0xf1, 0x0, 0x5f, 0xff,
    0x60, 0x0, 0x0, 0x2, 0x66, 0x69, 0x99, 0x86,
    0x66, 0x20, 0x0, 0x0, 0x0, 0x0, 0xe, 0xff,
    0xa0, 0x0, 0x0, 0x0, 0x0, 0x0, 0x0, 0xe,
    0xff, 0xa0, 0x0, 0x0, 0x0, 0x0, 0x0, 0x0,
    0xe, 0xff, 0xa0, 0x0, 0x0, 0x0,

    /* U+25CB "○" */
    0x0, 0x3, 0x99, 0x99, 0x99, 0x99, 0x99, 0x30,
    0x0, 0x0, 0x6, 0xff, 0xff, 0xff, 0xff, 0xff,
    0x60, 0x0, 0x0, 0x6, 0xff, 0xff, 0xff, 0xff,
    0xff, 0x60, 0x0, 0x0, 0x6, 0xff, 0xff, 0xff,
    0xff, 0xff, 0x60, 0x0, 0xff, 0xf9, 0x0, 0x0,
    0x0, 0x0, 0x0, 0x9f, 0xff, 0xff, 0xf9, 0x0,
    0x0, 0x0, 0x0, 0x0, 0x9f, 0xff, 0xff, 0xf9,
    0x0, 0x0, 0x0, 0x0, 0x0, 0x9f, 0xff, 0xff,
    0xf9, 0x0, 0x0, 0x0, 0x0, 0x0, 0x9f, 0xff,
    0xff, 0xf9, 0x0, 0x0, 0x0, 0x0, 0x0, 0x9f,
    0xff, 0xff, 0xf9, 0x0, 0x0, 0x0, 0x0, 0x0,
    0x9f, 0xff, 0xff, 0xf9, 0x0, 0x0, 0x0, 0x0,
    0x0, 0x9f, 0xff, 0xff, 0xf9, 0x0, 0x0, 0x0,
    0x0, 0x0, 0x9f, 0xff, 0xff, 0xf9, 0x0, 0x0,
    0x0, 0x0, 0x0, 0x9f, 0xff, 0xff, 0xf9, 0x0,
    0x0, 0x0, 0x0, 0x0, 0x9f, 0xff, 0xff, 0xf9,
    0x0, 0x0, 0x0, 0x0, 0x0, 0x9f, 0xff, 0x0,
    0x6, 0xff, 0xff, 0xff, 0xff, 0xff, 0x60, 0x0,
    0x0, 0x6, 0xff, 0xff, 0xff, 0xff, 0xff, 0x60,
    0x0, 0x0, 0x6, 0xff, 0xff, 0xff, 0xff, 0xff,
    0x60, 0x0, 0x0, 0x3, 0x99, 0x99, 0x99, 0x99,
    0x99, 0x30, 0x0,

    /* U+25CF "●" */
    0x0, 0x5, 0xdd, 0xdd, 0xdd, 0xdd, 0xdd, 0x50,
    0x0, 0x0, 0x6, 0xff, 0xff, 0xff, 0xff, 0xff,
    0x60, 0x0, 0x0, 0x6, 0xff, 0xff, 0xff, 0xff,
    0xff, 0x60, 0x0, 0x33, 0x38, 0xff, 0xff, 0xff,
    0xff, 0xff, 0x83, 0x33, 0xff, 0xff, 0xff, 0xff,
    0xff, 0xff, 0xff, 0xff, 0xff, 0xff, 0xff, 0xff,
    0xff, 0xff, 0xff, 0xff, 0xff, 0xff, 0xff, 0xff,
    0xff, 0xff, 0xff, 0xff, 0xff, 0xff, 0xff, 0xff,
    0xff, 0xff, 0xff, 0xff, 0xff, 0xff, 0xff, 0xff,
    0xff, 0xff, 0xff, 0xff, 0xff, 0xff, 0xff, 0xff,
    0xff, 0xff, 0xff, 0xff, 0xff, 0xff, 0xff, 0xff,
    0xff, 0xff, 0xff, 0xff, 0xff, 0xff, 0xff, 0xff,
    0xff, 0xff, 0xff, 0xff, 0xff, 0xff, 0xff, 0xff,
    0xff, 0xff, 0xff, 0xff, 0xff, 0xff, 0xff, 0xff,
    0xff, 0xff, 0xff, 0xff, 0xff, 0xff, 0xff, 0xff,
    0xff, 0xff, 0xff, 0xff, 0xff, 0xff, 0x99, 0x9c,
    0xff, 0xff, 0xff, 0xff, 0xff, 0xc9, 0x99, 0x0,
    0x6, 0xff, 0xff, 0xff, 0xff, 0xff, 0x60, 0x0,
    0x0, 0x6, 0xff, 0xff, 0xff, 0xff, 0xff, 0x60,
    0x0, 0x0, 0x6, 0xff, 0xff, 0xff, 0xff, 0xff,
    0x60, 0x0, 0x0, 0x1, 0x33, 0x33, 0x33, 0x33,
    0x33, 0x10, 0x0,

    /* U+25D8 "◘" */
    0x8f, 0xff, 0xff, 0xff, 0xff, 0xf1, 0x8f, 0xff,
    0xff, 0xff, 0xff, 0xf1, 0x8f, 0xff, 0xff, 0xff,
    0xff, 0xf1, 0x8f, 0xff, 0xa9, 0x9c, 0xff, 0xf1,
    0x8f, 0xff, 0x10, 0x8, 0xff, 0xf1, 0x8f, 0xff,
    0x10, 0x8, 0xff, 0xf1, 0x8f, 0xff, 0x10, 0x8,
    0xff, 0xf1, 0x8f, 0xff, 0xaa, 0xad, 0xff, 0xf1,
    0x8f, 0xff, 0xff, 0xff, 0xff, 0xf1, 0x8f, 0xff,
    0xff, 0xff, 0xff, 0xf1, 0x8f, 0xff, 0xff, 0xff,
    0xff, 0xf1,

    /* U+25D9 "◙" */
    0x99, 0x99, 0x99, 0x99, 0x99, 0x99, 0x99, 0x99,
    0x99, 0xff, 0xff, 0xff, 0xff, 0xff, 0xff, 0xff,
    0xff, 0xff, 0xff, 0xff, 0xff, 0xff, 0xff, 0xff,
    0xff, 0xff, 0xff, 0xff, 0xff, 0xff, 0xff, 0xff,
    0xff, 0xff, 0xff, 0xff, 0xff, 0xff, 0xff, 0xf3,
    0x0, 0x3f, 0xff, 0xff, 0xff, 0xff, 0xff, 0xff,
    0xf3, 0x0, 0x3f, 0xff, 0xff, 0xff, 0xff, 0xff,
    0xff, 0xf3, 0x0, 0x3f, 0xff, 0xff, 0xff, 0xff,
    0xfd, 0x99, 0x9a, 0x99, 0x79, 0x99, 0xdf, 0xff,
    0xff, 0xf9, 0x0, 0xe, 0xff, 0xa0, 0x0, 0x9f,
    0xff, 0xff, 0xf9, 0x0, 0xe, 0xff, 0xa0, 0x0,
    0x9f, 0xff, 0xff, 0xf9, 0x0, 0xe, 0xff, 0xa0,
    0x0, 0x9f, 0xff, 0xff, 0xfd, 0xaa, 0xa2, 0x0,
    0x2a, 0xaa, 0xdf, 0xff, 0xff, 0xff, 0xff, 0xf3,
    0x0, 0x3f, 0xff, 0xff, 0xff, 0xff, 0xff, 0xff,
    0xf3, 0x0, 0x3f, 0xff, 0xff, 0xff, 0xff, 0xff,
    0xff, 0xf3, 0x0, 0x3f, 0xff, 0xff, 0xff, 0xff,
    0xff, 0xff, 0xff, 0xff, 0xff, 0xff, 0xff, 0xff,
    0xff, 0xff, 0xff, 0xff, 0xff, 0xff, 0xff, 0xff,
    0xff, 0xff, 0xff, 0xff, 0xff, 0xff, 0xff, 0xff,
    0xff, 0xff, 0x99, 0x99, 0x99, 0x99, 0x99, 0x99,
    0x99, 0x99, 0x99,

    /* U+25E6 "◦" */

    /* U+294C "⥌" */
    0x0, 0x0, 0x0, 0x2, 0x33, 0x20, 0x0, 0x0,
    0x0, 0x0, 0x0, 0x0, 0xe, 0xff, 0xa0, 0x0,
    0x0, 0x0, 0x0, 0x0, 0x0, 0xe, 0xff, 0xa0,
    0x0, 0x0, 0x0, 0x0, 0x0, 0x0, 0xe, 0xff,
    0xa0, 0x0, 0x0, 0x0, 0x0, 0x0, 0x0, 0xe,
    0xff, 0xd9, 0x99, 0x20, 0x0, 0x0, 0x0, 0x0,
    0xe, 0xff, 0xff, 0xff, 0x40, 0x0, 0x0, 0x0,
    0x0, 0xe, 0xff, 0xff, 0xff, 0x40, 0x0, 0x0,
    0x0, 0x0, 0xe, 0xff, 0xff, 0xff, 0x40, 0x0,
    0x0, 0x0, 0x0, 0xe, 0xff, 0xa0, 0x0, 0x9f,
    0xff, 0x0, 0x0, 0x0, 0xe, 0xff, 0xa0, 0x0,
    0x9f, 0xff, 0x0, 0x0, 0x0, 0xe, 0xff, 0xa0,
    0x0, 0x9f, 0xff, 0x0, 0x0, 0x0, 0xe, 0xff,
    0xa0, 0x0, 0x59, 0x99, 0x0, 0x0, 0x0, 0xe,
    0xff, 0xa0, 0x0, 0x0, 0x0, 0x0, 0x0, 0x0,
    0xe, 0xff, 0xa0, 0x0, 0x0, 0x0, 0x0, 0x0,
    0x0, 0xe, 0xff, 0xa0, 0x0, 0x0, 0x0, 0xcc,
    0xc7, 0x0, 0xe, 0xff, 0xa0, 0x0, 0x0, 0x0,
    0xff, 0xf9, 0x0, 0xe, 0xff, 0xa0, 0x0, 0x0,
    0x0, 0xff, 0xf9, 0x0, 0xe, 0xff, 0xa0, 0x0,
    0x0, 0x0, 0xcc, 0xc9, 0x33, 0x3f, 0xff, 0xa0,
    0x0, 0x0, 0x0, 0x0, 0x8, 0xff, 0xff, 0xff,
    0xa0, 0x0, 0x0, 0x0, 0x0, 0x8, 0xff, 0xff,
    0xff, 0xa0, 0x0, 0x0, 0x0, 0x0, 0x8, 0xff,
    0xff, 0xff, 0xa0, 0x0, 0x0, 0x0, 0x0, 0x3,
    0x66, 0x6f, 0xff, 0xa0, 0x0, 0x0, 0x0, 0x0,
    0x0, 0x0, 0xe, 0xff, 0xa0, 0x0, 0x0, 0x0,
    0x0, 0x0, 0x0, 0xe, 0xff, 0xa0, 0x0, 0x0,
    0x0, 0x0, 0x0, 0x0, 0xe, 0xff, 0xa0, 0x0,
    0x0, 0x0,

    /* U+2AA4 "⪤" */
    0x0, 0x3, 0x99, 0x92, 0x0, 0x9, 0x99, 0x50,
    0x0, 0x0, 0x0, 0x6f, 0xff, 0x40, 0x1, 0xff,
    0xf8, 0x0, 0x0, 0x0, 0x6, 0xff, 0xf4, 0x0,
    0x1f, 0xff, 0x80, 0x0, 0x0, 0x0, 0x6f, 0xff,
    0x40, 0x1, 0xff, 0xf8, 0x0, 0x0, 0x0, 0x6,
    0xff, 0xff, 0xff, 0xff, 0xff, 0x80, 0x0, 0x0,
    0x0, 0x6f, 0xff, 0xff, 0xff, 0xff, 0xf8, 0x0,
    0x0, 0x0, 0x6, 0xff, 0xff, 0xff, 0xff, 0xff,
    0x80, 0x0, 0x6, 0x66, 0x79, 0x99, 0x99, 0x99,
    0x99, 0x98, 0x66, 0x60, 0xff, 0xf9, 0x0, 0x0,
    0x0, 0x0, 0x0, 0x7f, 0xff, 0x2f, 0xff, 0x90,
    0x0, 0x0, 0x0, 0x0, 0x7, 0xff, 0xf2, 0xff,
    0xf9, 0x0, 0x0, 0x0, 0x0, 0x0, 0x7f, 0xff,
    0x25, 0x55, 0x7a, 0xaa, 0xaa, 0xaa, 0xaa, 0xa8,
    0x55, 0x50, 0x0, 0x6, 0xff, 0xff, 0xff, 0xff,
    0xff, 0x80, 0x0, 0x0, 0x0, 0x6f, 0xff, 0xff,
    0xff, 0xff, 0xf8, 0x0, 0x0, 0x0, 0x6, 0xff,
    0xff, 0xff, 0xff, 0xff, 0x80, 0x0, 0x0, 0x0,
    0x6f, 0xff, 0x40, 0x1, 0xff, 0xf8, 0x0, 0x0,
    0x0, 0x6, 0xff, 0xf4, 0x0, 0x1f, 0xff, 0x80,
    0x0, 0x0, 0x0, 0x6f, 0xff, 0x40, 0x1, 0xff,
    0xf8, 0x0, 0x0, 0x0, 0x3, 0x99, 0x92, 0x0,
    0x9, 0x99, 0x40, 0x0, 0x0
};


/*---------------------
 *  GLYPH DESCRIPTION
 *--------------------*/

static const lv_font_fmt_txt_glyph_dsc_t glyph_dsc[] = {
    {.bitmap_index = 0, .adv_w = 0, .box_w = 0, .box_h = 0, .ofs_x = 0, .ofs_y = 0} /* id = 0 reserved */,
    {.bitmap_index = 0, .adv_w = 346, .box_w = 4, .box_h = 25, .ofs_x = 7, .ofs_y = 0},
    {.bitmap_index = 50, .adv_w = 346, .box_w = 12, .box_h = 11, .ofs_x = 3, .ofs_y = 14},
    {.bitmap_index = 116, .adv_w = 346, .box_w = 18, .box_h = 25, .ofs_x = 0, .ofs_y = 0},
    {.bitmap_index = 341, .adv_w = 346, .box_w = 18, .box_h = 25, .ofs_x = 0, .ofs_y = 0},
    {.bitmap_index = 566, .adv_w = 346, .box_w = 18, .box_h = 25, .ofs_x = 0, .ofs_y = 0},
    {.bitmap_index = 791, .adv_w = 346, .box_w = 18, .box_h = 25, .ofs_x = 0, .ofs_y = 0},
    {.bitmap_index = 1016, .adv_w = 346, .box_w = 8, .box_h = 11, .ofs_x = 3, .ofs_y = 14},
    {.bitmap_index = 1060, .adv_w = 346, .box_w = 12, .box_h = 25, .ofs_x = 3, .ofs_y = 0},
    {.bitmap_index = 1210, .adv_w = 346, .box_w = 12, .box_h = 25, .ofs_x = 3, .ofs_y = 0},
    {.bitmap_index = 1360, .adv_w = 346, .box_w = 18, .box_h = 22, .ofs_x = 0, .ofs_y = 0},
    {.bitmap_index = 1558, .adv_w = 346, .box_w = 18, .box_h = 18, .ofs_x = 0, .ofs_y = 4},
    {.bitmap_index = 1720, .adv_w = 346, .box_w = 8, .box_h = 11, .ofs_x = 3, .ofs_y = 0},
    {.bitmap_index = 1764, .adv_w = 346, .box_w = 18, .box_h = 4, .ofs_x = 0, .ofs_y = 11},
    {.bitmap_index = 1800, .adv_w = 346, .box_w = 8, .box_h = 8, .ofs_x = 3, .ofs_y = 0},
    {.bitmap_index = 1832, .adv_w = 346, .box_w = 18, .box_h = 19, .ofs_x = 0, .ofs_y = 3},
    {.bitmap_index = 2003, .adv_w = 346, .box_w = 18, .box_h = 25, .ofs_x = 0, .ofs_y = 0},
    {.bitmap_index = 2228, .adv_w = 346, .box_w = 12, .box_h = 25, .ofs_x = 3, .ofs_y = 0},
    {.bitmap_index = 2378, .adv_w = 346, .box_w = 18, .box_h = 25, .ofs_x = 0, .ofs_y = 0},
    {.bitmap_index = 2603, .adv_w = 346, .box_w = 18, .box_h = 25, .ofs_x = 0, .ofs_y = 0},
    {.bitmap_index = 2828, .adv_w = 346, .box_w = 18, .box_h = 25, .ofs_x = 0, .ofs_y = 0},
    {.bitmap_index = 3053, .adv_w = 346, .box_w = 18, .box_h = 25, .ofs_x = 0, .ofs_y = 0},
    {.bitmap_index = 3278, .adv_w = 346, .box_w = 18, .box_h = 25, .ofs_x = 0, .ofs_y = 0},
    {.bitmap_index = 3503, .adv_w = 346, .box_w = 18, .box_h = 25, .ofs_x = 0, .ofs_y = 0},
    {.bitmap_index = 3728, .adv_w = 346, .box_w = 18, .box_h = 25, .ofs_x = 0, .ofs_y = 0},
    {.bitmap_index = 3953, .adv_w = 346, .box_w = 18, .box_h = 25, .ofs_x = 0, .ofs_y = 0},
    {.bitmap_index = 4178, .adv_w = 346, .box_w = 8, .box_h = 18, .ofs_x = 3, .ofs_y = 4},
    {.bitmap_index = 4250, .adv_w = 346, .box_w = 8, .box_h = 22, .ofs_x = 3, .ofs_y = 0},
    {.bitmap_index = 4338, .adv_w = 346, .box_w = 15, .box_h = 25, .ofs_x = 0, .ofs_y = 0},
    {.bitmap_index = 4526, .adv_w = 346, .box_w = 18, .box_h = 11, .ofs_x = 0, .ofs_y = 7},
    {.bitmap_index = 4625, .adv_w = 346, .box_w = 15, .box_h = 25, .ofs_x = 3, .ofs_y = 0},
    {.bitmap_index = 4813, .adv_w = 346, .box_w = 18, .box_h = 25, .ofs_x = 0, .ofs_y = 0},
    {.bitmap_index = 5038, .adv_w = 346, .box_w = 18, .box_h = 25, .ofs_x = 0, .ofs_y = 0},
    {.bitmap_index = 5263, .adv_w = 346, .box_w = 18, .box_h = 25, .ofs_x = 0, .ofs_y = 0},
    {.bitmap_index = 5488, .adv_w = 346, .box_w = 18, .box_h = 25, .ofs_x = 0, .ofs_y = 0},
    {.bitmap_index = 5713, .adv_w = 346, .box_w = 18, .box_h = 25, .ofs_x = 0, .ofs_y = 0},
    {.bitmap_index = 5938, .adv_w = 346, .box_w = 18, .box_h = 25, .ofs_x = 0, .ofs_y = 0},
    {.bitmap_index = 6163, .adv_w = 346, .box_w = 18, .box_h = 25, .ofs_x = 0, .ofs_y = 0},
    {.bitmap_index = 6388, .adv_w = 346, .box_w = 18, .box_h = 25, .ofs_x = 0, .ofs_y = 0},
    {.bitmap_index = 6613, .adv_w = 346, .box_w = 18, .box_h = 25, .ofs_x = 0, .ofs_y = 0},
    {.bitmap_index = 6838, .adv_w = 346, .box_w = 18, .box_h = 25, .ofs_x = 0, .ofs_y = 0},
    {.bitmap_index = 7063, .adv_w = 346, .box_w = 12, .box_h = 25, .ofs_x = 3, .ofs_y = 0},
    {.bitmap_index = 7213, .adv_w = 346, .box_w = 18, .box_h = 25, .ofs_x = 0, .ofs_y = 0},
    {.bitmap_index = 7438, .adv_w = 346, .box_w = 18, .box_h = 25, .ofs_x = 0, .ofs_y = 0},
    {.bitmap_index = 7663, .adv_w = 346, .box_w = 18, .box_h = 25, .ofs_x = 0, .ofs_y = 0},
    {.bitmap_index = 7888, .adv_w = 346, .box_w = 18, .box_h = 25, .ofs_x = 0, .ofs_y = 0},
    {.bitmap_index = 8113, .adv_w = 346, .box_w = 18, .box_h = 25, .ofs_x = 0, .ofs_y = 0},
    {.bitmap_index = 8338, .adv_w = 346, .box_w = 18, .box_h = 25, .ofs_x = 0, .ofs_y = 0},
    {.bitmap_index = 8563, .adv_w = 346, .box_w = 18, .box_h = 25, .ofs_x = 0, .ofs_y = 0},
    {.bitmap_index = 8788, .adv_w = 346, .box_w = 18, .box_h = 25, .ofs_x = 0, .ofs_y = 0},
    {.bitmap_index = 9013, .adv_w = 346, .box_w = 18, .box_h = 25, .ofs_x = 0, .ofs_y = 0},
    {.bitmap_index = 9238, .adv_w = 346, .box_w = 18, .box_h = 25, .ofs_x = 0, .ofs_y = 0},
    {.bitmap_index = 9463, .adv_w = 346, .box_w = 18, .box_h = 25, .ofs_x = 0, .ofs_y = 0},
    {.bitmap_index = 9688, .adv_w = 346, .box_w = 18, .box_h = 25, .ofs_x = 0, .ofs_y = 0},
    {.bitmap_index = 9913, .adv_w = 346, .box_w = 18, .box_h = 25, .ofs_x = 0, .ofs_y = 0},
    {.bitmap_index = 10138, .adv_w = 346, .box_w = 18, .box_h = 25, .ofs_x = 0, .ofs_y = 0},
    {.bitmap_index = 10363, .adv_w = 346, .box_w = 18, .box_h = 25, .ofs_x = 0, .ofs_y = 0},
    {.bitmap_index = 10588, .adv_w = 346, .box_w = 18, .box_h = 25, .ofs_x = 0, .ofs_y = 0},
    {.bitmap_index = 10813, .adv_w = 346, .box_w = 18, .box_h = 25, .ofs_x = 0, .ofs_y = 0},
    {.bitmap_index = 11038, .adv_w = 346, .box_w = 12, .box_h = 25, .ofs_x = 3, .ofs_y = 0},
    {.bitmap_index = 11188, .adv_w = 346, .box_w = 18, .box_h = 19, .ofs_x = 0, .ofs_y = 3},
    {.bitmap_index = 11359, .adv_w = 346, .box_w = 12, .box_h = 25, .ofs_x = 3, .ofs_y = 0},
    {.bitmap_index = 11509, .adv_w = 58, .box_w = 0, .box_h = 0, .ofs_x = 0, .ofs_y = 0},
    {.bitmap_index = 11509, .adv_w = 346, .box_w = 18, .box_h = 4, .ofs_x = 0, .ofs_y = 0},
    {.bitmap_index = 11545, .adv_w = 346, .box_w = 12, .box_h = 11, .ofs_x = 3, .ofs_y = 14},
    {.bitmap_index = 11611, .adv_w = 346, .box_w = 11, .box_h = 18, .ofs_x = 0, .ofs_y = 0},
    {.bitmap_index = 11710, .adv_w = 346, .box_w = 11, .box_h = 18, .ofs_x = 0, .ofs_y = 0},
    {.bitmap_index = 11809, .adv_w = 346, .box_w = 11, .box_h = 18, .ofs_x = 0, .ofs_y = 0},
    {.bitmap_index = 11908, .adv_w = 346, .box_w = 11, .box_h = 18, .ofs_x = 0, .ofs_y = 0},
    {.bitmap_index = 12007, .adv_w = 346, .box_w = 11, .box_h = 18, .ofs_x = 0, .ofs_y = 0},
    {.bitmap_index = 12106, .adv_w = 346, .box_w = 11, .box_h = 18, .ofs_x = 0, .ofs_y = 0},
    {.bitmap_index = 12205, .adv_w = 346, .box_w = 11, .box_h = 18, .ofs_x = 0, .ofs_y = 0},
    {.bitmap_index = 12304, .adv_w = 346, .box_w = 11, .box_h = 18, .ofs_x = 0, .ofs_y = 0},
    {.bitmap_index = 12403, .adv_w = 346, .box_w = 11, .box_h = 18, .ofs_x = 0, .ofs_y = 0},
    {.bitmap_index = 12502, .adv_w = 346, .box_w = 11, .box_h = 18, .ofs_x = 0, .ofs_y = 0},
    {.bitmap_index = 12601, .adv_w = 346, .box_w = 11, .box_h = 18, .ofs_x = 0, .ofs_y = 0},
    {.bitmap_index = 12700, .adv_w = 346, .box_w = 11, .box_h = 18, .ofs_x = 0, .ofs_y = 0},
    {.bitmap_index = 12799, .adv_w = 346, .box_w = 18, .box_h = 18, .ofs_x = 0, .ofs_y = 0},
    {.bitmap_index = 12961, .adv_w = 346, .box_w = 15, .box_h = 18, .ofs_x = 0, .ofs_y = 0},
    {.bitmap_index = 13096, .adv_w = 346, .box_w = 11, .box_h = 18, .ofs_x = 0, .ofs_y = 0},
    {.bitmap_index = 13195, .adv_w = 346, .box_w = 11, .box_h = 18, .ofs_x = 0, .ofs_y = 0},
    {.bitmap_index = 13294, .adv_w = 346, .box_w = 11, .box_h = 18, .ofs_x = 0, .ofs_y = 0},
    {.bitmap_index = 13393, .adv_w = 346, .box_w = 11, .box_h = 18, .ofs_x = 0, .ofs_y = 0},
    {.bitmap_index = 13492, .adv_w = 346, .box_w = 11, .box_h = 18, .ofs_x = 0, .ofs_y = 0},
    {.bitmap_index = 13591, .adv_w = 346, .box_w = 11, .box_h = 18, .ofs_x = 0, .ofs_y = 0},
    {.bitmap_index = 13690, .adv_w = 346, .box_w = 11, .box_h = 18, .ofs_x = 0, .ofs_y = 0},
    {.bitmap_index = 13789, .adv_w = 346, .box_w = 11, .box_h = 18, .ofs_x = 0, .ofs_y = 0},
    {.bitmap_index = 13888, .adv_w = 346, .box_w = 18, .box_h = 18, .ofs_x = 0, .ofs_y = 0},
    {.bitmap_index = 14050, .adv_w = 346, .box_w = 11, .box_h = 18, .ofs_x = 0, .ofs_y = 0},
    {.bitmap_index = 14149, .adv_w = 346, .box_w = 11, .box_h = 18, .ofs_x = 0, .ofs_y = 0},
    {.bitmap_index = 14248, .adv_w = 346, .box_w = 11, .box_h = 18, .ofs_x = 0, .ofs_y = 0},
    {.bitmap_index = 14347, .adv_w = 346, .box_w = 11, .box_h = 25, .ofs_x = 0, .ofs_y = 0},
    {.bitmap_index = 14485, .adv_w = 346, .box_w = 4, .box_h = 25, .ofs_x = 7, .ofs_y = 0},
    {.bitmap_index = 14535, .adv_w = 346, .box_w = 11, .box_h = 25, .ofs_x = 7, .ofs_y = 0},
    {.bitmap_index = 14673, .adv_w = 346, .box_w = 18, .box_h = 11, .ofs_x = 0, .ofs_y = 7},
    {.bitmap_index = 14772, .adv_w = 346, .box_w = 18, .box_h = 8, .ofs_x = 0, .ofs_y = 14},
    {.bitmap_index = 14844, .adv_w = 346, .box_w = 11, .box_h = 11, .ofs_x = 0, .ofs_y = 14},
    {.bitmap_index = 14905, .adv_w = 346, .box_w = 18, .box_h = 25, .ofs_x = 0, .ofs_y = 0},
    {.bitmap_index = 15130, .adv_w = 346, .box_w = 12, .box_h = 18, .ofs_x = 3, .ofs_y = 7},
    {.bitmap_index = 15238, .adv_w = 346, .box_w = 12, .box_h = 18, .ofs_x = 3, .ofs_y = 7},
    {.bitmap_index = 15346, .adv_w = 346, .box_w = 12, .box_h = 11, .ofs_x = 3, .ofs_y = 14},
    {.bitmap_index = 15412, .adv_w = 346, .box_w = 4, .box_h = 4, .ofs_x = 7, .ofs_y = 11},
    {.bitmap_index = 15420, .adv_w = 346, .box_w = 12, .box_h = 18, .ofs_x = 3, .ofs_y = 7},
    {.bitmap_index = 15528, .adv_w = 346, .box_w = 18, .box_h = 25, .ofs_x = 0, .ofs_y = 0},
    {.bitmap_index = 15753, .adv_w = 346, .box_w = 18, .box_h = 22, .ofs_x = 0, .ofs_y = 3},
    {.bitmap_index = 15951, .adv_w = 346, .box_w = 18, .box_h = 25, .ofs_x = 0, .ofs_y = 0},
    {.bitmap_index = 16176, .adv_w = 346, .box_w = 18, .box_h = 25, .ofs_x = 0, .ofs_y = 0},
    {.bitmap_index = 16401, .adv_w = 346, .box_w = 18, .box_h = 25, .ofs_x = 0, .ofs_y = 0},
    {.bitmap_index = 16626, .adv_w = 346, .box_w = 18, .box_h = 25, .ofs_x = 0, .ofs_y = 0},
    {.bitmap_index = 16851, .adv_w = 346, .box_w = 18, .box_h = 25, .ofs_x = 0, .ofs_y = 0},
    {.bitmap_index = 17076, .adv_w = 346, .box_w = 18, .box_h = 25, .ofs_x = 0, .ofs_y = 0},
    {.bitmap_index = 17301, .adv_w = 346, .box_w = 18, .box_h = 25, .ofs_x = 0, .ofs_y = 0},
    {.bitmap_index = 17526, .adv_w = 346, .box_w = 18, .box_h = 25, .ofs_x = 0, .ofs_y = 0},
    {.bitmap_index = 17751, .adv_w = 346, .box_w = 18, .box_h = 25, .ofs_x = 0, .ofs_y = 0},
    {.bitmap_index = 17976, .adv_w = 346, .box_w = 18, .box_h = 25, .ofs_x = 0, .ofs_y = 0},
    {.bitmap_index = 18201, .adv_w = 346, .box_w = 18, .box_h = 25, .ofs_x = 0, .ofs_y = 0},
    {.bitmap_index = 18426, .adv_w = 346, .box_w = 18, .box_h = 25, .ofs_x = 0, .ofs_y = 0},
    {.bitmap_index = 18651, .adv_w = 346, .box_w = 18, .box_h = 25, .ofs_x = 0, .ofs_y = 0},
    {.bitmap_index = 18876, .adv_w = 346, .box_w = 12, .box_h = 25, .ofs_x = 3, .ofs_y = 0},
    {.bitmap_index = 19026, .adv_w = 346, .box_w = 12, .box_h = 25, .ofs_x = 3, .ofs_y = 0},
    {.bitmap_index = 19176, .adv_w = 346, .box_w = 12, .box_h = 25, .ofs_x = 3, .ofs_y = 0},
    {.bitmap_index = 19326, .adv_w = 346, .box_w = 12, .box_h = 25, .ofs_x = 3, .ofs_y = 0},
    {.bitmap_index = 19476, .adv_w = 346, .box_w = 18, .box_h = 25, .ofs_x = 0, .ofs_y = 0},
    {.bitmap_index = 19701, .adv_w = 346, .box_w = 18, .box_h = 25, .ofs_x = 0, .ofs_y = 0},
    {.bitmap_index = 19926, .adv_w = 346, .box_w = 18, .box_h = 25, .ofs_x = 0, .ofs_y = 0},
    {.bitmap_index = 20151, .adv_w = 346, .box_w = 18, .box_h = 25, .ofs_x = 0, .ofs_y = 0},
    {.bitmap_index = 20376, .adv_w = 346, .box_w = 18, .box_h = 25, .ofs_x = 0, .ofs_y = 0},
    {.bitmap_index = 20601, .adv_w = 346, .box_w = 18, .box_h = 25, .ofs_x = 0, .ofs_y = 0},
    {.bitmap_index = 20826, .adv_w = 346, .box_w = 18, .box_h = 25, .ofs_x = 0, .ofs_y = 0},
    {.bitmap_index = 21051, .adv_w = 346, .box_w = 18, .box_h = 19, .ofs_x = 0, .ofs_y = 3},
    {.bitmap_index = 21222, .adv_w = 346, .box_w = 18, .box_h = 25, .ofs_x = 0, .ofs_y = 0},
    {.bitmap_index = 21447, .adv_w = 346, .box_w = 18, .box_h = 25, .ofs_x = 0, .ofs_y = 0},
    {.bitmap_index = 21672, .adv_w = 346, .box_w = 18, .box_h = 25, .ofs_x = 0, .ofs_y = 0},
    {.bitmap_index = 21897, .adv_w = 346, .box_w = 18, .box_h = 25, .ofs_x = 0, .ofs_y = 0},
    {.bitmap_index = 22122, .adv_w = 346, .box_w = 18, .box_h = 25, .ofs_x = 0, .ofs_y = 0},
    {.bitmap_index = 22347, .adv_w = 346, .box_w = 18, .box_h = 25, .ofs_x = 0, .ofs_y = 0},
    {.bitmap_index = 22572, .adv_w = 346, .box_w = 18, .box_h = 25, .ofs_x = 0, .ofs_y = 0},
    {.bitmap_index = 22797, .adv_w = 346, .box_w = 18, .box_h = 25, .ofs_x = 0, .ofs_y = 0},
    {.bitmap_index = 23022, .adv_w = 346, .box_w = 18, .box_h = 25, .ofs_x = 0, .ofs_y = 0},
    {.bitmap_index = 23247, .adv_w = 346, .box_w = 18, .box_h = 25, .ofs_x = 0, .ofs_y = 0},
    {.bitmap_index = 23472, .adv_w = 346, .box_w = 18, .box_h = 25, .ofs_x = 0, .ofs_y = 0},
    {.bitmap_index = 23697, .adv_w = 346, .box_w = 18, .box_h = 25, .ofs_x = 0, .ofs_y = 0},
    {.bitmap_index = 23922, .adv_w = 346, .box_w = 18, .box_h = 25, .ofs_x = 0, .ofs_y = 0},
    {.bitmap_index = 24147, .adv_w = 346, .box_w = 18, .box_h = 25, .ofs_x = 0, .ofs_y = 0},
    {.bitmap_index = 24372, .adv_w = 346, .box_w = 18, .box_h = 18, .ofs_x = 0, .ofs_y = 0},
    {.bitmap_index = 24534, .adv_w = 288, .box_w = 15, .box_h = 22, .ofs_x = 0, .ofs_y = 0},
    {.bitmap_index = 24699, .adv_w = 346, .box_w = 18, .box_h = 25, .ofs_x = 0, .ofs_y = 0},
    {.bitmap_index = 24924, .adv_w = 346, .box_w = 18, .box_h = 25, .ofs_x = 0, .ofs_y = 0},
    {.bitmap_index = 25149, .adv_w = 346, .box_w = 18, .box_h = 25, .ofs_x = 0, .ofs_y = 0},
    {.bitmap_index = 25374, .adv_w = 346, .box_w = 18, .box_h = 25, .ofs_x = 0, .ofs_y = 0},
    {.bitmap_index = 25599, .adv_w = 346, .box_w = 12, .box_h = 25, .ofs_x = 3, .ofs_y = 0},
    {.bitmap_index = 25749, .adv_w = 346, .box_w = 12, .box_h = 25, .ofs_x = 3, .ofs_y = 0},
    {.bitmap_index = 25899, .adv_w = 346, .box_w = 12, .box_h = 25, .ofs_x = 3, .ofs_y = 0},
    {.bitmap_index = 26049, .adv_w = 346, .box_w = 12, .box_h = 22, .ofs_x = 3, .ofs_y = 0},
    {.bitmap_index = 26181, .adv_w = 346, .box_w = 18, .box_h = 25, .ofs_x = 0, .ofs_y = 0},
    {.bitmap_index = 26406, .adv_w = 346, .box_w = 18, .box_h = 25, .ofs_x = 0, .ofs_y = 0},
    {.bitmap_index = 26631, .adv_w = 346, .box_w = 18, .box_h = 25, .ofs_x = 0, .ofs_y = 0},
    {.bitmap_index = 26856, .adv_w = 346, .box_w = 18, .box_h = 25, .ofs_x = 0, .ofs_y = 0},
    {.bitmap_index = 27081, .adv_w = 346, .box_w = 18, .box_h = 25, .ofs_x = 0, .ofs_y = 0},
    {.bitmap_index = 27306, .adv_w = 346, .box_w = 18, .box_h = 25, .ofs_x = 0, .ofs_y = 0},
    {.bitmap_index = 27531, .adv_w = 346, .box_w = 18, .box_h = 22, .ofs_x = 0, .ofs_y = 0},
    {.bitmap_index = 27729, .adv_w = 346, .box_w = 18, .box_h = 18, .ofs_x = 0, .ofs_y = 4},
    {.bitmap_index = 27891, .adv_w = 346, .box_w = 18, .box_h = 18, .ofs_x = 0, .ofs_y = 0},
    {.bitmap_index = 28053, .adv_w = 346, .box_w = 18, .box_h = 25, .ofs_x = 0, .ofs_y = 0},
    {.bitmap_index = 28278, .adv_w = 346, .box_w = 18, .box_h = 25, .ofs_x = 0, .ofs_y = 0},
    {.bitmap_index = 28503, .adv_w = 346, .box_w = 18, .box_h = 25, .ofs_x = 0, .ofs_y = 0},
    {.bitmap_index = 28728, .adv_w = 346, .box_w = 18, .box_h = 22, .ofs_x = 0, .ofs_y = 0},
    {.bitmap_index = 28926, .adv_w = 346, .box_w = 18, .box_h = 25, .ofs_x = 0, .ofs_y = 0},
    {.bitmap_index = 29151, .adv_w = 346, .box_w = 18, .box_h = 22, .ofs_x = 0, .ofs_y = 0},
    {.bitmap_index = 29349, .adv_w = 346, .box_w = 18, .box_h = 25, .ofs_x = 0, .ofs_y = 0},
    {.bitmap_index = 29574, .adv_w = 346, .box_w = 18, .box_h = 25, .ofs_x = 0, .ofs_y = 0},
    {.bitmap_index = 29799, .adv_w = 346, .box_w = 18, .box_h = 25, .ofs_x = 0, .ofs_y = 0},
    {.bitmap_index = 30024, .adv_w = 346, .box_w = 18, .box_h = 25, .ofs_x = 0, .ofs_y = 0},
    {.bitmap_index = 30249, .adv_w = 346, .box_w = 18, .box_h = 22, .ofs_x = 0, .ofs_y = 0},
    {.bitmap_index = 30447, .adv_w = 346, .box_w = 18, .box_h = 25, .ofs_x = 0, .ofs_y = 0},
    {.bitmap_index = 30672, .adv_w = 346, .box_w = 18, .box_h = 25, .ofs_x = 0, .ofs_y = 0},
    {.bitmap_index = 30897, .adv_w = 346, .box_w = 18, .box_h = 25, .ofs_x = 0, .ofs_y = 0},
    {.bitmap_index = 31122, .adv_w = 346, .box_w = 18, .box_h = 25, .ofs_x = 0, .ofs_y = 0},
    {.bitmap_index = 31347, .adv_w = 346, .box_w = 12, .box_h = 25, .ofs_x = 3, .ofs_y = 0},
    {.bitmap_index = 31497, .adv_w = 346, .box_w = 18, .box_h = 25, .ofs_x = 0, .ofs_y = 0},
    {.bitmap_index = 31722, .adv_w = 346, .box_w = 18, .box_h = 25, .ofs_x = 0, .ofs_y = 0},
    {.bitmap_index = 31947, .adv_w = 346, .box_w = 18, .box_h = 25, .ofs_x = 0, .ofs_y = 0},
    {.bitmap_index = 32172, .adv_w = 346, .box_w = 18, .box_h = 25, .ofs_x = 0, .ofs_y = 0},
    {.bitmap_index = 32397, .adv_w = 346, .box_w = 18, .box_h = 25, .ofs_x = 0, .ofs_y = 0},
    {.bitmap_index = 32622, .adv_w = 346, .box_w = 18, .box_h = 25, .ofs_x = 0, .ofs_y = 0},
    {.bitmap_index = 32847, .adv_w = 346, .box_w = 18, .box_h = 25, .ofs_x = 0, .ofs_y = 0},
    {.bitmap_index = 33072, .adv_w = 346, .box_w = 18, .box_h = 25, .ofs_x = 0, .ofs_y = 0},
    {.bitmap_index = 33297, .adv_w = 346, .box_w = 18, .box_h = 25, .ofs_x = 0, .ofs_y = 0},
    {.bitmap_index = 33522, .adv_w = 346, .box_w = 18, .box_h = 25, .ofs_x = 0, .ofs_y = 0},
    {.bitmap_index = 33747, .adv_w = 346, .box_w = 18, .box_h = 25, .ofs_x = 0, .ofs_y = 0},
    {.bitmap_index = 33972, .adv_w = 346, .box_w = 18, .box_h = 25, .ofs_x = 0, .ofs_y = 0},
    {.bitmap_index = 34197, .adv_w = 346, .box_w = 18, .box_h = 25, .ofs_x = 0, .ofs_y = 0},
    {.bitmap_index = 34422, .adv_w = 346, .box_w = 18, .box_h = 25, .ofs_x = 0, .ofs_y = 0},
    {.bitmap_index = 34647, .adv_w = 346, .box_w = 18, .box_h = 25, .ofs_x = 0, .ofs_y = 0},
    {.bitmap_index = 34872, .adv_w = 346, .box_w = 18, .box_h = 18, .ofs_x = 0, .ofs_y = 0},
    {.bitmap_index = 35034, .adv_w = 346, .box_w = 18, .box_h = 22, .ofs_x = 0, .ofs_y = 0},
    {.bitmap_index = 35232, .adv_w = 346, .box_w = 18, .box_h = 18, .ofs_x = 0, .ofs_y = 0},
    {.bitmap_index = 35394, .adv_w = 346, .box_w = 15, .box_h = 22, .ofs_x = 0, .ofs_y = 0},
    {.bitmap_index = 35559, .adv_w = 346, .box_w = 15, .box_h = 18, .ofs_x = 0, .ofs_y = 0},
    {.bitmap_index = 35694, .adv_w = 346, .box_w = 18, .box_h = 22, .ofs_x = 0, .ofs_y = 0},
    {.bitmap_index = 35892, .adv_w = 346, .box_w = 18, .box_h = 22, .ofs_x = 0, .ofs_y = 0},
    {.bitmap_index = 36090, .adv_w = 346, .box_w = 15, .box_h = 22, .ofs_x = 0, .ofs_y = 0},
    {.bitmap_index = 36255, .adv_w = 346, .box_w = 15, .box_h = 18, .ofs_x = 3, .ofs_y = 0},
    {.bitmap_index = 36390, .adv_w = 346, .box_w = 15, .box_h = 18, .ofs_x = 3, .ofs_y = 0},
    {.bitmap_index = 36525, .adv_w = 346, .box_w = 18, .box_h = 22, .ofs_x = 0, .ofs_y = 0},
    {.bitmap_index = 36723, .adv_w = 346, .box_w = 18, .box_h = 18, .ofs_x = 0, .ofs_y = 0},
    {.bitmap_index = 36885, .adv_w = 346, .box_w = 18, .box_h = 18, .ofs_x = 0, .ofs_y = 0},
    {.bitmap_index = 37047, .adv_w = 346, .box_w = 18, .box_h = 25, .ofs_x = 0, .ofs_y = 0},
    {.bitmap_index = 37272, .adv_w = 346, .box_w = 18, .box_h = 18, .ofs_x = 0, .ofs_y = 0},
    {.bitmap_index = 37434, .adv_w = 346, .box_w = 18, .box_h = 18, .ofs_x = 0, .ofs_y = 0},
    {.bitmap_index = 37596, .adv_w = 346, .box_w = 18, .box_h = 22, .ofs_x = 0, .ofs_y = 0},
    {.bitmap_index = 37794, .adv_w = 346, .box_w = 18, .box_h = 22, .ofs_x = 0, .ofs_y = 0},
    {.bitmap_index = 37992, .adv_w = 346, .box_w = 18, .box_h = 25, .ofs_x = 0, .ofs_y = 0},
    {.bitmap_index = 38217, .adv_w = 346, .box_w = 18, .box_h = 18, .ofs_x = 0, .ofs_y = 0},
    {.bitmap_index = 38379, .adv_w = 346, .box_w = 18, .box_h = 18, .ofs_x = 0, .ofs_y = 0},
    {.bitmap_index = 38541, .adv_w = 346, .box_w = 18, .box_h = 22, .ofs_x = 0, .ofs_y = 0},
    {.bitmap_index = 38739, .adv_w = 346, .box_w = 18, .box_h = 18, .ofs_x = 0, .ofs_y = 0},
    {.bitmap_index = 38901, .adv_w = 346, .box_w = 18, .box_h = 22, .ofs_x = 0, .ofs_y = 0},
    {.bitmap_index = 39099, .adv_w = 346, .box_w = 18, .box_h = 18, .ofs_x = 0, .ofs_y = 0},
    {.bitmap_index = 39261, .adv_w = 346, .box_w = 8, .box_h = 11, .ofs_x = 3, .ofs_y = 14},
    {.bitmap_index = 39305, .adv_w = 346, .box_w = 8, .box_h = 11, .ofs_x = 3, .ofs_y = 14},
    {.bitmap_index = 39349, .adv_w = 346, .box_w = 18, .box_h = 11, .ofs_x = 0, .ofs_y = 14},
    {.bitmap_index = 39448, .adv_w = 346, .box_w = 18, .box_h = 11, .ofs_x = 0, .ofs_y = 14},
    {.bitmap_index = 39547, .adv_w = 346, .box_w = 8, .box_h = 8, .ofs_x = 0, .ofs_y = 7},
    {.bitmap_index = 39579, .adv_w = 346, .box_w = 12, .box_h = 18, .ofs_x = 3, .ofs_y = 4},
    {.bitmap_index = 39687, .adv_w = 346, .box_w = 18, .box_h = 4, .ofs_x = 0, .ofs_y = 0},
    {.bitmap_index = 39723, .adv_w = 346, .box_w = 18, .box_h = 11, .ofs_x = 0, .ofs_y = 14},
    {.bitmap_index = 39822, .adv_w = 346, .box_w = 15, .box_h = 25, .ofs_x = 0, .ofs_y = 0},
    {.bitmap_index = 40010, .adv_w = 346, .box_w = 15, .box_h = 25, .ofs_x = 3, .ofs_y = 0},
    {.bitmap_index = 40198, .adv_w = 346, .box_w = 18, .box_h = 25, .ofs_x = 0, .ofs_y = 0},
    {.bitmap_index = 40423, .adv_w = 58, .box_w = 0, .box_h = 0, .ofs_x = 0, .ofs_y = 0},
    {.bitmap_index = 40423, .adv_w = 346, .box_w = 12, .box_h = 18, .ofs_x = 3, .ofs_y = 7},
    {.bitmap_index = 40531, .adv_w = 346, .box_w = 12, .box_h = 18, .ofs_x = 3, .ofs_y = 7},
    {.bitmap_index = 40639, .adv_w = 346, .box_w = 12, .box_h = 18, .ofs_x = 3, .ofs_y = 7},
    {.bitmap_index = 40747, .adv_w = 346, .box_w = 12, .box_h = 18, .ofs_x = 3, .ofs_y = 7},
    {.bitmap_index = 40855, .adv_w = 346, .box_w = 12, .box_h = 18, .ofs_x = 3, .ofs_y = 7},
    {.bitmap_index = 40963, .adv_w = 346, .box_w = 12, .box_h = 18, .ofs_x = 3, .ofs_y = 7},
    {.bitmap_index = 41071, .adv_w = 346, .box_w = 12, .box_h = 18, .ofs_x = 3, .ofs_y = 7},
    {.bitmap_index = 41179, .adv_w = 346, .box_w = 18, .box_h = 18, .ofs_x = 0, .ofs_y = 7},
    {.bitmap_index = 41341, .adv_w = 346, .box_w = 18, .box_h = 4, .ofs_x = 0, .ofs_y = 14},
    {.bitmap_index = 41377, .adv_w = 346, .box_w = 12, .box_h = 18, .ofs_x = 3, .ofs_y = 0},
    {.bitmap_index = 41485, .adv_w = 346, .box_w = 12, .box_h = 18, .ofs_x = 3, .ofs_y = 0},
    {.bitmap_index = 41593, .adv_w = 346, .box_w = 12, .box_h = 18, .ofs_x = 3, .ofs_y = 0},
    {.bitmap_index = 41701, .adv_w = 346, .box_w = 12, .box_h = 18, .ofs_x = 3, .ofs_y = 0},
    {.bitmap_index = 41809, .adv_w = 346, .box_w = 12, .box_h = 18, .ofs_x = 3, .ofs_y = 0},
    {.bitmap_index = 41917, .adv_w = 346, .box_w = 12, .box_h = 18, .ofs_x = 3, .ofs_y = 0},
    {.bitmap_index = 42025, .adv_w = 346, .box_w = 12, .box_h = 18, .ofs_x = 3, .ofs_y = 0},
    {.bitmap_index = 42133, .adv_w = 346, .box_w = 12, .box_h = 18, .ofs_x = 3, .ofs_y = 0},
    {.bitmap_index = 42241, .adv_w = 346, .box_w = 12, .box_h = 18, .ofs_x = 3, .ofs_y = 0},
    {.bitmap_index = 42349, .adv_w = 346, .box_w = 12, .box_h = 18, .ofs_x = 3, .ofs_y = 0},
    {.bitmap_index = 42457, .adv_w = 346, .box_w = 18, .box_h = 18, .ofs_x = 0, .ofs_y = 0},
    {.bitmap_index = 42619, .adv_w = 346, .box_w = 18, .box_h = 4, .ofs_x = 0, .ofs_y = 7},
    {.bitmap_index = 42655, .adv_w = 346, .box_w = 18, .box_h = 22, .ofs_x = 0, .ofs_y = 0},
    {.bitmap_index = 42853, .adv_w = 346, .box_w = 15, .box_h = 26, .ofs_x = 0, .ofs_y = 0},
    {.bitmap_index = 43048, .adv_w = 346, .box_w = 18, .box_h = 19, .ofs_x = 0, .ofs_y = 3},
    {.bitmap_index = 43219, .adv_w = 346, .box_w = 18, .box_h = 26, .ofs_x = 0, .ofs_y = 0},
    {.bitmap_index = 43453, .adv_w = 346, .box_w = 18, .box_h = 19, .ofs_x = 0, .ofs_y = 3},
    {.bitmap_index = 43624, .adv_w = 346, .box_w = 18, .box_h = 26, .ofs_x = 0, .ofs_y = 0},
    {.bitmap_index = 43858, .adv_w = 346, .box_w = 18, .box_h = 19, .ofs_x = 0, .ofs_y = 7},
    {.bitmap_index = 44029, .adv_w = 346, .box_w = 18, .box_h = 19, .ofs_x = 0, .ofs_y = 7},
    {.bitmap_index = 44200, .adv_w = 346, .box_w = 18, .box_h = 18, .ofs_x = 0, .ofs_y = 0},
    {.bitmap_index = 44362, .adv_w = 346, .box_w = 18, .box_h = 18, .ofs_x = 0, .ofs_y = 0},
    {.bitmap_index = 44524, .adv_w = 346, .box_w = 18, .box_h = 26, .ofs_x = 0, .ofs_y = 0},
    {.bitmap_index = 44758, .adv_w = 346, .box_w = 19, .box_h = 19, .ofs_x = 0, .ofs_y = 3},
    {.bitmap_index = 44939, .adv_w = 346, .box_w = 18, .box_h = 19, .ofs_x = 0, .ofs_y = 3},
    {.bitmap_index = 45110, .adv_w = 346, .box_w = 18, .box_h = 26, .ofs_x = 0, .ofs_y = 0},
    {.bitmap_index = 45344, .adv_w = 346, .box_w = 18, .box_h = 26, .ofs_x = 0, .ofs_y = 0},
    {.bitmap_index = 45578, .adv_w = 346, .box_w = 18, .box_h = 26, .ofs_x = 0, .ofs_y = 0},
    {.bitmap_index = 45812, .adv_w = 346, .box_w = 18, .box_h = 19, .ofs_x = 0, .ofs_y = 3},
    {.bitmap_index = 45983, .adv_w = 346, .box_w = 18, .box_h = 26, .ofs_x = 0, .ofs_y = 0},
    {.bitmap_index = 46217, .adv_w = 346, .box_w = 18, .box_h = 19, .ofs_x = 0, .ofs_y = 3},
    {.bitmap_index = 46388, .adv_w = 346, .box_w = 18, .box_h = 27, .ofs_x = 0, .ofs_y = -1},
    {.bitmap_index = 46631, .adv_w = 346, .box_w = 18, .box_h = 26, .ofs_x = 0, .ofs_y = 0},
    {.bitmap_index = 46865, .adv_w = 346, .box_w = 18, .box_h = 5, .ofs_x = 0, .ofs_y = 10},
    {.bitmap_index = 46910, .adv_w = 346, .box_w = 18, .box_h = 26, .ofs_x = 0, .ofs_y = 0},
    {.bitmap_index = 47144, .adv_w = 346, .box_w = 18, .box_h = 19, .ofs_x = 0, .ofs_y = 3},
    {.bitmap_index = 47315, .adv_w = 288, .box_w = 12, .box_h = 11, .ofs_x = 3, .ofs_y = 7},
    {.bitmap_index = 47381, .adv_w = 346, .box_w = 18, .box_h = 27, .ofs_x = 0, .ofs_y = -1},
    {.bitmap_index = 47624, .adv_w = 346, .box_w = 18, .box_h = 19, .ofs_x = 0, .ofs_y = 3},
    {.bitmap_index = 47795, .adv_w = 346, .box_w = 18, .box_h = 19, .ofs_x = 0, .ofs_y = 3},
    {.bitmap_index = 47966, .adv_w = 346, .box_w = 18, .box_h = 19, .ofs_x = 0, .ofs_y = 3},
    {.bitmap_index = 48137, .adv_w = 346, .box_w = 18, .box_h = 19, .ofs_x = 0, .ofs_y = 3},
    {.bitmap_index = 48308, .adv_w = 346, .box_w = 18, .box_h = 19, .ofs_x = 0, .ofs_y = 3},
    {.bitmap_index = 48479, .adv_w = 346, .box_w = 12, .box_h = 26, .ofs_x = 3, .ofs_y = 0},
    {.bitmap_index = 48635, .adv_w = 346, .box_w = 19, .box_h = 26, .ofs_x = -1, .ofs_y = 0},
    {.bitmap_index = 48882, .adv_w = 346, .box_w = 18, .box_h = 19, .ofs_x = 0, .ofs_y = 3},
    {.bitmap_index = 49053, .adv_w = 346, .box_w = 18, .box_h = 19, .ofs_x = 0, .ofs_y = 3},
    {.bitmap_index = 49224, .adv_w = 346, .box_w = 18, .box_h = 26, .ofs_x = 0, .ofs_y = 0},
    {.bitmap_index = 49458, .adv_w = 346, .box_w = 18, .box_h = 26, .ofs_x = 0, .ofs_y = 0},
    {.bitmap_index = 49692, .adv_w = 346, .box_w = 18, .box_h = 26, .ofs_x = 0, .ofs_y = 0},
    {.bitmap_index = 49926, .adv_w = 346, .box_w = 18, .box_h = 15, .ofs_x = 0, .ofs_y = 3},
    {.bitmap_index = 50061, .adv_w = 346, .box_w = 18, .box_h = 15, .ofs_x = 0, .ofs_y = 3},
    {.bitmap_index = 50196, .adv_w = 346, .box_w = 8, .box_h = 19, .ofs_x = 3, .ofs_y = 3},
    {.bitmap_index = 50272, .adv_w = 346, .box_w = 18, .box_h = 19, .ofs_x = 0, .ofs_y = 3},
    {.bitmap_index = 50443, .adv_w = 346, .box_w = 18, .box_h = 26, .ofs_x = 0, .ofs_y = 0},
    {.bitmap_index = 50677, .adv_w = 346, .box_w = 18, .box_h = 22, .ofs_x = 0, .ofs_y = 0},
    {.bitmap_index = 50875, .adv_w = 346, .box_w = 18, .box_h = 26, .ofs_x = 0, .ofs_y = 0},
    {.bitmap_index = 51109, .adv_w = 346, .box_w = 18, .box_h = 19, .ofs_x = 0, .ofs_y = 3},
    {.bitmap_index = 51280, .adv_w = 346, .box_w = 18, .box_h = 19, .ofs_x = 0, .ofs_y = 3},
    {.bitmap_index = 51451, .adv_w = 346, .box_w = 18, .box_h = 27, .ofs_x = 0, .ofs_y = -1},
    {.bitmap_index = 51694, .adv_w = 346, .box_w = 18, .box_h = 22, .ofs_x = 0, .ofs_y = 0},
    {.bitmap_index = 51892, .adv_w = 346, .box_w = 18, .box_h = 22, .ofs_x = 0, .ofs_y = 0},
    {.bitmap_index = 52090, .adv_w = 346, .box_w = 18, .box_h = 23, .ofs_x = 0, .ofs_y = 3},
    {.bitmap_index = 52297, .adv_w = 346, .box_w = 18, .box_h = 23, .ofs_x = 0, .ofs_y = 3},
    {.bitmap_index = 52504, .adv_w = 346, .box_w = 18, .box_h = 19, .ofs_x = 0, .ofs_y = 3},
    {.bitmap_index = 52675, .adv_w = 346, .box_w = 18, .box_h = 19, .ofs_x = 0, .ofs_y = 3},
    {.bitmap_index = 52846, .adv_w = 346, .box_w = 18, .box_h = 26, .ofs_x = 0, .ofs_y = 0},
    {.bitmap_index = 53080, .adv_w = 346, .box_w = 18, .box_h = 26, .ofs_x = 0, .ofs_y = 0},
    {.bitmap_index = 53314, .adv_w = 346, .box_w = 18, .box_h = 22, .ofs_x = 0, .ofs_y = 0},
    {.bitmap_index = 53512, .adv_w = 346, .box_w = 18, .box_h = 22, .ofs_x = 0, .ofs_y = 0},
    {.bitmap_index = 53710, .adv_w = 346, .box_w = 18, .box_h = 26, .ofs_x = 0, .ofs_y = 0},
    {.bitmap_index = 53944, .adv_w = 346, .box_w = 18, .box_h = 26, .ofs_x = 0, .ofs_y = 0},
    {.bitmap_index = 54178, .adv_w = 346, .box_w = 18, .box_h = 19, .ofs_x = 0, .ofs_y = 3},
    {.bitmap_index = 54349, .adv_w = 346, .box_w = 18, .box_h = 19, .ofs_x = 0, .ofs_y = 3},
    {.bitmap_index = 54520, .adv_w = 346, .box_w = 18, .box_h = 19, .ofs_x = 0, .ofs_y = 3},
    {.bitmap_index = 54691, .adv_w = 346, .box_w = 18, .box_h = 19, .ofs_x = 0, .ofs_y = 3},
    {.bitmap_index = 54862, .adv_w = 346, .box_w = 18, .box_h = 19, .ofs_x = 0, .ofs_y = 3},
    {.bitmap_index = 55033, .adv_w = 346, .box_w = 18, .box_h = 19, .ofs_x = 0, .ofs_y = 3},
    {.bitmap_index = 55204, .adv_w = 346, .box_w = 18, .box_h = 19, .ofs_x = 0, .ofs_y = 3},
    {.bitmap_index = 55375, .adv_w = 346, .box_w = 15, .box_h = 18, .ofs_x = 0, .ofs_y = 0},
    {.bitmap_index = 55510, .adv_w = 346, .box_w = 18, .box_h = 19, .ofs_x = 0, .ofs_y = 3},
    {.bitmap_index = 55681, .adv_w = 346, .box_w = 18, .box_h = 19, .ofs_x = 0, .ofs_y = 3},
    {.bitmap_index = 55852, .adv_w = 346, .box_w = 18, .box_h = 19, .ofs_x = 0, .ofs_y = 3},
    {.bitmap_index = 56023, .adv_w = 346, .box_w = 18, .box_h = 26, .ofs_x = 0, .ofs_y = 0},
    {.bitmap_index = 56257, .adv_w = 346, .box_w = 15, .box_h = 26, .ofs_x = 0, .ofs_y = 0},
    {.bitmap_index = 56452, .adv_w = 58, .box_w = 0, .box_h = 0, .ofs_x = 0, .ofs_y = 0},
    {.bitmap_index = 56452, .adv_w = 346, .box_w = 18, .box_h = 19, .ofs_x = 0, .ofs_y = 3},
    {.bitmap_index = 56623, .adv_w = 346, .box_w = 18, .box_h = 26, .ofs_x = 0, .ofs_y = 0},
    {.bitmap_index = 56857, .adv_w = 346, .box_w = 18, .box_h = 26, .ofs_x = 0, .ofs_y = 0},
    {.bitmap_index = 57091, .adv_w = 346, .box_w = 18, .box_h = 22, .ofs_x = 0, .ofs_y = 0},
    {.bitmap_index = 57289, .adv_w = 346, .box_w = 18, .box_h = 22, .ofs_x = 0, .ofs_y = 0},
    {.bitmap_index = 57487, .adv_w = 346, .box_w = 18, .box_h = 19, .ofs_x = 0, .ofs_y = 3},
    {.bitmap_index = 57658, .adv_w = 346, .box_w = 18, .box_h = 19, .ofs_x = 0, .ofs_y = 3},
    {.bitmap_index = 57829, .adv_w = 346, .box_w = 12, .box_h = 11, .ofs_x = 3, .ofs_y = 7},
    {.bitmap_index = 57895, .adv_w = 346, .box_w = 18, .box_h = 19, .ofs_x = 0, .ofs_y = 3},
    {.bitmap_index = 58066, .adv_w = 58, .box_w = 0, .box_h = 0, .ofs_x = 0, .ofs_y = 0},
    {.bitmap_index = 58066, .adv_w = 346, .box_w = 18, .box_h = 26, .ofs_x = 0, .ofs_y = 0},
    {.bitmap_index = 58300, .adv_w = 346, .box_w = 19, .box_h = 19, .ofs_x = 0, .ofs_y = 3}
};

/*---------------------
 *  CHARACTER MAPPING
 *--------------------*/

static const uint8_t glyph_id_ofs_list_1[] = {
    0, 0, 0, 0, 1, 2, 3, 4,
    5, 0, 0, 6, 0, 7, 8, 9
};

static const uint16_t unicode_list_6[] = {
    0x0, 0x1, 0x4, 0x5, 0xa, 0xb, 0xe, 0x20,
    0x21, 0x22, 0x23, 0x3d, 0x58, 0x5c, 0x5d, 0x5e,
    0x5f, 0x60, 0x61, 0x62, 0x63, 0x68, 0x69, 0x6a,
    0x6b, 0x6c, 0x6d, 0x6e, 0x6f, 0x70, 0x71, 0x72,
    0x73, 0x117, 0x121, 0x178, 0x179, 0x17a, 0x17b, 0x17e,
    0x17f, 0x180, 0x181, 0x1ba, 0x1bc, 0x1e8, 0x1ea, 0x1eb,
    0x1ed, 0x1f0, 0x1f1, 0x1f3, 0x1f4, 0x1f9, 0x1fa, 0x1fb,
    0x1fd, 0x1ff, 0x202, 0x205, 0x206, 0x207, 0x208, 0x209,
    0x20d, 0x20e, 0x20f, 0x210, 0x213, 0x214, 0x216, 0x21c,
    0x21d, 0x21e, 0x225, 0x22d, 0x230, 0x23a, 0x248, 0x249,
    0x24a, 0x24c, 0x24d, 0x252, 0x253, 0x26a, 0x26b, 0x26c,
    0x26d, 0x26e, 0x26f, 0x270, 0x271, 0x27d, 0x27e, 0x27f,
    0x280, 0x28d, 0x2aa, 0x2ab, 0x2e7, 0x588, 0x589, 0x59a,
    0x59e, 0x59f, 0x5a0, 0x5a4, 0x5a5, 0x5a8, 0x5ae, 0x5af,
    0x5b3, 0x5b7, 0x5c0, 0x5c1, 0x5ce, 0x934, 0xa8c
};

/*Collect the unicode lists and glyph_id offsets*/
static const lv_font_fmt_txt_cmap_t cmaps[] =
{
    {
        .range_start = 33, .range_length = 94, .glyph_id_start = 1,
        .unicode_list = NULL, .glyph_id_ofs_list = NULL, .list_length = 0, .type = LV_FONT_FMT_TXT_CMAP_FORMAT0_TINY
    },
    {
        .range_start = 172, .range_length = 16, .glyph_id_start = 95,
        .unicode_list = NULL, .glyph_id_ofs_list = glyph_id_ofs_list_1, .list_length = 16, .type = LV_FONT_FMT_TXT_CMAP_FORMAT0_FULL
    },
    {
        .range_start = 191, .range_length = 65, .glyph_id_start = 105,
        .unicode_list = NULL, .glyph_id_ofs_list = NULL, .list_length = 0, .type = LV_FONT_FMT_TXT_CMAP_FORMAT0_TINY
    },
    {
        .range_start = 913, .range_length = 17, .glyph_id_start = 170,
        .unicode_list = NULL, .glyph_id_ofs_list = NULL, .list_length = 0, .type = LV_FONT_FMT_TXT_CMAP_FORMAT0_TINY
    },
    {
        .range_start = 931, .range_length = 7, .glyph_id_start = 187,
        .unicode_list = NULL, .glyph_id_ofs_list = NULL, .list_length = 0, .type = LV_FONT_FMT_TXT_CMAP_FORMAT0_TINY
    },
    {
        .range_start = 945, .range_length = 25, .glyph_id_start = 194,
        .unicode_list = NULL, .glyph_id_ofs_list = NULL, .list_length = 0, .type = LV_FONT_FMT_TXT_CMAP_FORMAT0_TINY
    },
    {
        .range_start = 8216, .range_length = 2701, .glyph_id_start = 219,
        .unicode_list = unicode_list_6, .glyph_id_ofs_list = NULL, .list_length = 119, .type = LV_FONT_FMT_TXT_CMAP_SPARSE_TINY
    }
};



/*--------------------
 *  ALL CUSTOM DATA
 *--------------------*/

#if LVGL_VERSION_MAJOR == 8
/*Store all the custom data of the font*/
static  lv_font_fmt_txt_glyph_cache_t cache;
#endif

#if LVGL_VERSION_MAJOR >= 8
static const lv_font_fmt_txt_dsc_t font_dsc = {
#else
static lv_font_fmt_txt_dsc_t font_dsc = {
#endif
    .glyph_bitmap = glyph_bitmap,
    .glyph_dsc = glyph_dsc,
    .cmaps = cmaps,
    .kern_dsc = NULL,
    .kern_scale = 0,
    .cmap_num = 7,
    .bpp = 4,
    .kern_classes = 0,
    .bitmap_format = 0,
#if LVGL_VERSION_MAJOR == 8
    .cache = &cache
#endif
};



/*-----------------
 *  PUBLIC FONT
 *----------------*/

/*Initialize a public general font descriptor*/
#if LVGL_VERSION_MAJOR >= 8
const lv_font_t casio_math_18 = {
#else
lv_font_t casio_math_18 = {
#endif
    .get_glyph_dsc = lv_font_get_glyph_dsc_fmt_txt,    /*Function pointer to get glyph's data*/
    .get_glyph_bitmap = lv_font_get_bitmap_fmt_txt,    /*Function pointer to get glyph's bitmap*/
    .line_height = 27,          /*The maximum line height required by the font*/
    .base_line = 1,             /*Baseline measured from the bottom of the line*/
#if !(LVGL_VERSION_MAJOR == 6 && LVGL_VERSION_MINOR == 0)
    .subpx = LV_FONT_SUBPX_NONE,
#endif
#if LV_VERSION_CHECK(7, 4, 0) || LVGL_VERSION_MAJOR >= 8
    .underline_position = 2,
    .underline_thickness = 1,
#endif
    .dsc = &font_dsc,          /*The custom font data. Will be accessed by `get_glyph_bitmap/dsc` */
#if LV_VERSION_CHECK(8, 2, 0) || LVGL_VERSION_MAJOR >= 9
    .fallback = NULL,
#endif
    .user_data = NULL,
};



#endif /*#if CASIO_MATH_18*/

